final_network_partner,date,item,weight
LivraPlus (France),2019-08-01,7,2.8
LivraPlus (France),2019-08-02,4,0.0
LivraPlus (France),2019-08-05,2,1.0
LivraPlus (France),2019-08-07,1,0.0
LivraPlus (France),2019-09-11,6,3.24
LivraPlus (France),2019-09-13,1,0.0
LivraPlus (France),2019-09-16,1,0.0
LivraPlus (France),2019-09-23,4,0.0
LivraPlus (France),2019-09-25,8,3.98
LivraPlus (France),2019-10-07,6,0.0
LivraPlus (France),2019-10-16,4,0.0
LivraPlus (France),2019-11-07,1,0.0
LivraPlus (France),2019-11-15,1,0.517
LivraPlus (France),2019-11-19,7,5.667
LivraPlus (France),2019-11-20,1,0.5
LivraPlus (France),2019-11-21,13,10.173
LivraPlus (France),2019-11-24,4,0.0
LivraPlus (France),2019-11-25,3,0.0
LivraPlus (France),2019-11-26,3,2.495
LivraPlus (France),2019-11-27,4,0.0
LivraPlus (France),2019-11-28,1,0.0
LivraPlus (France),2019-11-29,1,0.001
LivraPlus (France),2019-12-20,1,1.513
LivraPlus (France),2020-01-02,2,15.86
LivraPlus (France),2020-01-03,3,15.62
LivraPlus (France),2020-01-07,4,26.581
LivraPlus (France),2020-01-08,2,0.03
LivraPlus (France),2020-01-09,1,11.6
LivraPlus (France),2020-01-10,1,0.522
LivraPlus (France),2020-01-12,1,1.64
LivraPlus (France),2020-01-13,19,4.2
LivraPlus (France),2020-01-15,20,75.54
LivraPlus (France),2020-01-19,2,0.002
LivraPlus (France),2020-01-20,2,5.2
LivraPlus (France),2020-01-23,2,0.46
LivraPlus (France),2020-01-24,1,0.72
LivraPlus (France),2020-01-27,1,2.86
LivraPlus (France),2020-01-28,2,11.54
LivraPlus (France),2020-01-30,1,8.0
LivraPlus (France),2020-01-31,1,0.52
LivraPlus (France),2020-02-03,2,1.88
LivraPlus (France),2020-02-04,42,16.767
LivraPlus (France),2020-02-06,4,10.693
LivraPlus (France),2020-02-07,1,0.155
LivraPlus (France),2020-02-10,1,12.24
LivraPlus (France),2020-02-11,1,2.74
LivraPlus (France),2020-02-13,4,15.079999999999998
LivraPlus (France),2020-02-14,2,2.2
LivraPlus (France),2020-02-17,49,62.626
LivraPlus (France),2020-02-18,3,20.0
LivraPlus (France),2020-02-19,3,25.259999999999998
LivraPlus (France),2020-02-24,2,1.42
LivraPlus (France),2020-02-25,1,2.4
LivraPlus (France),2020-02-26,2,5.9
LivraPlus (France),2020-02-27,1,5.89
LivraPlus (France),2020-02-29,1,0.001
LivraPlus (France),2020-03-02,2,14.78
LivraPlus (France),2020-03-03,1,1.0
LivraPlus (France),2020-03-06,1,0.4
LivraPlus (France),2020-03-09,1,19.02
LivraPlus (France),2020-03-11,1,0.8
LivraPlus (France),2020-03-12,2,2.8800000000000003
LivraPlus (France),2020-03-13,1,6.0
LivraPlus (France),2020-03-16,1,2.74
LivraPlus (France),2020-03-17,1,1.0
LivraPlus (France),2020-03-18,2,1.74
LivraPlus (France),2020-03-19,1,1.0
LivraPlus (France),2020-03-20,1,1.0
LivraPlus (France),2020-03-23,4,2.34
LivraPlus (France),2020-03-25,1,13.98
LivraPlus (France),2020-03-26,1,2.76
LivraPlus (France),2020-03-30,4,32.56
LivraPlus (France),2020-03-31,3,4.16
LivraPlus (France),2020-04-01,1,4.36
LivraPlus (France),2020-04-02,1,5.6
LivraPlus (France),2020-04-03,3,4.9
LivraPlus (France),2020-04-07,2,16.5
LivraPlus (France),2020-04-08,4,14.058
LivraPlus (France),2020-04-15,2,2.02
LivraPlus (France),2020-04-16,2,2.449
LivraPlus (France),2020-04-17,1,0.88
LivraPlus (France),2020-04-20,1,2.72
LivraPlus (France),2020-04-21,2,2.48
LivraPlus (France),2020-04-23,1,0.001
LivraPlus (France),2020-04-25,1,10.42
LivraPlus (France),2020-04-28,2,1.46
LivraPlus (France),2020-04-29,2,15.360000000000001
LivraPlus (France),2020-04-30,1,14.94
LivraPlus (France),2020-05-01,1,0.0
LivraPlus (France),2020-05-06,3,16.06
LivraPlus (France),2020-05-07,3,37.56
LivraPlus (France),2020-05-08,5,8.04
LivraPlus (France),2020-05-11,4,18.57
LivraPlus (France),2020-05-12,3,2.94
LivraPlus (France),2020-05-13,5,8.64
LivraPlus (France),2020-05-15,3,20.0
LivraPlus (France),2020-05-18,5,29.14
LivraPlus (France),2020-05-19,4,16.781
LivraPlus (France),2020-05-20,1,0.28
LivraPlus (France),2020-05-22,2,1.92
LivraPlus (France),2020-05-24,1,0.006
LivraPlus (France),2020-05-26,2,4.220000000000001
LivraPlus (France),2020-05-27,1,0.1
LivraPlus (France),2020-05-28,3,16.82
LivraPlus (France),2020-05-29,2,26.301000000000002
LivraPlus (France),2020-06-03,1,0.4
LivraPlus (France),2020-06-04,3,6.52
LivraPlus (France),2020-06-05,2,31.04
LivraPlus (France),2020-06-06,1,1.0
LivraPlus (France),2020-06-08,3,21.36
LivraPlus (France),2020-06-11,3,0.72
LivraPlus (France),2020-06-12,2,1.6800000000000002
LivraPlus (France),2020-06-15,2,22.86
LivraPlus (France),2020-06-16,1,1.71
LivraPlus (France),2020-06-17,3,2.9000000000000004
LivraPlus (France),2020-06-18,1,25.34
LivraPlus (France),2020-06-19,3,16.84
LivraPlus (France),2020-06-22,2,1.32
LivraPlus (France),2020-06-23,1,0.0
LivraPlus (France),2020-06-24,2,19.92
LivraPlus (France),2020-06-25,1,0.22
LivraPlus (France),2020-06-29,2,0.5
LivraPlus (France),2020-06-30,2,0.31
LivraPlus (France),2020-07-01,4,31.46
LivraPlus (France),2020-07-02,2,17.72
LivraPlus (France),2020-07-03,2,29.240000000000002
LivraPlus (France),2020-07-06,7,33.019
LivraPlus (France),2020-07-08,1,1.0
LivraPlus (France),2020-07-09,1,18.68
LivraPlus (France),2020-07-10,2,1.54
LivraPlus (France),2020-07-13,1,19.44
LivraPlus (France),2020-07-14,2,12.22
LivraPlus (France),2020-07-15,1,10.38
LivraPlus (France),2020-07-16,1,3.7
LivraPlus (France),2020-07-17,1,9.0
LivraPlus (France),2020-07-21,2,0.18000000000000002
LivraPlus (France),2020-07-22,157,143.915
LivraPlus (France),2020-07-23,215,215.77
LivraPlus (France),2020-07-24,164,155.542
LivraPlus (France),2020-07-26,1,3.96
LivraPlus (France),2020-07-27,266,220.319
LivraPlus (France),2020-07-28,454,406.528
LivraPlus (France),2020-07-29,753,653.152
LivraPlus (France),2020-07-30,1105,703.354
LivraPlus (France),2020-07-31,366,313.703
LivraPlus (France),2020-08-01,7,5.62
LivraPlus (France),2020-08-03,311,238.401
LivraPlus (France),2020-08-04,182,181.64
LivraPlus (France),2020-08-05,965,556.556
LivraPlus (France),2020-08-06,1326,1035.469
LivraPlus (France),2020-08-07,285,261.97
LivraPlus (France),2020-08-10,252,202.664
LivraPlus (France),2020-08-11,196,181.904
LivraPlus (France),2020-08-12,171,149.488
LivraPlus (France),2020-08-13,157,168.023
LivraPlus (France),2020-08-14,190,157.933
LivraPlus (France),2020-08-17,312,331.556
LivraPlus (France),2020-08-18,341,239.651
LivraPlus (France),2020-08-19,839,623.6320000000001
LivraPlus (France),2020-08-20,863,664.337
LivraPlus (France),2020-08-21,347,319.558
LivraPlus (France),2020-08-24,274,214.894
LivraPlus (France),2020-08-25,197,208.951
LivraPlus (France),2020-08-26,154,167.618
LivraPlus (France),2020-08-27,136,151.121
LivraPlus (France),2020-08-28,419,436.072
LivraPlus (France),2020-08-31,424,414.143
LivraPlus (France),2020-09-01,216,224.359
LivraPlus (France),2020-09-02,824,515.735
LivraPlus (France),2020-09-03,253,192.467
LivraPlus (France),2020-09-04,824,483.73
LivraPlus (France),2020-09-07,1831,1097.959
LivraPlus (France),2020-09-08,345,349.918
LivraPlus (France),2020-09-09,193,226.157
LivraPlus (France),2020-09-10,195,224.971
LivraPlus (France),2020-09-11,344,335.571
LivraPlus (France),2020-09-14,326,270.125
LivraPlus (France),2020-09-15,460,339.976
LivraPlus (France),2020-09-16,573,522.374
LivraPlus (France),2020-09-17,1439,1026.939
LivraPlus (France),2020-09-18,944,723.971
LivraPlus (France),2020-09-21,1288,793.267
LivraPlus (France),2020-09-22,555,487.147
LivraPlus (France),2020-09-23,303,305.153
LivraPlus (France),2020-09-24,257,257.905
LivraPlus (France),2020-09-25,88,128.924
LivraPlus (France),2020-09-27,12,19.075
LivraPlus (France),2020-09-28,172,192.899
LivraPlus (France),2020-09-29,130,145.736
LivraPlus (France),2020-09-30,207,243.958
LivraPlus (France),2020-10-01,133,169.881
LivraPlus (France),2020-10-02,84,106.145
LivraPlus (France),2020-10-04,16,14.152000000000001
LivraPlus (France),2020-10-05,73,90.21000000000001
LivraPlus (France),2020-10-06,150,128.07
LivraPlus (France),2020-10-07,158,157.238
LivraPlus (France),2020-10-08,117,114.42
LivraPlus (France),2020-10-09,77,84.206
LivraPlus (France),2020-10-11,41,20.607
LivraPlus (France),2020-10-12,92,86.334
LivraPlus (France),2020-10-13,176,190.835
LivraPlus (France),2020-10-14,51,40.339
LivraPlus (France),2020-10-15,83,90.27
LivraPlus (France),2020-10-16,107,133.773
LivraPlus (France),2020-10-18,1,0.975
LivraPlus (France),2020-10-19,157,159.818
LivraPlus (France),2020-10-20,228,232.001
LivraPlus (France),2020-10-21,205,221.488
LivraPlus (France),2020-10-22,118,157.11
LivraPlus (France),2020-10-23,144,210.031
LivraPlus (France),2020-10-25,15,4.209
LivraPlus (France),2020-10-26,120,133.698
LivraPlus (France),2020-10-27,218,249.547
LivraPlus (France),2020-10-28,241,258.146
LivraPlus (France),2020-10-29,139,154.796
LivraPlus (France),2020-10-30,130,152.25
LivraPlus (France),2020-11-01,4,0.08
LivraPlus (France),2020-11-02,127,88.905
LivraPlus (France),2020-11-03,293,212.798
LivraPlus (France),2020-11-04,245,139.189
LivraPlus (France),2020-11-05,206,143.984
LivraPlus (France),2020-11-06,187,84.392
LivraPlus (France),2020-11-07,55,59.800000000000004
LivraPlus (France),2020-11-08,13,3.279
LivraPlus (France),2020-11-09,287,366.865
LivraPlus (France),2020-11-10,548,633.688
LivraPlus (France),2020-11-11,190,226.499
LivraPlus (France),2020-11-12,261,325.203
LivraPlus (France),2020-11-13,150,167.124
LivraPlus (France),2020-11-14,200,222.249
LivraPlus (France),2020-11-15,26,0.585
LivraPlus (France),2020-11-16,192,140.185
LivraPlus (France),2020-11-17,565,342.248
LivraPlus (France),2020-11-18,113,113.358
LivraPlus (France),2020-11-19,216,167.261
LivraPlus (France),2020-11-20,625,691.681
LivraPlus (France),2020-11-21,102,99.643
LivraPlus (France),2020-11-22,126,49.211
LivraPlus (France),2020-11-23,490,192.426
LivraPlus (France),2020-11-24,452,206.566
LivraPlus (France),2020-11-25,653,456.1
LivraPlus (France),2020-11-26,561,401.129
LivraPlus (France),2020-11-27,271,269.681
LivraPlus (France),2020-11-28,191,75.51
LivraPlus (France),2020-11-29,42,8.061
LivraPlus (France),2020-11-30,382,166.189
LivraPlus (France),2020-12-01,465,306.29
LivraPlus (France),2020-12-02,443,367.904
LivraPlus (France),2020-12-03,303,247.473
LivraPlus (France),2020-12-04,323,201.504
LivraPlus (France),2020-12-05,153,161.454
LivraPlus (France),2020-12-06,51,34.887
LivraPlus (France),2020-12-07,769,462.443
LivraPlus (France),2020-12-08,385,236.532
LivraPlus (France),2020-12-09,416,278.844
LivraPlus (France),2020-12-10,539,407.433
LivraPlus (France),2020-12-11,959,912.423
LivraPlus (France),2020-12-12,270,253.391
LivraPlus (France),2020-12-13,120,75.861
LivraPlus (France),2020-12-14,471,248.548
LivraPlus (France),2020-12-15,521,294.681
LivraPlus (France),2020-12-16,603,329.243
LivraPlus (France),2020-12-17,393,300.149
LivraPlus (France),2020-12-18,469,338.11
LivraPlus (France),2020-12-20,47,15.407
LivraPlus (France),2020-12-21,333,208.177
LivraPlus (France),2020-12-22,261,172.137
LivraPlus (France),2020-12-23,161,108.221
LivraPlus (France),2020-12-24,12,13.96
LivraPlus (France),2020-12-26,13,0.0
LivraPlus (France),2020-12-27,28,6.653
LivraPlus (France),2020-12-28,189,156.499
LivraPlus (France),2020-12-29,283,306.399
LivraPlus (France),2020-12-30,142,156.045
LivraPlus (France),2020-12-31,93,104.347
LivraPlus (France),2021-01-02,20,1.0
LivraPlus (France),2021-01-03,12,0.01
LivraPlus (France),2021-01-04,173,181.024
LivraPlus (France),2021-01-05,209,195.24
LivraPlus (France),2021-01-06,220,215.737
LivraPlus (France),2021-01-07,149,178.908
LivraPlus (France),2021-01-08,224,249.546
LivraPlus (France),2021-01-09,146,94.789
LivraPlus (France),2021-01-10,37,10.568999999999999
LivraPlus (France),2021-01-11,280,151.554
LivraPlus (France),2021-01-12,210,112.716
LivraPlus (France),2021-01-13,129,62.089
LivraPlus (France),2021-01-14,102,119.205
LivraPlus (France),2021-01-15,130,197.172
LivraPlus (France),2021-01-16,5,0.235
LivraPlus (France),2021-01-17,10,11.296999999999999
LivraPlus (France),2021-01-18,293,292.786
LivraPlus (France),2021-01-19,255,313.252
LivraPlus (France),2021-01-20,287,339.986
LivraPlus (France),2021-01-21,282,397.871
LivraPlus (France),2021-01-22,82,83.553
LivraPlus (France),2021-01-23,3,0.0
LivraPlus (France),2021-01-24,19,12.297
LivraPlus (France),2021-01-25,113,114.821
LivraPlus (France),2021-01-26,88,89.748
LivraPlus (France),2021-01-27,209,128.472
LivraPlus (France),2021-01-28,145,94.092
LivraPlus (France),2021-01-29,77,36.832
LivraPlus (France),2021-01-30,15,0.0
LivraPlus (France),2021-01-31,44,0.0
LivraPlus (France),2021-02-01,79,106.569
LivraPlus (France),2021-02-02,110,107.821
LivraPlus (France),2021-02-03,188,212.789
LivraPlus (France),2021-02-04,111,90.95100000000001
LivraPlus (France),2021-02-05,124,130.521
LivraPlus (France),2021-02-06,9,0.0
LivraPlus (France),2021-02-08,77,68.691
LivraPlus (France),2021-02-09,142,53.705999999999996
LivraPlus (France),2021-02-10,211,172.871
LivraPlus (France),2021-02-11,123,41.341
LivraPlus (France),2021-02-12,101,38.826
LivraPlus (France),2021-02-13,10,1.92
LivraPlus (France),2021-02-14,34,7.64
LivraPlus (France),2021-02-15,183,151.852
LivraPlus (France),2021-02-16,149,113.259
LivraPlus (France),2021-02-17,190,237.776
LivraPlus (France),2021-02-18,85,92.712
LivraPlus (France),2021-02-19,87,75.846
LivraPlus (France),2021-02-20,12,0.001
LivraPlus (France),2021-02-21,20,0.24
LivraPlus (France),2021-02-22,151,173.857
LivraPlus (France),2021-02-23,191,216.783
LivraPlus (France),2021-02-24,246,245.333
LivraPlus (France),2021-02-25,74,97.292
LivraPlus (France),2021-02-26,99,82.78699999999999
LivraPlus (France),2021-02-27,22,3.633
LivraPlus (France),2021-02-28,28,0.0
LivraPlus (France),2021-03-01,114,79.021
LivraPlus (France),2021-03-02,89,8.819
LivraPlus (France),2021-03-03,194,158.286
LivraPlus (France),2021-03-04,125,125.703
LivraPlus (France),2021-03-05,112,110.82600000000001
LivraPlus (France),2021-03-06,22,0.0
LivraPlus (France),2021-03-07,18,0.0
LivraPlus (France),2021-03-08,132,108.708
LivraPlus (France),2021-03-09,169,180.466
LivraPlus (France),2021-03-10,103,95.077
LivraPlus (France),2021-03-11,98,78.176
LivraPlus (France),2021-03-12,65,87.66499999999999
LivraPlus (France),2021-03-13,6,0.0
LivraPlus (France),2021-03-14,21,0.0
LivraPlus (France),2021-03-15,78,101.89699999999999
LivraPlus (France),2021-03-16,90,106.6
LivraPlus (France),2021-03-17,128,131.308
LivraPlus (France),2021-03-18,70,66.066
LivraPlus (France),2021-03-19,57,17.968
LivraPlus (France),2021-03-20,9,0.84
LivraPlus (France),2021-03-21,11,0.0
LivraPlus (France),2021-03-22,93,102.112
LivraPlus (France),2021-03-23,135,123.55
LivraPlus (France),2021-03-24,102,101.944
LivraPlus (France),2021-03-25,123,151.313
LivraPlus (France),2021-03-26,88,94.265
LivraPlus (France),2021-03-27,5,0.0
LivraPlus (France),2021-03-28,11,0.001
LivraPlus (France),2021-03-29,87,61.426
LivraPlus (France),2021-03-30,143,30.774
LivraPlus (France),2021-03-31,112,114.69500000000001
LivraPlus (France),2021-04-01,127,139.456
LivraPlus (France),2021-04-02,82,89.034
LivraPlus (France),2021-04-03,13,0.0
LivraPlus (France),2021-04-05,39,0.0
LivraPlus (France),2021-04-06,122,125.331
LivraPlus (France),2021-04-07,125,116.935
LivraPlus (France),2021-04-08,101,84.816
LivraPlus (France),2021-04-09,73,75.831
LivraPlus (France),2021-04-10,18,0.0
LivraPlus (France),2021-04-11,23,0.44
LivraPlus (France),2021-04-12,111,92.228
LivraPlus (France),2021-04-13,124,122.798
LivraPlus (France),2021-04-14,114,136.818
LivraPlus (France),2021-04-15,115,130.897
LivraPlus (France),2021-04-16,73,38.561
LivraPlus (France),2021-04-17,10,1.0
LivraPlus (France),2021-04-18,17,0.0
LivraPlus (France),2021-04-19,128,122.918
LivraPlus (France),2021-04-20,160,174.801
LivraPlus (France),2021-04-21,92,117.575
LivraPlus (France),2021-04-22,123,139.461
LivraPlus (France),2021-04-23,116,130.355
LivraPlus (France),2021-04-24,1,0.28
LivraPlus (France),2021-04-25,29,16.9
LivraPlus (France),2021-04-26,248,290.592
LivraPlus (France),2021-04-28,214,229.872
LivraPlus (France),2021-04-29,231,289.471
LivraPlus (France),2021-04-30,149,174.325
LivraPlus (France),2021-05-01,29,27.193
LivraPlus (France),2021-05-02,24,0.0
LivraPlus (France),2021-05-03,123,141.144
LivraPlus (France),2021-05-04,127,133.924
LivraPlus (France),2021-05-05,287,309.781
LivraPlus (France),2021-05-06,155,198.1
LivraPlus (France),2021-05-07,131,140.633
LivraPlus (France),2021-05-08,46,65.452
LivraPlus (France),2021-05-09,19,0.32
LivraPlus (France),2021-05-10,160,144.782
LivraPlus (France),2021-05-11,187,181.555
LivraPlus (France),2021-05-12,147,139.593
LivraPlus (France),2021-05-14,183,199.414
LivraPlus (France),2021-05-16,19,0.52
LivraPlus (France),2021-05-17,208,215.771
LivraPlus (France),2021-05-18,249,264.513
LivraPlus (France),2021-05-19,199,200.24699999999999
LivraPlus (France),2021-05-20,102,98.923
LivraPlus (France),2021-05-21,64,51.533
LivraPlus (France),2021-05-22,10,0.0
LivraPlus (France),2021-05-24,16,0.0
LivraPlus (France),2021-05-25,172,173.819
LivraPlus (France),2021-05-26,244,312.031
LivraPlus (France),2021-05-27,49,74.593
LivraPlus (France),2021-05-28,99,69.025
LivraPlus (France),2021-05-30,21,0.0
LivraPlus (France),2021-05-31,278,484.61
LivraPlus (France),2021-06-01,264,343.71999999999997
LivraPlus (France),2021-06-02,194,285.037
LivraPlus (France),2021-06-03,205,256.621
LivraPlus (France),2021-06-04,84,223.15
LivraPlus (France),2021-06-05,4,0.0
LivraPlus (France),2021-06-06,25,0.14
LivraPlus (France),2021-06-07,231,346.476
LivraPlus (France),2021-06-08,183,223.823
LivraPlus (France),2021-06-09,148,225.804
LivraPlus (France),2021-06-10,109,155.311
LivraPlus (France),2021-06-11,75,108.155
LivraPlus (France),2021-06-12,2,21.919999999999998
LivraPlus (France),2021-06-13,20,0.0
LivraPlus (France),2021-06-14,179,284.46999999999997
LivraPlus (France),2021-06-15,135,328.044
LivraPlus (France),2021-06-16,141,157.576
LivraPlus (France),2021-06-17,117,203.75300000000001
LivraPlus (France),2021-06-18,60,111.222
LivraPlus (France),2021-06-20,27,24.54
LivraPlus (France),2021-06-21,158,184.364
LivraPlus (France),2021-06-22,70,132.12199999999999
LivraPlus (France),2021-06-23,124,175.258
LivraPlus (France),2021-06-24,102,181.575
LivraPlus (France),2021-06-25,81,142.427
LivraPlus (France),2021-06-27,19,35.36
LivraPlus (France),2021-06-28,127,227.894
LivraPlus (France),2021-06-29,79,114.511
LivraPlus (France),2021-06-30,84,159.455
LivraPlus (France),2021-07-01,1125,978.114
LivraPlus (France),2021-07-02,496,520.477
LivraPlus (France),2021-07-04,25,95.7
LivraPlus (France),2021-07-05,203,347.052
LivraPlus (France),2021-07-06,116,197.786
LivraPlus (France),2021-07-07,131,159.228
LivraPlus (France),2021-07-08,75,123.66
LivraPlus (France),2021-07-09,28,58.32
LivraPlus (France),2021-07-11,23,40.02
LivraPlus (France),2021-07-12,125,261.66
LivraPlus (France),2021-07-13,115,144.3
LivraPlus (France),2021-07-14,87,113.541
LivraPlus (France),2021-07-15,105,129.444
LivraPlus (France),2021-07-16,101,169.198
LivraPlus (France),2021-07-17,1,7.0
LivraPlus (France),2021-07-18,27,35.48
LivraPlus (France),2021-07-19,170,261.574
LivraPlus (France),2021-07-20,107,180.236
LivraPlus (France),2021-07-21,120,164.016
LivraPlus (France),2021-07-22,92,182.816
LivraPlus (France),2021-07-23,54,118.446
LivraPlus (France),2021-07-25,18,29.64
LivraPlus (France),2021-07-26,114,204.667
LivraPlus (France),2021-07-27,123,138.243
LivraPlus (France),2021-07-28,117,196.28
LivraPlus (France),2021-07-29,87,188.275
LivraPlus (France),2021-07-30,50,126.816
LivraPlus (France),2021-08-01,16,9.66
LivraPlus (France),2021-08-02,120,447.08
LivraPlus (France),2021-08-03,112,212.765
LivraPlus (France),2021-08-04,126,148.188
LivraPlus (France),2021-08-05,84,221.20399999999998
LivraPlus (France),2021-08-06,109,156.006
LivraPlus (France),2021-08-08,26,15.62
LivraPlus (France),2021-08-09,204,334.121
LivraPlus (France),2021-08-10,84,108.151
LivraPlus (France),2021-08-11,146,278.988
LivraPlus (France),2021-08-12,100,182.032
LivraPlus (France),2021-08-13,81,137.636
LivraPlus (France),2021-08-15,10,19.68
LivraPlus (France),2021-08-16,129,210.921
LivraPlus (France),2021-08-17,158,272.469
LivraPlus (France),2021-08-18,68,142.46699999999998
LivraPlus (France),2021-08-19,87,130.63
LivraPlus (France),2021-08-20,85,125.0
LivraPlus (France),2021-08-22,19,47.92
LivraPlus (France),2021-08-23,126,233.518
LivraPlus (France),2021-08-24,82,123.108
LivraPlus (France),2021-08-25,159,343.44
LivraPlus (France),2021-08-26,94,131.954
LivraPlus (France),2021-08-27,73,114.205
LivraPlus (France),2021-08-29,19,30.2
LivraPlus (France),2021-08-30,178,225.611
LivraPlus (France),2021-08-31,128,231.838
LivraPlus (France),2021-09-01,150,216.53300000000002
LivraPlus (France),2021-09-02,39,89.971
LivraPlus (France),2021-09-03,138,195.91
LivraPlus (France),2021-09-04,33,36.985
LivraPlus (France),2021-09-05,30,31.04
LivraPlus (France),2021-09-06,171,305.4
LivraPlus (France),2021-09-07,155,191.823
LivraPlus (France),2021-09-08,177,216.289
LivraPlus (France),2021-09-09,174,276.775
LivraPlus (France),2021-09-10,80,113.50099999999999
LivraPlus (France),2021-09-12,24,33.68
LivraPlus (France),2021-09-13,334,480.237
LivraPlus (France),2021-09-14,258,350.656
LivraPlus (France),2021-09-15,147,149.524
LivraPlus (France),2021-09-16,185,253.907
LivraPlus (France),2021-09-17,106,189.248
LivraPlus (France),2021-09-19,20,9.16
LivraPlus (France),2021-09-20,168,238.263
LivraPlus (France),2021-09-21,190,336.818
LivraPlus (France),2021-09-22,10,7.039
LivraPlus (France),2021-09-23,237,353.345
LivraPlus (France),2021-09-24,150,321.499
LivraPlus (France),2021-09-25,1,0.68
LivraPlus (France),2021-09-26,35,28.8
LivraPlus (France),2021-09-27,212,253.016
LivraPlus (France),2021-09-28,121,237.698
LivraPlus (France),2021-09-29,189,312.877
LivraPlus (France),2021-09-30,175,298.09000000000003
LivraPlus (France),2021-10-01,117,202.37
LivraPlus (France),2021-10-03,74,40.064
LivraPlus (France),2021-10-04,210,250.409
LivraPlus (France),2021-10-05,212,198.867
LivraPlus (France),2021-10-06,321,356.773
LivraPlus (France),2021-10-07,200,244.006
LivraPlus (France),2021-10-08,150,175.963
LivraPlus (France),2021-10-09,5,9.404
LivraPlus (France),2021-10-10,21,11.06
LivraPlus (France),2021-10-11,196,291.394
LivraPlus (France),2021-10-12,263,275.703
LivraPlus (France),2021-10-13,200,193.15200000000002
LivraPlus (France),2021-10-14,138,184.445
LivraPlus (France),2021-10-15,107,191.358
LivraPlus (France),2021-10-17,57,89.34
LivraPlus (France),2021-10-18,278,484.928
LivraPlus (France),2021-10-19,184,363.669
LivraPlus (France),2021-10-20,206,352.552
LivraPlus (France),2021-10-21,125,171.456
LivraPlus (France),2021-10-22,83,87.467
LivraPlus (France),2021-10-23,8,33.288
LivraPlus (France),2021-10-24,54,75.327
LivraPlus (France),2021-10-25,271,393.308
LivraPlus (France),2021-10-26,206,300.348
LivraPlus (France),2021-10-27,160,222.698
LivraPlus (France),2021-10-28,111,182.508
LivraPlus (France),2021-10-29,111,162.565
LivraPlus (France),2021-10-30,16,88.472
LivraPlus (France),2021-10-31,34,31.689999999999998
LivraPlus (France),2021-11-01,213,323.563
LivraPlus (France),2021-11-02,277,300.669
LivraPlus (France),2021-11-03,234,308.993
LivraPlus (France),2021-11-04,198,310.69
LivraPlus (France),2021-11-05,126,180.481
LivraPlus (France),2021-11-06,6,22.191000000000003
LivraPlus (France),2021-11-07,44,33.157000000000004
LivraPlus (France),2021-11-08,402,609.827
LivraPlus (France),2021-11-09,158,180.335
LivraPlus (France),2021-11-10,194,233.935
LivraPlus (France),2021-11-11,243,323.647
LivraPlus (France),2021-11-12,201,328.144
LivraPlus (France),2021-11-13,14,11.940000000000001
LivraPlus (France),2021-11-14,43,23.456000000000003
LivraPlus (France),2021-11-15,431,545.519
LivraPlus (France),2021-11-16,325,403.471
LivraPlus (France),2021-11-17,274,355.352
LivraPlus (France),2021-11-18,302,409.07
LivraPlus (France),2021-11-19,187,213.587
LivraPlus (France),2021-11-20,12,31.643
LivraPlus (France),2021-11-21,33,7.9350000000000005
LivraPlus (France),2021-11-22,586,740.732
LivraPlus (France),2021-11-23,338,338.362
LivraPlus (France),2021-11-24,356,391.301
LivraPlus (France),2021-11-25,270,250.731
LivraPlus (France),2021-11-26,200,174.366
LivraPlus (France),2021-11-27,54,49.333
LivraPlus (France),2021-11-28,77,38.7
LivraPlus (France),2021-11-29,519,634.506
LivraPlus (France),2021-11-30,808,953.942
LivraPlus (France),2021-12-01,435,574.202
LivraPlus (France),2021-12-02,428,374.74
LivraPlus (France),2021-12-03,370,483.637
LivraPlus (France),2021-12-04,140,115.425
LivraPlus (France),2021-12-05,71,59.655
LivraPlus (France),2021-12-06,410,404.694
LivraPlus (France),2021-12-07,413,484.682
LivraPlus (France),2021-12-08,697,719.362
LivraPlus (France),2021-12-09,561,665.053
LivraPlus (France),2021-12-10,670,840.386
LivraPlus (France),2021-12-11,355,397.159
LivraPlus (France),2021-12-12,86,68.396
LivraPlus (France),2021-12-13,679,970.561
LivraPlus (France),2021-12-14,2492,1702.835
LivraPlus (France),2021-12-15,1890,1487.131
LivraPlus (France),2021-12-16,2287,1499.278
LivraPlus (France),2021-12-17,1279,1058.3700000000001
LivraPlus (France),2021-12-18,5,27.42
LivraPlus (France),2021-12-19,90,82.177
LivraPlus (France),2021-12-20,586,632.641
LivraPlus (France),2021-12-21,689,713.559
LivraPlus (France),2021-12-22,455,468.747
LivraPlus (France),2021-12-23,115,129.69
LivraPlus (France),2021-12-24,18,25.477
LivraPlus (France),2021-12-26,38,38.0
LivraPlus (France),2021-12-27,237,238.944
LivraPlus (France),2021-12-28,312,351.416
LivraPlus (France),2021-12-29,214,292.60699999999997
LivraPlus (France),2021-12-30,179,232.776
LivraPlus (France),2021-12-31,18,21.645
LivraPlus (France),2022-01-02,65,68.156
LivraPlus (France),2022-01-03,294,347.451
LivraPlus (France),2022-01-04,240,300.477
LivraPlus (France),2022-01-05,298,390.189
LivraPlus (France),2022-01-06,221,255.277
LivraPlus (France),2022-01-07,142,248.423
LivraPlus (France),2022-01-08,5,24.957
LivraPlus (France),2022-01-09,51,52.668
LivraPlus (France),2022-01-10,335,417.406
LivraPlus (France),2022-01-11,187,329.579
LivraPlus (France),2022-01-12,236,321.424
LivraPlus (France),2022-01-13,180,212.469
LivraPlus (France),2022-01-14,119,167.745
LivraPlus (France),2022-01-15,11,15.919
LivraPlus (France),2022-01-16,38,44.635
LivraPlus (France),2022-01-17,302,362.294
LivraPlus (France),2022-01-18,191,276.586
LivraPlus (France),2022-01-19,186,255.683
LivraPlus (France),2022-01-20,133,218.56900000000002
LivraPlus (France),2022-01-21,117,197.02
LivraPlus (France),2022-01-22,9,55.255
LivraPlus (France),2022-01-23,23,26.892
LivraPlus (France),2022-01-24,217,287.608
LivraPlus (France),2022-01-25,141,240.224
LivraPlus (France),2022-01-26,179,250.299
LivraPlus (France),2022-01-27,142,243.089
LivraPlus (France),2022-01-28,93,168.705
LivraPlus (France),2022-01-29,16,27.715
LivraPlus (France),2022-01-30,15,15.0
LivraPlus (France),2022-01-31,218,326.936
LivraPlus (France),2022-02-01,73,238.014
LivraPlus (France),2022-02-02,242,368.125
LivraPlus (France),2022-02-03,121,161.567
LivraPlus (France),2022-02-04,111,143.876
LivraPlus (France),2022-02-05,7,11.693999999999999
LivraPlus (France),2022-02-06,39,40.26
LivraPlus (France),2022-02-07,202,181.703
LivraPlus (France),2022-02-08,207,208.517
LivraPlus (France),2022-02-09,211,279.743
LivraPlus (France),2022-02-10,161,235.216
LivraPlus (France),2022-02-11,120,172.943
LivraPlus (France),2022-02-12,17,37.653
LivraPlus (France),2022-02-13,35,35.0
LivraPlus (France),2022-02-14,246,532.55
LivraPlus (France),2022-02-15,173,199.369
LivraPlus (France),2022-02-16,151,262.417
LivraPlus (France),2022-02-17,138,182.462
LivraPlus (France),2022-02-18,89,130.174
LivraPlus (France),2022-02-19,9,20.884
LivraPlus (France),2022-02-20,34,34.0
LivraPlus (France),2022-02-21,146,299.39799999999997
LivraPlus (France),2022-02-22,141,224.825
LivraPlus (France),2022-02-23,182,309.1
LivraPlus (France),2022-02-24,134,187.556
LivraPlus (France),2022-02-25,130,254.09199999999998
LivraPlus (France),2022-02-27,44,64.14
LivraPlus (France),2022-02-28,124,144.66
LivraPlus (France),2022-03-01,72,173.194
LivraPlus (France),2022-03-02,150,275.254
LivraPlus (France),2022-03-03,333,541.456
LivraPlus (France),2022-03-04,143,388.146
LivraPlus (France),2022-03-05,1,7.08
LivraPlus (France),2022-03-06,35,32.76
LivraPlus (France),2022-03-07,245,402.493
LivraPlus (France),2022-03-08,129,134.576
LivraPlus (France),2022-03-09,177,334.756
LivraPlus (France),2022-03-10,102,139.922
LivraPlus (France),2022-03-11,78,198.20000000000002
LivraPlus (France),2022-03-12,13,52.0
LivraPlus (France),2022-03-13,37,37.0
LivraPlus (France),2022-03-14,202,349.075
LivraPlus (France),2022-03-15,153,260.226
LivraPlus (France),2022-03-16,113,128.597
LivraPlus (France),2022-03-17,125,344.737
LivraPlus (France),2022-03-18,50,69.444
LivraPlus (France),2022-03-19,23,57.980000000000004
LivraPlus (France),2022-03-20,21,24.0
LivraPlus (France),2022-03-21,116,159.15200000000002
LivraPlus (France),2022-03-22,137,216.162
LivraPlus (France),2022-03-23,176,334.345
LivraPlus (France),2022-03-24,122,177.879
LivraPlus (France),2022-03-25,95,298.527
LivraPlus (France),2022-03-26,5,4.7
LivraPlus (France),2022-03-27,25,30.32
LivraPlus (France),2022-03-28,233,507.491
LivraPlus (France),2022-03-29,144,293.74399999999997
LivraPlus (France),2022-03-30,163,317.071
LivraPlus (France),2022-03-31,173,292.64
LivraPlus (France),2022-04-01,76,147.611
LivraPlus (France),2022-04-03,37,37.0
LivraPlus (France),2022-04-04,173,335.437
LivraPlus (France),2022-04-05,207,236.62199999999999
LivraPlus (France),2022-04-06,121,233.15
LivraPlus (France),2022-04-07,144,397.12
LivraPlus (France),2022-04-08,111,164.201
LivraPlus (France),2022-04-09,16,39.605
LivraPlus (France),2022-04-10,33,33.0
LivraPlus (France),2022-04-11,181,370.101
LivraPlus (France),2022-04-12,171,327.736
LivraPlus (France),2022-04-13,138,255.471
LivraPlus (France),2022-04-14,126,226.62
LivraPlus (France),2022-04-15,73,186.34
LivraPlus (France),2022-04-16,9,62.82
LivraPlus (France),2022-04-18,45,45.0
LivraPlus (France),2022-04-19,162,430.559
LivraPlus (France),2022-04-20,131,173.184
LivraPlus (France),2022-04-21,129,313.349
LivraPlus (France),2022-04-22,99,208.264
LivraPlus (France),2022-04-23,7,18.135
LivraPlus (France),2022-04-24,24,24.0
LivraPlus (France),2022-04-25,184,437.697
LivraPlus (France),2022-04-26,216,423.801
LivraPlus (France),2022-04-27,2,22.215
LivraPlus (France),2022-04-28,175,389.062
LivraPlus (France),2022-04-29,96,192.169
LivraPlus (France),2022-04-30,9,22.182
LivraPlus (France),2022-05-01,36,36.0
LivraPlus (France),2022-05-02,197,391.214
LivraPlus (France),2022-05-03,128,126.718
LivraPlus (France),2022-05-04,1294,763.309
LivraPlus (France),2022-05-05,68,121.02
LivraPlus (France),2022-05-06,366,360.379
LivraPlus (France),2022-05-07,13,45.17
LivraPlus (France),2022-05-08,27,27.0
LivraPlus (France),2022-05-09,617,587.725
LivraPlus (France),2022-05-10,288,259.83
LivraPlus (France),2022-05-11,316,405.239
LivraPlus (France),2022-05-12,147,179.523
LivraPlus (France),2022-05-13,158,196.428
LivraPlus (France),2022-05-14,45,66.312
LivraPlus (France),2022-05-15,40,55.64
LivraPlus (France),2022-05-16,146,309.21
LivraPlus (France),2022-05-17,162,247.591
LivraPlus (France),2022-05-18,168,212.743
LivraPlus (France),2022-05-19,124,168.517
LivraPlus (France),2022-05-20,129,209.575
LivraPlus (France),2022-05-21,14,10.632
LivraPlus (France),2022-05-22,29,29.0
LivraPlus (France),2022-05-23,215,462.555
LivraPlus (France),2022-05-24,189,226.763
LivraPlus (France),2022-05-25,164,304.809
LivraPlus (France),2022-05-27,107,221.08100000000002
LivraPlus (France),2022-05-28,8,22.894000000000002
LivraPlus (France),2022-05-29,22,22.0
LivraPlus (France),2022-05-30,178,332.82
LivraPlus (France),2022-05-31,163,329.734
LivraPlus (France),2022-06-01,219,385.786
LivraPlus (France),2022-06-02,223,457.303
LivraPlus (France),2022-06-03,126,106.09
LivraPlus (France),2022-06-04,19,36.551
LivraPlus (France),2022-06-06,53,0.0
LivraPlus (France),2022-06-07,189,224.728
LivraPlus (France),2022-06-08,146,257.038
LivraPlus (France),2022-06-09,174,79.82000000000001
LivraPlus (France),2022-06-10,185,106.426
LivraPlus (France),2022-06-11,46,8.307
LivraPlus (France),2022-06-12,26,0.0
LivraPlus (France),2022-06-13,163,129.385
LivraPlus (France),2022-06-14,169,177.307
LivraPlus (France),2022-06-15,70,47.852000000000004
LivraPlus (France),2022-06-16,133,63.514
LivraPlus (France),2022-06-17,185,126.571
LivraPlus (France),2022-06-18,26,13.318
LivraPlus (France),2022-06-19,18,0.0
LivraPlus (France),2022-06-20,172,131.344
LivraPlus (France),2022-06-21,116,166.78
LivraPlus (France),2022-06-22,162,116.123
LivraPlus (France),2022-06-23,148,226.79500000000002
LivraPlus (France),2022-06-24,108,156.958
LivraPlus (France),2022-06-25,13,21.719
LivraPlus (France),2022-06-26,14,0.0
LivraPlus (France),2022-06-27,136,173.205
LivraPlus (France),2022-06-28,145,176.523
LivraPlus (France),2022-06-29,115,120.648
LivraPlus (France),2022-06-30,159,353.968
LivraPlus (France),2022-07-01,121,116.288
LivraPlus (France),2022-07-02,13,38.338
LivraPlus (France),2022-07-03,26,0.0
LivraPlus (France),2022-07-04,212,297.455
LivraPlus (France),2022-07-05,111,92.576
LivraPlus (France),2022-07-06,133,230.662
LivraPlus (France),2022-07-07,81,40.729
LivraPlus (France),2022-07-08,111,38.672
LivraPlus (France),2022-07-09,13,65.806
LivraPlus (France),2022-07-10,22,0.0
LivraPlus (France),2022-07-11,162,124.895
LivraPlus (France),2022-07-12,129,67.971
LivraPlus (France),2022-07-13,151,145.995
LivraPlus (France),2022-07-14,88,106.31099999999999
LivraPlus (France),2022-07-15,29,64.658
LivraPlus (France),2022-07-16,7,17.267
LivraPlus (France),2022-07-17,18,0.0
LivraPlus (France),2022-07-18,136,173.481
LivraPlus (France),2022-07-19,129,125.997
LivraPlus (France),2022-07-20,177,149.196
LivraPlus (France),2022-07-21,113,31.514
LivraPlus (France),2022-07-22,123,49.146
LivraPlus (France),2022-07-23,9,17.022
LivraPlus (France),2022-07-24,14,0.0
LivraPlus (France),2022-07-25,144,99.28
LivraPlus (France),2022-07-26,149,172.10500000000002
LivraPlus (France),2022-07-27,121,134.89499999999998
LivraPlus (France),2022-07-28,140,128.881
LivraPlus (France),2022-07-29,63,21.823
LivraPlus (France),2022-07-30,9,25.517
LivraPlus (France),2022-07-31,26,0.0
LivraPlus (France),2022-08-01,110,147.178
LivraPlus (France),2022-08-02,118,115.582
LivraPlus (France),2022-08-03,192,169.756
LivraPlus (France),2022-08-04,128,118.038
LivraPlus (France),2022-08-05,99,51.434
LivraPlus (France),2022-08-06,6,16.339
LivraPlus (France),2022-08-07,25,0.24
LivraPlus (France),2022-08-08,114,224.708
LivraPlus (France),2022-08-09,125,104.471
LivraPlus (France),2022-08-10,195,154.385
LivraPlus (France),2022-08-11,98,179.50300000000001
LivraPlus (France),2022-08-12,118,37.89
LivraPlus (France),2022-08-13,5,8.25
LivraPlus (France),2022-08-14,21,0.015
LivraPlus (France),2022-08-15,154,146.441
LivraPlus (France),2022-08-16,122,102.284
LivraPlus (France),2022-08-17,167,132.689
LivraPlus (France),2022-08-18,100,110.311
LivraPlus (France),2022-08-19,30,68.469
LivraPlus (France),2022-08-20,2,13.787
LivraPlus (France),2022-08-21,28,0.0
LivraPlus (France),2022-08-22,190,33.718
LivraPlus (France),2022-08-23,129,95.256
LivraPlus (France),2022-08-24,249,113.371
LivraPlus (France),2022-08-25,149,172.333
LivraPlus (France),2022-08-26,138,61.927
LivraPlus (France),2022-08-27,15,48.704
LivraPlus (France),2022-08-28,22,0.76
LivraPlus (France),2022-08-29,171,54.763999999999996
LivraPlus (France),2022-08-30,179,54.427
LivraPlus (France),2022-08-31,758,82.062
LivraPlus (France),2022-09-01,334,47.228
LivraPlus (France),2022-09-02,151,68.05799999999999
LivraPlus (France),2022-09-03,13,63.753
LivraPlus (France),2022-09-04,42,0.0
LivraPlus (France),2022-09-05,188,39.155
LivraPlus (France),2022-09-06,219,52.779
LivraPlus (France),2022-09-07,179,136.749
LivraPlus (France),2022-09-08,251,31.451999999999998
LivraPlus (France),2022-09-09,451,67.862
LivraPlus (France),2022-09-10,7,19.479
LivraPlus (France),2022-09-11,26,22.02
LivraPlus (France),2022-09-12,341,127.28099999999999
LivraPlus (France),2022-09-13,244,30.514000000000003
LivraPlus (France),2022-09-14,211,56.965
LivraPlus (France),2022-09-15,153,41.634
LivraPlus (France),2022-09-16,112,11.847
LivraPlus (France),2022-09-17,13,24.232000000000003
LivraPlus (France),2022-09-18,20,1.7
LivraPlus (France),2022-09-19,242,21.823
LivraPlus (France),2022-09-20,131,29.496000000000002
LivraPlus (France),2022-09-21,158,81.048
LivraPlus (France),2022-09-22,106,14.372
LivraPlus (France),2022-09-23,107,21.871
LivraPlus (France),2022-09-24,12,15.824
LivraPlus (France),2022-09-25,49,0.0
LivraPlus (France),2022-09-26,240,45.356
LivraPlus (France),2022-09-27,123,53.198
LivraPlus (France),2022-09-28,37,28.092
LivraPlus (France),2022-09-29,61,33.997
LivraPlus (France),2022-09-30,70,59.33
LivraPlus (France),2022-10-01,7,11.298
LivraPlus (France),2022-10-02,132,140.3
LivraPlus (France),2022-10-03,132,147.702
LivraPlus (France),2022-10-04,88,1.685
LivraPlus (France),2022-10-05,297,235.678
LivraPlus (France),2022-10-06,207,215.034
LivraPlus (France),2022-10-07,69,68.909
LivraPlus (France),2022-10-08,11,24.994
LivraPlus (France),2022-10-09,63,0.0
LivraPlus (France),2022-10-10,94,81.502
LivraPlus (France),2022-10-11,64,39.246
LivraPlus (France),2022-10-12,793,1084.76
LivraPlus (France),2022-10-13,272,491.759
LivraPlus (France),2022-10-14,45,47.506
LivraPlus (France),2022-10-15,89,49.896
LivraPlus (France),2022-10-16,62,32.9
LivraPlus (France),2022-10-17,93,108.772
LivraPlus (France),2022-10-18,50,60.057
LivraPlus (France),2022-10-19,29,31.613
LivraPlus (France),2022-10-20,38,37.4
LivraPlus (France),2022-10-21,48,52.564
LivraPlus (France),2022-10-22,14,132.344
LivraPlus (France),2022-10-23,38,0.0
LivraPlus (France),2022-10-24,66,48.717999999999996
LivraPlus (France),2022-10-25,53,81.849
LivraPlus (France),2022-10-26,127,138.1
LivraPlus (France),2022-10-27,218,228.65200000000002
LivraPlus (France),2022-10-28,103,179.721
LivraPlus (France),2022-10-29,10,4.635
LivraPlus (France),2022-10-30,81,0.015
LivraPlus (France),2022-10-31,79,154.241
LivraPlus (France),2022-11-01,241,264.68
LivraPlus (France),2022-11-02,250,285.441
LivraPlus (France),2022-11-03,374,328.782
LivraPlus (France),2022-11-04,308,470.184
LivraPlus (France),2022-11-05,2,0.0
LivraPlus (France),2022-11-06,144,60.02
LivraPlus (France),2022-11-07,528,359.563
LivraPlus (France),2022-11-08,276,87.937
LivraPlus (France),2022-11-09,250,126.524
LivraPlus (France),2022-11-10,290,279.866
LivraPlus (France),2022-11-11,407,164.906
LivraPlus (France),2022-11-12,29,5.356999999999999
LivraPlus (France),2022-11-13,91,8.908000000000001
LivraPlus (France),2022-11-14,407,278.465
LivraPlus (France),2022-11-15,300,294.054
LivraPlus (France),2022-11-16,221,211.87
LivraPlus (France),2022-11-17,188,158.85
LivraPlus (France),2022-11-18,112,21.68
LivraPlus (France),2022-11-19,22,1.8
LivraPlus (France),2022-11-20,56,11.98
LivraPlus (France),2022-11-21,566,301.842
LivraPlus (France),2022-11-22,294,139.239
LivraPlus (France),2022-11-23,337,181.806
LivraPlus (France),2022-11-24,284,225.74
LivraPlus (France),2022-11-25,273,133.067
LivraPlus (France),2022-11-26,63,105.84
LivraPlus (France),2022-11-27,111,33.172
LivraPlus (France),2022-11-28,563,210.706
LivraPlus (France),2022-11-29,583,208.381
LivraPlus (France),2022-11-30,446,259.04
LivraPlus (France),2022-12-01,391,196.537
LivraPlus (France),2022-12-02,631,45.838
LivraPlus (France),2022-12-03,267,40.095
LivraPlus (France),2022-12-04,61,17.208
LivraPlus (France),2022-12-05,520,243.66
LivraPlus (France),2022-12-06,739,262.255
LivraPlus (France),2022-12-07,473,331.807
LivraPlus (France),2022-12-08,344,78.84400000000001
LivraPlus (France),2022-12-09,426,73.905
LivraPlus (France),2022-12-10,158,30.026999999999997
LivraPlus (France),2022-12-11,43,45.160000000000004
LivraPlus (France),2022-12-12,530,407.725
LivraPlus (France),2022-12-13,690,561.897
LivraPlus (France),2022-12-14,571,99.635
LivraPlus (France),2022-12-15,459,102.995
LivraPlus (France),2022-12-16,488,52.865
LivraPlus (France),2022-12-17,168,25.01
LivraPlus (France),2022-12-18,62,16.379
LivraPlus (France),2022-12-19,534,322.536
LivraPlus (France),2022-12-20,336,111.059
LivraPlus (France),2022-12-21,342,190.547
LivraPlus (France),2022-12-22,62,53.839
LivraPlus (France),2022-12-23,32,81.56
LivraPlus (France),2022-12-26,65,0.12
LivraPlus (France),2022-12-27,256,255.827
LivraPlus (France),2022-12-28,208,96.036
LivraPlus (France),2022-12-29,176,101.217
LivraPlus (France),2022-12-30,89,46.591
LivraPlus (France),2022-12-31,11,30.02
LivraPlus (France),2023-01-02,276,195.11
LivraPlus (France),2023-01-03,210,228.767
LivraPlus (France),2023-01-04,184,91.33
LivraPlus (France),2023-01-05,172,234.461
LivraPlus (France),2023-01-06,116,104.04899999999999
LivraPlus (France),2023-01-07,7,11.269
LivraPlus (France),2023-01-08,68,32.326
LivraPlus (France),2023-01-09,198,258.253
LivraPlus (France),2023-01-10,170,209.09
LivraPlus (France),2023-01-11,153,101.306
LivraPlus (France),2023-01-12,113,86.055
LivraPlus (France),2023-01-13,135,68.57300000000001
LivraPlus (France),2023-01-14,10,24.38
LivraPlus (France),2023-01-15,68,7.219
LivraPlus (France),2023-01-16,188,219.737
LivraPlus (France),2023-01-17,138,147.10999999999999
LivraPlus (France),2023-01-18,166,103.84400000000001
LivraPlus (France),2023-01-19,144,69.273
LivraPlus (France),2023-01-20,109,75.243
LivraPlus (France),2023-01-21,3,4.575
LivraPlus (France),2023-01-22,30,4.14
LivraPlus (France),2023-01-23,193,162.319
LivraPlus (France),2023-01-24,145,116.768
LivraPlus (France),2023-01-25,179,96.077
LivraPlus (France),2023-01-26,125,159.915
LivraPlus (France),2023-01-27,76,163.147
LivraPlus (France),2023-01-28,7,12.857000000000001
LivraPlus (France),2023-01-29,25,0.0
LivraPlus (France),2023-01-30,140,129.507
LivraPlus (France),2023-01-31,178,131.666
LivraPlus (France),2023-02-01,98,45.794
LivraPlus (France),2023-02-02,127,89.073
LivraPlus (France),2023-02-03,68,44.867
LivraPlus (France),2023-02-04,7,32.294
LivraPlus (France),2023-02-05,42,0.0
LivraPlus (France),2023-02-06,186,89.334
LivraPlus (France),2023-02-07,197,119.497
LivraPlus (France),2023-02-08,115,84.56
LivraPlus (France),2023-02-09,127,117.971
LivraPlus (France),2023-02-10,53,32.554
LivraPlus (France),2023-02-11,13,35.266
LivraPlus (France),2023-02-12,32,15.48
LivraPlus (France),2023-02-13,211,186.15
LivraPlus (France),2023-02-14,159,118.194
LivraPlus (France),2023-02-15,91,132.87
LivraPlus (France),2023-02-16,130,78.398
LivraPlus (France),2023-02-17,80,60.458
LivraPlus (France),2023-02-18,8,8.924999999999999
LivraPlus (France),2023-02-19,32,13.620000000000001
LivraPlus (France),2023-02-20,170,192.613
LivraPlus (France),2023-02-21,165,127.099
LivraPlus (France),2023-02-22,116,115.178
LivraPlus (France),2023-02-23,92,72.498
LivraPlus (France),2023-02-24,81,76.694
LivraPlus (France),2023-02-25,5,40.824
LivraPlus (France),2023-02-26,38,13.24
LivraPlus (France),2023-02-27,146,122.056
LivraPlus (France),2023-02-28,168,186.395
LivraPlus (France),2023-03-01,165,100.679
LivraPlus (France),2023-03-02,170,106.812
LivraPlus (France),2023-03-03,137,131.479
LivraPlus (France),2023-03-04,17,44.637
LivraPlus (France),2023-03-05,34,15.3
LivraPlus (France),2023-03-06,218,324.901
LivraPlus (France),2023-03-07,149,139.321
LivraPlus (France),2023-03-08,149,90.899
LivraPlus (France),2023-03-09,113,117.357
LivraPlus (France),2023-03-10,82,100.694
LivraPlus (France),2023-03-11,10,8.064
LivraPlus (France),2023-03-12,33,13.98
LivraPlus (France),2023-03-13,186,136.313
LivraPlus (France),2023-03-14,127,159.421
LivraPlus (France),2023-03-15,159,279.54200000000003
LivraPlus (France),2023-03-16,109,92.537
LivraPlus (France),2023-03-17,138,122.58
LivraPlus (France),2023-03-18,11,9.108
LivraPlus (France),2023-03-19,26,12.02
LivraPlus (France),2023-03-20,107,181.878
LivraPlus (France),2023-03-21,142,206.358
LivraPlus (France),2023-03-22,245,259.977
LivraPlus (France),2023-03-23,250,149.631
LivraPlus (France),2023-03-24,141,81.165
LivraPlus (France),2023-03-25,19,14.186
LivraPlus (France),2023-03-26,19,12.620000000000001
LivraPlus (France),2023-03-27,174,256.767
LivraPlus (France),2023-03-28,208,145.964
LivraPlus (France),2023-03-29,109,120.509
LivraPlus (France),2023-03-30,235,543.168
LivraPlus (France),2023-03-31,335,1121.103
LivraPlus (France),2023-04-01,51,160.417
LivraPlus (France),2023-04-02,73,93.05
LivraPlus (France),2023-04-03,539,1440.221
LivraPlus (France),2023-04-04,496,1475.226
LivraPlus (France),2023-04-05,531,1956.1100000000001
LivraPlus (France),2023-04-06,421,1418.31
LivraPlus (France),2023-04-07,291,1113.299
LivraPlus (France),2023-04-08,66,255.709
LivraPlus (France),2023-04-10,114,198.814
LivraPlus (France),2023-04-11,521,1449.122
LivraPlus (France),2023-04-12,643,2072.865
LivraPlus (France),2023-04-13,562,2330.862
LivraPlus (France),2023-04-14,397,1457.177
LivraPlus (France),2023-04-15,46,166.74099999999999
LivraPlus (France),2023-04-16,109,301.122
LivraPlus (France),2023-04-17,488,1396.998
LivraPlus (France),2023-04-18,449,1300.147
LivraPlus (France),2023-04-19,415,1267.274
LivraPlus (France),2023-04-20,349,1233.36
LivraPlus (France),2023-04-21,297,1126.861
LivraPlus (France),2023-04-22,35,181.064
LivraPlus (France),2023-04-23,129,602.242
LivraPlus (France),2023-04-24,490,1386.027
LivraPlus (France),2023-04-25,438,1580.41
LivraPlus (France),2023-04-26,436,1802.45
LivraPlus (France),2023-04-27,23,48.12
LivraPlus (France),2023-04-28,424,1480.068
LivraPlus (France),2023-04-29,111,527.742
LivraPlus (France),2023-04-30,231,959.396
LivraPlus (France),2023-05-01,553,1726.27
LivraPlus (France),2023-05-02,496,1701.8990000000001
LivraPlus (France),2023-05-03,501,1875.936
LivraPlus (France),2023-05-04,488,2346.718
LivraPlus (France),2023-05-05,399,1839.088
LivraPlus (France),2023-05-06,32,166.201
LivraPlus (France),2023-05-07,207,1252.521
LivraPlus (France),2023-05-08,611,2013.037
LivraPlus (France),2023-05-09,618,2460.978
LivraPlus (France),2023-05-10,460,1648.347
LivraPlus (France),2023-05-11,457,1585.45
LivraPlus (France),2023-05-12,572,1957.548
LivraPlus (France),2023-05-13,29,115.179
LivraPlus (France),2023-05-14,185,920.543
LivraPlus (France),2023-05-15,749,2544.869
LivraPlus (France),2023-05-16,657,2491.812
LivraPlus (France),2023-05-17,538,1391.199
LivraPlus (France),2023-05-18,23,63.159
LivraPlus (France),2023-05-19,467,1225.073
LivraPlus (France),2023-05-20,61,293.393
LivraPlus (France),2023-05-21,199,902.782
LivraPlus (France),2023-05-22,525,1667.968
LivraPlus (France),2023-05-23,484,1520.259
LivraPlus (France),2023-05-24,487,1404.62
LivraPlus (France),2023-05-25,439,1322.193
LivraPlus (France),2023-05-26,465,1546.346
LivraPlus (France),2023-05-27,53,354.067
LivraPlus (France),2023-05-29,160,892.06
LivraPlus (France),2023-05-30,650,3416.274
LivraPlus (France),2023-05-31,582,3059.448
LivraPlus (France),2023-06-01,536,2066.248
LivraPlus (France),2023-06-02,519,2468.453
LivraPlus (France),2023-06-03,54,281.3
LivraPlus (France),2023-06-04,172,946.803
LivraPlus (France),2023-06-05,596,2522.295
LivraPlus (France),2023-06-06,507,2491.996
LivraPlus (France),2023-06-07,559,1631.8020000000001
LivraPlus (France),2023-06-08,366,930.434
LivraPlus (France),2023-06-09,402,1452.783
LivraPlus (France),2023-06-10,58,283.182
LivraPlus (France),2023-06-11,103,199.099
LivraPlus (France),2023-06-12,477,1061.27
LivraPlus (France),2023-06-13,515,1804.259
LivraPlus (France),2023-06-14,412,1224.611
LivraPlus (France),2023-06-15,439,1103.227
LivraPlus (France),2023-06-16,455,1524.177
LivraPlus (France),2023-06-17,59,198.299
LivraPlus (France),2023-06-18,112,322.975
LivraPlus (France),2023-06-19,467,2083.213
LivraPlus (France),2023-06-20,516,1744.686
LivraPlus (France),2023-06-21,503,1235.913
LivraPlus (France),2023-06-22,385,1051.58
LivraPlus (France),2023-06-23,346,1176.396
LivraPlus (France),2023-06-24,62,280.026
LivraPlus (France),2023-06-25,77,164.36
LivraPlus (France),2023-06-26,415,941.5
LivraPlus (France),2023-06-27,470,1583.819
LivraPlus (France),2023-06-28,362,1199.549
LivraPlus (France),2023-06-29,351,1131.536
LivraPlus (France),2023-06-30,348,1336.9950000000001
LivraPlus (France),2023-07-01,50,164.061
LivraPlus (France),2023-07-02,95,310.731
LivraPlus (France),2023-07-03,528,1850.709
LivraPlus (France),2023-07-04,484,1765.539
LivraPlus (France),2023-07-05,617,1441.82
LivraPlus (France),2023-07-06,590,1213.272
LivraPlus (France),2023-07-07,712,1686.345
LivraPlus (France),2023-07-08,68,238.42000000000002
LivraPlus (France),2023-07-09,150,364.941
LivraPlus (France),2023-07-10,631,1958.61
LivraPlus (France),2023-07-11,660,1815.164
LivraPlus (France),2023-07-12,503,1467.661
LivraPlus (France),2023-07-13,518,1769.839
LivraPlus (France),2023-07-14,466,1208.767
LivraPlus (France),2023-07-15,15,63.744
LivraPlus (France),2023-07-16,134,622.201
LivraPlus (France),2023-07-17,680,1881.77
LivraPlus (France),2023-07-18,646,1486.767
LivraPlus (France),2023-07-19,601,1258.611
LivraPlus (France),2023-07-20,443,1156.957
LivraPlus (France),2023-07-21,252,889.456
LivraPlus (France),2023-07-22,31,131.419
LivraPlus (France),2023-07-23,107,109.14
LivraPlus (France),2023-07-24,561,1407.018
LivraPlus (France),2023-07-25,553,1190.034
LivraPlus (France),2023-07-26,551,964.491
LivraPlus (France),2023-07-27,458,1110.53
LivraPlus (France),2023-07-28,468,1046.813
LivraPlus (France),2023-07-29,37,239.226
LivraPlus (France),2023-07-30,75,129.861
LivraPlus (France),2023-07-31,474,1328.403
LivraPlus (France),2023-08-01,501,1143.945
LivraPlus (France),2023-08-02,410,891.277
LivraPlus (France),2023-08-03,381,1150.503
LivraPlus (France),2023-08-04,352,854.855
LivraPlus (France),2023-08-05,33,221.197
LivraPlus (France),2023-08-06,122,100.815
LivraPlus (France),2023-08-07,527,1491.376
LivraPlus (France),2023-08-08,459,1540.444
LivraPlus (France),2023-08-09,435,1070.688
LivraPlus (France),2023-08-10,375,1189.264
LivraPlus (France),2023-08-11,370,1323.122
LivraPlus (France),2023-08-12,57,139.481
LivraPlus (France),2023-08-13,94,117.14
LivraPlus (France),2023-08-14,427,1199.152
LivraPlus (France),2023-08-15,418,895.782
LivraPlus (France),2023-08-16,384,1152.029
LivraPlus (France),2023-08-17,287,803.21
LivraPlus (France),2023-08-18,276,1251.501
LivraPlus (France),2023-08-19,30,37.896
LivraPlus (France),2023-08-20,66,75.7
LivraPlus (France),2023-08-21,448,1027.473
LivraPlus (France),2023-08-22,438,1113.131
LivraPlus (France),2023-08-23,345,712.669
LivraPlus (France),2023-08-24,360,720.473
LivraPlus (France),2023-08-25,668,942.191
LivraPlus (France),2023-08-26,23,62.991
LivraPlus (France),2023-08-27,75,122.9
LivraPlus (France),2023-08-28,491,875.62
LivraPlus (France),2023-08-29,443,1116.71
LivraPlus (France),2023-08-30,434,1109.641
LivraPlus (France),2023-08-31,483,1433.363
LivraPlus (France),2023-09-01,397,1153.517
LivraPlus (France),2023-09-02,39,107.901
LivraPlus (France),2023-09-03,98,326.66
LivraPlus (France),2023-09-04,508,1115.204
LivraPlus (France),2023-09-05,503,1444.385
LivraPlus (France),2023-09-06,504,1168.808
LivraPlus (France),2023-09-07,436,1289.628
LivraPlus (France),2023-09-08,370,1360.554
LivraPlus (France),2023-09-09,32,352.599
LivraPlus (France),2023-09-10,79,154.559
LivraPlus (France),2023-09-11,486,1048.444
LivraPlus (France),2023-09-12,453,1132.822
LivraPlus (France),2023-09-13,412,1099.394
LivraPlus (France),2023-09-14,405,972.041
LivraPlus (France),2023-09-15,385,864.664
LivraPlus (France),2023-09-16,25,77.182
LivraPlus (France),2023-09-17,47,93.495
LivraPlus (France),2023-09-18,586,1627.414
LivraPlus (France),2023-09-19,426,1216.842
LivraPlus (France),2023-09-20,415,1416.577
LivraPlus (France),2023-09-21,400,1349.35
LivraPlus (France),2023-09-22,364,1502.727
LivraPlus (France),2023-09-23,10,32.939
LivraPlus (France),2023-09-24,155,886.139
LivraPlus (France),2023-09-25,416,1041.583
LivraPlus (France),2023-09-26,415,1052.943
LivraPlus (France),2023-09-27,395,1293.933
LivraPlus (France),2023-09-28,435,1547.303
LivraPlus (France),2023-09-29,494,1486.29
LivraPlus (France),2023-09-30,30,120.246
LivraPlus (France),2023-10-01,61,79.95400000000001
LivraPlus (France),2023-10-02,597,1316.953
LivraPlus (France),2023-10-03,642,2095.078
LivraPlus (France),2023-10-04,564,1928.875
LivraPlus (France),2023-10-05,691,1194.51
LivraPlus (France),2023-10-06,747,1738.525
LivraPlus (France),2023-10-07,42,131.672
LivraPlus (France),2023-10-08,218,358.61400000000003
LivraPlus (France),2023-10-09,1421,1820.19
LivraPlus (France),2023-10-10,1703,1762.868
LivraPlus (France),2023-10-11,1454,2206.163
LivraPlus (France),2023-10-12,794,1058.173
LivraPlus (France),2023-10-13,490,1054.0
LivraPlus (France),2023-10-14,36,111.34
LivraPlus (France),2023-10-15,128,368.092
LivraPlus (France),2023-10-16,596,1553.439
LivraPlus (France),2023-10-17,602,2024.248
LivraPlus (France),2023-10-18,588,2251.305
LivraPlus (France),2023-10-19,426,1197.619
LivraPlus (France),2023-10-20,376,1170.626
LivraPlus (France),2023-10-21,15,47.668
LivraPlus (France),2023-10-22,102,275.785
LivraPlus (France),2023-10-23,527,1367.191
LivraPlus (France),2023-10-24,497,1314.649
LivraPlus (France),2023-10-25,429,1373.033
LivraPlus (France),2023-10-26,473,1932.591
LivraPlus (France),2023-10-27,416,1656.6970000000001
LivraPlus (France),2023-10-28,34,58.453
LivraPlus (France),2023-10-29,111,277.248
LivraPlus (France),2023-10-30,553,1941.906
LivraPlus (France),2023-10-31,515,2011.767
LivraPlus (France),2023-11-01,439,1111.7839999999999
LivraPlus (France),2023-11-02,446,1040.404
LivraPlus (France),2023-11-03,338,1240.603
LivraPlus (France),2023-11-04,32,142.43
LivraPlus (France),2023-11-05,116,365.074
LivraPlus (France),2023-11-06,465,1398.3990000000001
LivraPlus (France),2023-11-07,527,1431.908
LivraPlus (France),2023-11-08,421,1199.293
LivraPlus (France),2023-11-09,440,1327.575
LivraPlus (France),2023-11-10,430,1153.522
LivraPlus (France),2023-11-11,10,32.967
LivraPlus (France),2023-11-12,141,389.204
LivraPlus (France),2023-11-13,815,1839.4470000000001
LivraPlus (France),2023-11-14,2113,2658.074
LivraPlus (France),2023-11-15,2361,2268.24
LivraPlus (France),2023-11-16,1781,1792.121
LivraPlus (France),2023-11-17,1148,1322.455
LivraPlus (France),2023-11-18,1,11.02
LivraPlus (France),2023-11-19,225,321.889
LivraPlus (France),2023-11-20,2288,3019.595
LivraPlus (France),2023-11-21,2410,2977.602
LivraPlus (France),2023-11-22,1629,2569.029
LivraPlus (France),2023-11-23,816,1615.283
LivraPlus (France),2023-11-24,487,1774.77
LivraPlus (France),2023-11-25,33,158.123
LivraPlus (France),2023-11-26,128,688.263
LivraPlus (France),2023-11-27,437,1770.531
LivraPlus (France),2023-11-28,501,1768.22
LivraPlus (France),2023-11-29,397,2022.94
LivraPlus (France),2023-11-30,253,795.58
LivraPlus (France),2023-12-01,743,1753.028
LivraPlus (France),2023-12-02,196,231.464
LivraPlus (France),2023-12-03,98,565.559
LivraPlus (France),2023-12-04,423,936.853
LivraPlus (France),2023-12-05,536,1086.758
LivraPlus (France),2023-12-06,718,1080.738
LivraPlus (France),2023-12-07,567,930.454
LivraPlus (France),2023-12-08,556,855.573
LivraPlus (France),2023-12-09,192,242.242
LivraPlus (France),2023-12-10,86,494.642
LivraPlus (France),2023-12-11,620,1147.641
LivraPlus (France),2023-12-12,421,531.6030000000001
LivraPlus (France),2023-12-13,562,996.506
LivraPlus (France),2023-12-14,538,826.473
LivraPlus (France),2023-12-15,409,638.372
LivraPlus (France),2023-12-16,107,89.972
LivraPlus (France),2023-12-17,80,276.199
LivraPlus (France),2023-12-18,319,457.987
LivraPlus (France),2023-12-19,320,491.897
LivraPlus (France),2023-12-20,333,485.747
LivraPlus (France),2023-12-21,273,539.604
LivraPlus (France),2023-12-22,38,194.17
LivraPlus (France),2023-12-23,18,16.681
LivraPlus (France),2023-12-26,45,21.9
LivraPlus (France),2023-12-27,222,520.088
LivraPlus (France),2023-12-28,187,323.526
LivraPlus (France),2023-12-29,159,300.591
LivraPlus (France),2023-12-30,20,21.371
LivraPlus (France),2024-01-01,2,4.34
LivraPlus (France),2024-01-02,264,755.304
LivraPlus (France),2024-01-03,270,407.08
LivraPlus (France),2024-01-04,300,694.769
LivraPlus (France),2024-01-05,203,625.927
LivraPlus (France),2024-01-06,14,17.87
LivraPlus (France),2024-01-07,138,179.931
LivraPlus (France),2024-01-08,312,938.5550000000001
LivraPlus (France),2024-01-09,422,754.08
LivraPlus (France),2024-01-10,339,527.22
LivraPlus (France),2024-01-11,301,742.461
LivraPlus (France),2024-01-12,240,630.664
LivraPlus (France),2024-01-13,42,84.962
LivraPlus (France),2024-01-14,121,215.952
LivraPlus (France),2024-01-15,329,1049.593
LivraPlus (France),2024-01-16,241,621.773
LivraPlus (France),2024-01-17,209,563.567
LivraPlus (France),2024-01-18,327,794.193
LivraPlus (France),2024-01-19,268,663.894
LivraPlus (France),2024-01-20,50,131.888
LivraPlus (France),2024-01-21,131,223.447
LivraPlus (France),2024-01-22,317,914.782
LivraPlus (France),2024-01-23,237,534.995
LivraPlus (France),2024-01-24,235,794.65
LivraPlus (France),2024-01-25,202,424.942
LivraPlus (France),2024-01-26,195,499.055
LivraPlus (France),2024-01-27,43,88.441
LivraPlus (France),2024-01-28,105,136.362
LivraPlus (France),2024-01-29,272,945.364
LivraPlus (France),2024-01-30,290,689.23
LivraPlus (France),2024-01-31,282,790.232
LivraPlus (France),2024-02-01,268,540.898
LivraPlus (France),2024-02-02,199,733.838
LivraPlus (France),2024-02-03,51,171.49099999999999
LivraPlus (France),2024-02-04,87,108.69
LivraPlus (France),2024-02-05,325,1155.923
LivraPlus (France),2024-02-06,307,990.134
LivraPlus (France),2024-02-07,290,781.98
LivraPlus (France),2024-02-08,223,777.627
LivraPlus (France),2024-02-09,161,447.95
LivraPlus (France),2024-02-10,27,49.335
LivraPlus (France),2024-02-11,110,276.9
LivraPlus (France),2024-02-12,273,1224.066
LivraPlus (France),2024-02-13,372,1916.648
LivraPlus (France),2024-02-14,383,1459.647
LivraPlus (France),2024-02-15,336,1178.769
LivraPlus (France),2024-02-16,243,1186.895
LivraPlus (France),2024-02-17,38,192.639
LivraPlus (France),2024-02-18,135,469.63800000000003
LivraPlus (France),2024-02-19,342,1702.633
LivraPlus (France),2024-02-20,306,1660.195
LivraPlus (France),2024-02-21,287,1059.122
LivraPlus (France),2024-02-22,285,1289.178
LivraPlus (France),2024-02-23,188,1090.699
LivraPlus (France),2024-02-24,40,109.845
LivraPlus (France),2024-02-25,131,528.522
LivraPlus (France),2024-02-26,365,1662.203
LivraPlus (France),2024-02-27,302,1605.575
LivraPlus (France),2024-02-28,340,1206.657
LivraPlus (France),2024-02-29,343,1727.954
LivraPlus (France),2024-03-01,233,1397.033
LivraPlus (France),2024-03-02,29,112.342
LivraPlus (France),2024-03-03,180,1036.115
LivraPlus (France),2024-03-04,403,2707.361
LivraPlus (France),2024-03-05,347,1497.428
LivraPlus (France),2024-03-06,372,1328.499
LivraPlus (France),2024-03-07,264,1308.551
LivraPlus (France),2024-03-08,214,1389.458
LivraPlus (France),2024-03-09,21,70.017
LivraPlus (France),2024-03-10,119,500.679
LivraPlus (France),2024-03-11,381,1983.343
LivraPlus (France),2024-03-12,373,2035.27
LivraPlus (France),2024-03-13,325,1702.637
LivraPlus (France),2024-03-14,271,1584.309
LivraPlus (France),2024-03-15,205,1579.592
LivraPlus (France),2024-03-16,24,81.543
LivraPlus (France),2024-03-17,133,927.239
LivraPlus (France),2024-03-18,341,2088.801
LivraPlus (France),2024-03-19,358,2119.738
LivraPlus (France),2024-03-20,370,1464.628
LivraPlus (France),2024-03-21,294,1226.413
LivraPlus (France),2024-03-22,237,842.8679999999999
LivraPlus (France),2024-03-23,32,63.396
LivraPlus (France),2024-03-24,157,1725.97
LivraPlus (France),2024-03-25,310,1655.66
LivraPlus (France),2024-03-26,431,1918.223
LivraPlus (France),2024-03-27,601,1914.2839999999999
LivraPlus (France),2024-03-28,482,2024.432
LivraPlus (France),2024-03-29,204,1343.438
LivraPlus (France),2024-03-30,101,223.068
LivraPlus (France),2024-04-01,197,1666.757
LivraPlus (France),2024-04-02,471,2393.055
LivraPlus (France),2024-04-03,413,2004.304
LivraPlus (France),2024-04-04,390,3180.245
LivraPlus (France),2024-04-05,284,1437.997
LivraPlus (France),2024-04-06,33,89.383
LivraPlus (France),2024-04-07,129,609.18
LivraPlus (France),2024-04-08,384,1834.415
LivraPlus (France),2024-04-09,360,2345.701
LivraPlus (France),2024-04-10,269,1321.683
LivraPlus (France),2024-04-11,331,2028.489
LivraPlus (France),2024-04-12,267,1583.623
LivraPlus (France),2024-04-13,53,184.585
LivraPlus (France),2024-04-14,120,796.831
LivraPlus (France),2024-04-15,378,2036.123
LivraPlus (France),2024-04-16,302,1755.2
LivraPlus (France),2024-04-17,280,1327.162
LivraPlus (France),2024-04-18,328,1792.531
LivraPlus (France),2024-04-19,281,1520.376
LivraPlus (France),2024-04-20,34,78.59
LivraPlus (France),2024-04-21,141,1132.6200000000001
LivraPlus (France),2024-04-22,382,2091.041
LivraPlus (France),2024-04-23,343,1528.113
LivraPlus (France),2024-04-24,299,1438.946
LivraPlus (France),2024-04-25,253,844.6270000000001
LivraPlus (France),2024-04-26,272,1341.899
LivraPlus (France),2024-04-27,4,50.019999999999996
LivraPlus (France),2024-04-28,164,508.92
LivraPlus (France),2024-04-29,397,1761.402
LivraPlus (France),2024-04-30,363,1600.07
LivraPlus (France),2024-05-01,350,1504.473
LivraPlus (France),2024-05-02,352,1759.065
LivraPlus (France),2024-05-03,315,1381.92
LivraPlus (France),2024-05-04,65,315.845
LivraPlus (France),2024-05-05,129,340.847
LivraPlus (France),2024-05-06,464,1455.855
LivraPlus (France),2024-05-07,468,1862.723
LivraPlus (France),2024-05-08,464,1368.636
LivraPlus (France),2024-05-09,2,40.260000000000005
LivraPlus (France),2024-05-10,738,1185.031
LivraPlus (France),2024-05-11,33,57.493
LivraPlus (France),2024-05-12,135,736.535
LivraPlus (France),2024-05-13,1070,2388.642
LivraPlus (France),2024-05-14,902,1703.915
LivraPlus (France),2024-05-15,926,2130.824
LivraPlus (France),2024-05-16,471,1128.877
LivraPlus (France),2024-05-17,340,1279.249
LivraPlus (France),2024-05-18,48,135.6
LivraPlus (France),2024-05-19,15,2.133
LivraPlus (France),2024-05-20,202,1283.296
LivraPlus (France),2024-05-21,491,2033.771
LivraPlus (France),2024-05-22,419,1698.453
LivraPlus (France),2024-05-23,379,1146.763
LivraPlus (France),2024-05-24,390,1470.959
LivraPlus (France),2024-05-25,48,182.88
LivraPlus (France),2024-05-26,122,510.77500000000003
LivraPlus (France),2024-05-27,452,1291.055
LivraPlus (France),2024-05-28,450,1941.628
LivraPlus (France),2024-05-29,392,1329.026
LivraPlus (France),2024-05-30,542,1362.429
LivraPlus (France),2024-05-31,397,1837.81
LivraPlus (France),2024-06-01,38,137.516
LivraPlus (France),2024-06-02,130,697.833
LivraPlus (France),2024-06-03,374,1739.614
LivraPlus (France),2024-06-04,439,2343.838
LivraPlus (France),2024-06-05,453,1588.246
LivraPlus (France),2024-06-06,372,1692.8
LivraPlus (France),2024-06-07,355,1671.506
LivraPlus (France),2024-06-08,48,71.2
LivraPlus (France),2024-06-09,173,796.7570000000001
LivraPlus (France),2024-06-10,431,1335.232
LivraPlus (France),2024-06-11,408,1862.597
LivraPlus (France),2024-06-12,388,1645.894
LivraPlus (France),2024-06-13,334,1407.286
LivraPlus (France),2024-06-14,323,1195.723
LivraPlus (France),2024-06-15,38,81.79
LivraPlus (France),2024-06-16,120,257.604
LivraPlus (France),2024-06-17,382,1396.172
LivraPlus (France),2024-06-18,299,963.861
LivraPlus (France),2024-06-19,322,1252.558
LivraPlus (France),2024-06-20,332,893.274
LivraPlus (France),2024-06-21,248,1131.331
LivraPlus (France),2024-06-22,31,106.458
LivraPlus (France),2024-06-23,131,782.341
LivraPlus (France),2024-06-24,368,1132.97
LivraPlus (France),2024-06-25,281,1399.29
LivraPlus (France),2024-06-26,323,1026.823
LivraPlus (France),2024-06-27,284,1254.418
LivraPlus (France),2024-06-28,268,1387.238
LivraPlus (France),2024-06-29,45,114.493
LivraPlus (France),2024-06-30,139,447.991
LivraPlus (France),2024-07-01,512,1718.952
LivraPlus (France),2024-07-02,399,1327.171
LivraPlus (France),2024-07-03,378,2251.928
LivraPlus (France),2024-07-04,392,1752.482
LivraPlus (France),2024-07-05,324,1365.437
LivraPlus (France),2024-07-06,56,163.257
LivraPlus (France),2024-07-07,207,805.695
LivraPlus (France),2024-07-08,427,2061.237
LivraPlus (France),2024-07-09,403,1446.322
LivraPlus (France),2024-07-10,368,1347.688
LivraPlus (France),2024-07-11,244,966.541
LivraPlus (France),2024-07-12,251,1135.5910000000001
LivraPlus (France),2024-07-13,31,20.858
LivraPlus (France),2024-07-14,184,899.048
LivraPlus (France),2024-07-15,354,1493.701
LivraPlus (France),2024-07-16,335,1361.546
LivraPlus (France),2024-07-17,401,1604.483
LivraPlus (France),2024-07-18,395,1776.7350000000001
LivraPlus (France),2024-07-19,309,1364.618
LivraPlus (France),2024-07-20,51,41.063
LivraPlus (France),2024-07-21,195,936.461
LivraPlus (France),2024-07-22,415,1869.51
LivraPlus (France),2024-07-23,477,1706.561
LivraPlus (France),2024-07-24,497,1552.34
LivraPlus (France),2024-07-25,432,1776.366
LivraPlus (France),2024-07-26,464,1161.57
LivraPlus (France),2024-07-27,83,268.759
LivraPlus (France),2024-07-28,149,524.861
LivraPlus (France),2024-07-29,599,1801.567
LivraPlus (France),2024-07-30,507,1681.728
LivraPlus (France),2024-07-31,442,1374.561
LivraPlus (France),2024-08-01,523,1384.703
LivraPlus (France),2024-08-02,345,1172.981
LivraPlus (France),2024-08-03,64,230.036
LivraPlus (France),2024-08-04,193,944.777
LivraPlus (France),2024-08-05,517,1533.232
LivraPlus (France),2024-08-06,459,1763.096
LivraPlus (France),2024-08-07,389,1225.75
LivraPlus (France),2024-08-08,472,1575.292
LivraPlus (France),2024-08-09,320,955.995
LivraPlus (France),2024-08-10,67,102.719
LivraPlus (France),2024-08-11,157,906.678
LivraPlus (France),2024-08-12,452,1461.231
LivraPlus (France),2024-08-13,436,1679.37
LivraPlus (France),2024-08-14,427,1830.755
LivraPlus (France),2024-08-15,289,928.999
LivraPlus (France),2024-08-16,327,1388.607
LivraPlus (France),2024-08-17,69,72.941
LivraPlus (France),2024-08-18,183,896.75
LivraPlus (France),2024-08-19,541,1827.257
LivraPlus (France),2024-08-20,491,1642.132
LivraPlus (France),2024-08-21,364,1347.727
LivraPlus (France),2024-08-22,383,1308.734
LivraPlus (France),2024-08-23,359,1339.077
LivraPlus (France),2024-08-24,87,106.89
LivraPlus (France),2024-08-25,172,930.428
LivraPlus (France),2024-08-26,535,1663.645
LivraPlus (France),2024-08-27,429,1409.622
LivraPlus (France),2024-08-28,505,2134.652
LivraPlus (France),2024-08-29,358,1045.47
LivraPlus (France),2024-08-30,369,1641.41
LivraPlus (France),2024-08-31,152,264.032
LivraPlus (France),2024-09-01,192,1180.7060000000001
LivraPlus (France),2024-09-02,632,2365.931
LivraPlus (France),2024-09-03,606,1941.225
LivraPlus (France),2024-09-04,572,2098.961
LivraPlus (France),2024-09-05,503,1344.018
LivraPlus (France),2024-09-06,496,1469.227
LivraPlus (France),2024-09-07,147,349.962
LivraPlus (France),2024-09-08,177,496.354
LivraPlus (France),2024-09-09,582,1864.339
LivraPlus (France),2024-09-10,463,1404.661
LivraPlus (France),2024-09-11,558,1356.924
LivraPlus (France),2024-09-12,404,1233.912
LivraPlus (France),2024-09-13,582,1508.813
LivraPlus (France),2024-09-14,116,224.187
LivraPlus (France),2024-09-15,152,523.915
LivraPlus (France),2024-09-16,743,2076.517
LivraPlus (France),2024-09-17,517,1411.154
LivraPlus (France),2024-09-18,416,1089.12
LivraPlus (France),2024-09-19,371,1063.951
LivraPlus (France),2024-09-20,386,828.785
LivraPlus (France),2024-09-21,61,85.223
LivraPlus (France),2024-09-22,178,590.021
LivraPlus (France),2024-09-23,560,1885.069
LivraPlus (France),2024-09-24,571,1387.335
LivraPlus (France),2024-09-25,612,1039.542
LivraPlus (France),2024-09-26,455,1020.508
LivraPlus (France),2024-09-27,327,849.014
LivraPlus (France),2024-09-28,121,261.079
LivraPlus (France),2024-09-29,216,415.406
LivraPlus (France),2024-09-30,718,2175.526
LivraPlus (France),2024-10-01,526,1662.546
LivraPlus (France),2024-10-02,533,1070.617
LivraPlus (France),2024-10-03,597,1305.792
LivraPlus (France),2024-10-04,577,1469.613
LivraPlus (France),2024-10-05,100,90.182
LivraPlus (France),2024-10-06,193,551.948
LivraPlus (France),2024-10-07,732,1174.257
LivraPlus (France),2024-10-08,634,1525.583
LivraPlus (France),2024-10-09,608,1607.691
LivraPlus (France),2024-10-10,485,1100.145
LivraPlus (France),2024-10-11,471,1034.327
LivraPlus (France),2024-10-12,94,214.999
LivraPlus (France),2024-10-13,203,472.105
LivraPlus (France),2024-10-14,856,2086.555
LivraPlus (France),2024-10-15,709,1302.681
LivraPlus (France),2024-10-16,647,1171.158
LivraPlus (France),2024-10-17,468,1005.634
LivraPlus (France),2024-10-18,483,1573.68
LivraPlus (France),2024-10-19,121,170.765
LivraPlus (France),2024-10-20,171,472.628
LivraPlus (France),2024-10-21,906,1914.511
LivraPlus (France),2024-10-22,813,1081.269
LivraPlus (France),2024-10-23,845,1716.78
LivraPlus (France),2024-10-24,611,1202.282
LivraPlus (France),2024-10-25,658,1196.592
LivraPlus (France),2024-10-26,85,122.303
LivraPlus (France),2024-10-27,177,259.326
LivraPlus (France),2024-10-28,787,1008.137
LivraPlus (France),2024-10-29,1252,823.863
LivraPlus (France),2024-10-30,784,563.11
LivraPlus (France),2024-10-31,624,453.39
LivraPlus (France),2024-11-01,413,388.388
LivraPlus (France),2024-11-02,102,127.929
LivraPlus (France),2024-11-03,196,169.048
LivraPlus (France),2024-11-04,1004,1008.615
LivraPlus (France),2024-11-05,714,546.862
LivraPlus (France),2024-11-06,626,616.898
LivraPlus (France),2024-11-07,474,854.427
LivraPlus (France),2024-11-08,318,591.523
LivraPlus (France),2024-11-09,105,151.556
LivraPlus (France),2024-11-10,220,212.995
LivraPlus (France),2024-11-11,638,551.627
LivraPlus (France),2024-11-12,535,422.89
LivraPlus (France),2024-11-13,624,413.886
LivraPlus (France),2024-11-14,419,522.002
LivraPlus (France),2024-11-15,423,450.69
LivraPlus (France),2024-11-16,134,126.977
LivraPlus (France),2024-11-17,258,292.792
LivraPlus (France),2024-11-18,626,838.707
LivraPlus (France),2024-11-19,690,735.981
LivraPlus (France),2024-11-20,684,495.376
LivraPlus (France),2024-11-21,580,487.766
LivraPlus (France),2024-11-22,720,563.99
LivraPlus (France),2024-11-23,163,234.279
LivraPlus (France),2024-11-24,501,709.824
LivraPlus (France),2024-11-25,818,945.612
LivraPlus (France),2024-11-26,1002,790.149
LivraPlus (France),2024-11-27,984,955.056
LivraPlus (France),2024-11-28,1120,1079.801
LivraPlus (France),2024-11-29,1174,1046.715
LivraPlus (France),2024-11-30,507,488.94599999999997
LivraPlus (France),2024-12-01,621,740.35
LivraPlus (France),2024-12-02,1141,1083.31
LivraPlus (France),2024-12-03,941,755.365
LivraPlus (France),2024-12-04,1043,970.602
LivraPlus (France),2024-12-05,964,761.999
LivraPlus (France),2024-12-06,943,781.471
LivraPlus (France),2024-12-07,396,278.841
LivraPlus (France),2024-12-08,329,412.841
LivraPlus (France),2024-12-09,1265,1470.955
LivraPlus (France),2024-12-10,1003,699.656
LivraPlus (France),2024-12-11,1180,687.182
LivraPlus (France),2024-12-12,1146,586.899
LivraPlus (France),2024-12-13,1417,826.843
LivraPlus (France),2024-12-14,449,305.388
LivraPlus (France),2024-12-15,464,550.433
LivraPlus (France),2024-12-16,1838,878.183
LivraPlus (France),2024-12-17,1610,808.8
LivraPlus (France),2024-12-18,1018,519.003
LivraPlus (France),2024-12-19,1119,642.254
LivraPlus (France),2024-12-20,892,430.939
LivraPlus (France),2024-12-21,333,221.385
LivraPlus (France),2024-12-22,176,122.317
LivraPlus (France),2024-12-23,688,424.277
LivraPlus (France),2024-12-24,381,432.749
LivraPlus (France),2024-12-25,150,65.405
LivraPlus (France),2024-12-26,125,83.489
LivraPlus (France),2024-12-27,457,390.446
LivraPlus (France),2024-12-28,94,85.961
LivraPlus (France),2024-12-29,145,90.515
LivraPlus (France),2024-12-30,731,524.095
LivraPlus (France),2024-12-31,292,177.854
LivraPlus (France),2025-01-01,7,13.525
LivraPlus (France),2025-01-02,572,499.136
LivraPlus (France),2025-01-03,364,350.192
LivraPlus (France),2025-01-04,93,101.804
LivraPlus (France),2025-01-05,209,111.167
LivraPlus (France),2025-01-06,659,547.737
LivraPlus (France),2025-01-07,500,370.347
LivraPlus (France),2025-01-08,533,423.544
LivraPlus (France),2025-01-09,283,343.273
LivraPlus (France),2025-01-10,387,337.395
LivraPlus (France),2025-01-11,92,81.608
LivraPlus (France),2025-01-12,208,183.289
LivraPlus (France),2025-01-13,650,560.066
LivraPlus (France),2025-01-14,480,426.562
LivraPlus (France),2025-01-15,619,539.131
LivraPlus (France),2025-01-16,412,381.774
LivraPlus (France),2025-01-17,252,324.139
LivraPlus (France),2025-01-18,76,66.652
LivraPlus (France),2025-01-19,153,142.913
LivraPlus (France),2025-01-20,567,539.915
LivraPlus (France),2025-01-21,471,472.37
LivraPlus (France),2025-01-22,429,353.108
LivraPlus (France),2025-01-23,421,319.016
LivraPlus (France),2025-01-24,353,320.153
LivraPlus (France),2025-01-25,76,62.618
LivraPlus (France),2025-01-26,156,125.069
LivraPlus (France),2025-01-27,565,640.834
LivraPlus (France),2025-01-28,516,441.959
LivraPlus (France),2025-01-29,414,397.549
LivraPlus (France),2025-01-30,390,333.894
LivraPlus (France),2025-01-31,420,380.845
LivraPlus (France),2025-02-01,102,126.14500000000001
LivraPlus (France),2025-02-02,106,54.289
LivraPlus (France),2025-02-03,567,747.078
LivraPlus (France),2025-02-04,583,955.688
LivraPlus (France),2025-02-05,604,1091.022
LivraPlus (France),2025-02-06,550,1311.191
LivraPlus (France),2025-02-07,349,843.659
LivraPlus (France),2025-02-08,84,57.093
LivraPlus (France),2025-02-09,206,897.9
LivraPlus (France),2025-02-10,734,1139.189
LivraPlus (France),2025-02-11,438,917.419
LivraPlus (France),2025-02-12,341,822.058
LivraPlus (France),2025-02-13,452,794.496
LivraPlus (France),2025-02-14,386,867.684
LivraPlus (France),2025-02-15,61,155.78900000000002
LivraPlus (France),2025-02-16,209,1093.644
LivraPlus (France),2025-02-17,586,1093.749
LivraPlus (France),2025-02-18,497,816.479
LivraPlus (France),2025-02-19,468,671.302
LivraPlus (France),2025-02-20,373,671.677
LivraPlus (France),2025-02-21,359,724.783
LivraPlus (France),2025-02-22,64,82.352
LivraPlus (France),2025-02-23,160,846.572
LivraPlus (France),2025-02-24,497,841.404
LivraPlus (France),2025-02-25,470,899.118
LivraPlus (France),2025-02-26,375,486.442
LivraPlus (France),2025-02-27,303,698.227
LivraPlus (France),2025-02-28,309,713.157
LivraPlus (France),2025-03-01,97,315.606
LivraPlus (France),2025-03-02,241,1117.826
LivraPlus (France),2025-03-03,613,1132.401
LivraPlus (France),2025-03-04,475,953.392
LivraPlus (France),2025-03-05,409,1036.948
LivraPlus (France),2025-03-06,341,651.639
LivraPlus (France),2025-03-07,358,603.691
LivraPlus (France),2025-03-08,61,73.901
LivraPlus (France),2025-03-09,220,850.338
LivraPlus (France),2025-03-10,647,1391.0049999999999
LivraPlus (France),2025-03-11,529,1039.913
LivraPlus (France),2025-03-12,455,836.263
LivraPlus (France),2025-03-13,424,660.072
LivraPlus (France),2025-03-14,317,660.811
LivraPlus (France),2025-03-15,75,154.341
LivraPlus (France),2025-03-16,204,1009.3199999999999
LivraPlus (France),2025-03-17,588,1198.595
LivraPlus (France),2025-03-18,408,766.531
LivraPlus (France),2025-03-19,369,739.842
LivraPlus (France),2025-03-20,380,757.556
LivraPlus (France),2025-03-21,337,467.968
LivraPlus (France),2025-03-22,60,125.37
LivraPlus (France),2025-03-23,160,695.8919999999999
LivraPlus (France),2025-03-24,606,956.87
LivraPlus (France),2025-03-25,1175,875.187
LivraPlus (France),2025-03-26,1326,815.153
LivraPlus (France),2025-03-27,480,692.507
LivraPlus (France),2025-03-28,320,644.263
LivraPlus (France),2025-03-29,94,123.284
LivraPlus (France),2025-03-30,187,748.558
LivraPlus (France),2025-03-31,660,1319.598
LivraPlus (France),2025-04-01,399,1025.927
LivraPlus (France),2025-04-02,428,1052.919
LivraPlus (France),2025-04-03,395,706.998
LivraPlus (France),2025-04-04,338,970.098
LivraPlus (France),2025-04-05,85,81.917
LivraPlus (France),2025-04-06,186,657.81
LivraPlus (France),2025-04-07,586,1099.946
LivraPlus (France),2025-04-08,483,943.006
LivraPlus (France),2025-04-09,442,905.423
LivraPlus (France),2025-04-10,464,842.112
LivraPlus (France),2025-04-11,413,754.719
LivraPlus (France),2025-04-12,105,199.286
LivraPlus (France),2025-04-13,215,652.625
LivraPlus (France),2025-04-14,616,1636.756
LivraPlus (France),2025-04-15,3,14.488999999999999
BlitzPaket (Germany),2018-12-03,3,11.71
BlitzPaket (Germany),2018-12-06,7,10.66
BlitzPaket (Germany),2018-12-07,2,2.02
BlitzPaket (Germany),2018-12-09,1,0.14
BlitzPaket (Germany),2018-12-10,12,40.16
BlitzPaket (Germany),2018-12-11,1,0.8
BlitzPaket (Germany),2018-12-12,3,4.16
BlitzPaket (Germany),2018-12-13,8,27.279999999999998
BlitzPaket (Germany),2018-12-14,4,1.98
BlitzPaket (Germany),2018-12-15,4,2.26
BlitzPaket (Germany),2018-12-16,3,4.78
BlitzPaket (Germany),2018-12-17,9,9.780000000000001
BlitzPaket (Germany),2018-12-18,20,63.08
BlitzPaket (Germany),2018-12-19,30,102.24
BlitzPaket (Germany),2018-12-20,82,209.72
BlitzPaket (Germany),2018-12-21,232,811.4
BlitzPaket (Germany),2018-12-22,23,129.34
BlitzPaket (Germany),2018-12-23,47,112.10000000000001
BlitzPaket (Germany),2018-12-24,156,444.54
BlitzPaket (Germany),2018-12-25,1,1.28
BlitzPaket (Germany),2018-12-26,13,15.631
BlitzPaket (Germany),2018-12-27,217,716.68
BlitzPaket (Germany),2018-12-28,203,641.42
BlitzPaket (Germany),2018-12-29,4,32.06
BlitzPaket (Germany),2018-12-30,68,170.22
BlitzPaket (Germany),2018-12-31,119,434.92
BlitzPaket (Germany),2019-01-01,4,7.159999999999999
BlitzPaket (Germany),2019-01-02,286,1181.401
BlitzPaket (Germany),2019-01-03,264,903.42
BlitzPaket (Germany),2019-01-04,257,1241.681
BlitzPaket (Germany),2019-01-05,20,66.36
BlitzPaket (Germany),2019-01-06,43,58.86
BlitzPaket (Germany),2019-01-07,337,1198.1
BlitzPaket (Germany),2019-01-08,337,1151.08
BlitzPaket (Germany),2019-01-09,254,985.201
BlitzPaket (Germany),2019-01-10,237,826.04
BlitzPaket (Germany),2019-01-11,235,842.86
BlitzPaket (Germany),2019-01-12,13,58.46
BlitzPaket (Germany),2019-01-13,42,101.24
BlitzPaket (Germany),2019-01-14,339,1296.52
BlitzPaket (Germany),2019-01-15,291,1197.621
BlitzPaket (Germany),2019-01-16,239,1003.107
BlitzPaket (Germany),2019-01-17,221,854.541
BlitzPaket (Germany),2019-01-18,275,968.441
BlitzPaket (Germany),2019-01-19,12,66.58
BlitzPaket (Germany),2019-01-20,43,76.92
BlitzPaket (Germany),2019-01-21,325,1048.96
BlitzPaket (Germany),2019-01-22,246,1079.26
BlitzPaket (Germany),2019-01-23,227,925.5600000000001
BlitzPaket (Germany),2019-01-24,196,849.02
BlitzPaket (Germany),2019-01-25,193,674.24
BlitzPaket (Germany),2019-01-26,2,14.96
BlitzPaket (Germany),2019-01-27,53,139.88
BlitzPaket (Germany),2019-01-28,231,813.38
BlitzPaket (Germany),2019-01-29,229,880.1
BlitzPaket (Germany),2019-01-30,210,774.48
BlitzPaket (Germany),2019-01-31,260,1214.72
BlitzPaket (Germany),2019-02-01,268,880.4
BlitzPaket (Germany),2019-02-02,11,26.939999999999998
BlitzPaket (Germany),2019-02-03,47,112.82000000000001
BlitzPaket (Germany),2019-02-04,340,1132.021
BlitzPaket (Germany),2019-02-05,315,1176.961
BlitzPaket (Germany),2019-02-06,274,874.341
BlitzPaket (Germany),2019-02-07,201,698.42
BlitzPaket (Germany),2019-02-08,261,1097.44
BlitzPaket (Germany),2019-02-09,13,32.24
BlitzPaket (Germany),2019-02-10,47,130.24
BlitzPaket (Germany),2019-02-11,314,1111.464
BlitzPaket (Germany),2019-02-12,271,813.001
BlitzPaket (Germany),2019-02-13,237,1038.78
BlitzPaket (Germany),2019-02-14,255,791.387
BlitzPaket (Germany),2019-02-15,221,852.94
BlitzPaket (Germany),2019-02-16,11,45.12
BlitzPaket (Germany),2019-02-17,43,129.32
BlitzPaket (Germany),2019-02-18,321,1216.2
BlitzPaket (Germany),2019-02-19,241,1042.78
BlitzPaket (Germany),2019-02-20,271,1081.68
BlitzPaket (Germany),2019-02-21,268,1329.595
BlitzPaket (Germany),2019-02-22,224,1069.145
BlitzPaket (Germany),2019-02-23,16,96.92
BlitzPaket (Germany),2019-02-24,43,140.1
BlitzPaket (Germany),2019-02-25,354,1150.401
BlitzPaket (Germany),2019-02-26,295,1490.3
BlitzPaket (Germany),2019-02-27,210,896.162
BlitzPaket (Germany),2019-02-28,218,850.8199999999999
BlitzPaket (Germany),2019-03-01,266,1146.441
BlitzPaket (Germany),2019-03-02,6,11.44
BlitzPaket (Germany),2019-03-03,41,142.9
BlitzPaket (Germany),2019-03-04,354,1367.304
BlitzPaket (Germany),2019-03-05,275,1160.8
BlitzPaket (Germany),2019-03-06,280,993.2139999999999
BlitzPaket (Germany),2019-03-07,264,1140.8899999999999
BlitzPaket (Germany),2019-03-08,303,1101.381
BlitzPaket (Germany),2019-03-09,15,53.44
BlitzPaket (Germany),2019-03-10,47,142.56
BlitzPaket (Germany),2019-03-11,388,1487.97
BlitzPaket (Germany),2019-03-12,286,1039.735
BlitzPaket (Germany),2019-03-13,265,1027.62
BlitzPaket (Germany),2019-03-14,247,1127.381
BlitzPaket (Germany),2019-03-15,218,1012.62
BlitzPaket (Germany),2019-03-16,7,17.5
BlitzPaket (Germany),2019-03-17,40,63.7
BlitzPaket (Germany),2019-03-18,361,1445.202
BlitzPaket (Germany),2019-03-19,255,1219.281
BlitzPaket (Germany),2019-03-20,236,931.38
BlitzPaket (Germany),2019-03-21,244,1139.035
BlitzPaket (Germany),2019-03-22,258,1184.635
BlitzPaket (Germany),2019-03-23,14,63.760000000000005
BlitzPaket (Germany),2019-03-24,28,81.38
BlitzPaket (Germany),2019-03-25,291,1151.126
BlitzPaket (Germany),2019-03-26,310,1375.075
BlitzPaket (Germany),2019-03-27,249,1327.76
BlitzPaket (Germany),2019-03-28,283,1045.04
BlitzPaket (Germany),2019-03-29,254,837.681
BlitzPaket (Germany),2019-03-30,8,29.6
BlitzPaket (Germany),2019-03-31,66,188.84
BlitzPaket (Germany),2019-04-01,333,969.466
BlitzPaket (Germany),2019-04-02,297,1353.642
BlitzPaket (Germany),2019-04-03,305,953.812
BlitzPaket (Germany),2019-04-04,285,1275.56
BlitzPaket (Germany),2019-04-05,279,1105.252
BlitzPaket (Germany),2019-04-06,4,16.14
BlitzPaket (Germany),2019-04-07,40,128.14
BlitzPaket (Germany),2019-04-08,329,1338.2
BlitzPaket (Germany),2019-04-09,301,1076.581
BlitzPaket (Germany),2019-04-10,246,1014.36
BlitzPaket (Germany),2019-04-11,276,1180.76
BlitzPaket (Germany),2019-04-12,260,872.22
BlitzPaket (Germany),2019-04-13,2,10.74
BlitzPaket (Germany),2019-04-14,39,90.72
BlitzPaket (Germany),2019-04-15,384,1316.721
BlitzPaket (Germany),2019-04-16,239,1193.646
BlitzPaket (Germany),2019-04-17,237,943.316
BlitzPaket (Germany),2019-04-18,181,638.361
BlitzPaket (Germany),2019-04-19,175,869.86
BlitzPaket (Germany),2019-04-20,2,9.22
BlitzPaket (Germany),2019-04-22,42,108.76100000000001
BlitzPaket (Germany),2019-04-23,380,1258.103
BlitzPaket (Germany),2019-04-24,307,1551.242
BlitzPaket (Germany),2019-04-25,328,1631.121
BlitzPaket (Germany),2019-04-26,282,1115.3
BlitzPaket (Germany),2019-04-27,3,1.88
BlitzPaket (Germany),2019-04-28,23,63.980000000000004
BlitzPaket (Germany),2019-04-29,338,1225.32
BlitzPaket (Germany),2019-04-30,321,1399.4
BlitzPaket (Germany),2019-05-01,316,1463.876
BlitzPaket (Germany),2019-05-02,330,1333.84
BlitzPaket (Germany),2019-05-03,232,997.241
BlitzPaket (Germany),2019-05-04,10,53.559999999999995
BlitzPaket (Germany),2019-05-05,62,202.22
BlitzPaket (Germany),2019-05-06,328,1560.461
BlitzPaket (Germany),2019-05-07,298,1018.621
BlitzPaket (Germany),2019-05-08,307,1082.36
BlitzPaket (Germany),2019-05-09,295,1333.235
BlitzPaket (Germany),2019-05-10,266,906.481
BlitzPaket (Germany),2019-05-12,68,165.1
BlitzPaket (Germany),2019-05-13,376,1475.16
BlitzPaket (Germany),2019-05-14,323,1280.665
BlitzPaket (Germany),2019-05-15,248,1017.165
BlitzPaket (Germany),2019-05-16,269,1313.715
BlitzPaket (Germany),2019-05-17,219,817.86
BlitzPaket (Germany),2019-05-19,55,112.28
BlitzPaket (Germany),2019-05-20,393,1480.281
BlitzPaket (Germany),2019-05-21,260,850.64
BlitzPaket (Germany),2019-05-22,238,776.341
BlitzPaket (Germany),2019-05-23,305,1064.14
BlitzPaket (Germany),2019-05-24,233,812.12
BlitzPaket (Germany),2019-05-25,2,6.58
BlitzPaket (Germany),2019-05-26,40,88.84
BlitzPaket (Germany),2019-05-27,317,1158.69
BlitzPaket (Germany),2019-05-28,313,1120.633
BlitzPaket (Germany),2019-05-29,313,1110.02
BlitzPaket (Germany),2019-05-30,2,3.24
BlitzPaket (Germany),2019-05-31,272,873.962
BlitzPaket (Germany),2019-06-01,5,8.299999999999999
BlitzPaket (Germany),2019-06-02,84,223.28
BlitzPaket (Germany),2019-06-03,400,1476.081
BlitzPaket (Germany),2019-06-04,325,1100.11
BlitzPaket (Germany),2019-06-05,276,1184.31
BlitzPaket (Germany),2019-06-06,311,1252.88
BlitzPaket (Germany),2019-06-07,302,1215.32
BlitzPaket (Germany),2019-06-10,55,123.58
BlitzPaket (Germany),2019-06-11,441,1585.382
BlitzPaket (Germany),2019-06-12,315,1232.806
BlitzPaket (Germany),2019-06-13,298,929.996
BlitzPaket (Germany),2019-06-14,256,900.841
BlitzPaket (Germany),2019-06-15,1,0.0
BlitzPaket (Germany),2019-06-16,50,142.82
BlitzPaket (Germany),2019-06-17,363,1203.123
BlitzPaket (Germany),2019-06-18,266,866.561
BlitzPaket (Germany),2019-06-19,287,1015.743
BlitzPaket (Germany),2019-06-20,251,1003.26
BlitzPaket (Germany),2019-06-21,240,756.261
BlitzPaket (Germany),2019-06-22,5,15.54
BlitzPaket (Germany),2019-06-23,37,113.921
BlitzPaket (Germany),2019-06-24,313,1105.061
BlitzPaket (Germany),2019-06-25,263,891.15
BlitzPaket (Germany),2019-06-26,237,999.806
BlitzPaket (Germany),2019-06-27,264,804.861
BlitzPaket (Germany),2019-06-28,219,991.1659999999999
BlitzPaket (Germany),2019-06-29,1,6.88
BlitzPaket (Germany),2019-06-30,53,81.04
BlitzPaket (Germany),2019-07-01,341,1300.0
BlitzPaket (Germany),2019-07-02,368,1257.901
BlitzPaket (Germany),2019-07-03,261,952.78
BlitzPaket (Germany),2019-07-04,226,707.28
BlitzPaket (Germany),2019-07-05,231,768.26
BlitzPaket (Germany),2019-07-06,3,9.620000000000001
BlitzPaket (Germany),2019-07-07,61,103.38
BlitzPaket (Germany),2019-07-08,322,1349.84
BlitzPaket (Germany),2019-07-09,263,1157.06
BlitzPaket (Germany),2019-07-10,308,1643.96
BlitzPaket (Germany),2019-07-11,222,569.78
BlitzPaket (Germany),2019-07-12,255,761.34
BlitzPaket (Germany),2019-07-13,1,4.02
BlitzPaket (Germany),2019-07-14,48,130.62
BlitzPaket (Germany),2019-07-15,310,1168.105
BlitzPaket (Germany),2019-07-16,307,1158.283
BlitzPaket (Germany),2019-07-17,250,1159.181
BlitzPaket (Germany),2019-07-18,217,741.12
BlitzPaket (Germany),2019-07-19,218,1153.685
BlitzPaket (Germany),2019-07-20,1,0.3
BlitzPaket (Germany),2019-07-21,46,246.84
BlitzPaket (Germany),2019-07-22,306,1129.82
BlitzPaket (Germany),2019-07-23,251,1254.5240000000001
BlitzPaket (Germany),2019-07-24,220,1135.161
BlitzPaket (Germany),2019-07-25,221,1000.661
BlitzPaket (Germany),2019-07-26,237,1011.482
BlitzPaket (Germany),2019-07-27,1,13.14
BlitzPaket (Germany),2019-07-28,70,261.58
BlitzPaket (Germany),2019-07-29,337,1211.452
BlitzPaket (Germany),2019-07-30,228,1107.55
BlitzPaket (Germany),2019-07-31,234,701.84
BlitzPaket (Germany),2019-08-01,246,804.26
BlitzPaket (Germany),2019-08-02,246,863.141
BlitzPaket (Germany),2019-08-03,2,0.8400000000000001
BlitzPaket (Germany),2019-08-04,65,178.36
BlitzPaket (Germany),2019-08-05,364,1114.721
BlitzPaket (Germany),2019-08-06,347,1234.465
BlitzPaket (Germany),2019-08-07,300,1157.98
BlitzPaket (Germany),2019-08-08,256,1190.565
BlitzPaket (Germany),2019-08-09,243,925.0020000000001
BlitzPaket (Germany),2019-08-10,2,5.9
BlitzPaket (Germany),2019-08-11,64,183.78
BlitzPaket (Germany),2019-08-12,367,1382.892
BlitzPaket (Germany),2019-08-13,293,1088.002
BlitzPaket (Germany),2019-08-14,269,899.92
BlitzPaket (Germany),2019-08-15,250,1155.9669999999999
BlitzPaket (Germany),2019-08-16,255,981.43
BlitzPaket (Germany),2019-08-18,41,95.68
BlitzPaket (Germany),2019-08-19,319,1095.285
BlitzPaket (Germany),2019-08-20,279,1163.881
BlitzPaket (Germany),2019-08-21,288,1257.161
BlitzPaket (Germany),2019-08-22,232,819.58
BlitzPaket (Germany),2019-08-23,261,1074.5819999999999
BlitzPaket (Germany),2019-08-24,24,61.080000000000005
BlitzPaket (Germany),2019-08-25,57,111.361
BlitzPaket (Germany),2019-08-26,278,1079.661
BlitzPaket (Germany),2019-08-27,278,997.34
BlitzPaket (Germany),2019-08-28,260,917.182
BlitzPaket (Germany),2019-08-29,245,971.382
BlitzPaket (Germany),2019-08-30,318,1177.46
BlitzPaket (Germany),2019-08-31,18,49.019999999999996
BlitzPaket (Germany),2019-09-01,50,134.341
BlitzPaket (Germany),2019-09-02,303,1007.031
BlitzPaket (Germany),2019-09-03,323,1431.171
BlitzPaket (Germany),2019-09-04,281,998.0
BlitzPaket (Germany),2019-09-05,257,972.791
BlitzPaket (Germany),2019-09-06,315,1239.9
BlitzPaket (Germany),2019-09-07,20,92.54
BlitzPaket (Germany),2019-09-08,47,125.321
BlitzPaket (Germany),2019-09-09,302,1008.706
BlitzPaket (Germany),2019-09-10,347,1429.511
BlitzPaket (Germany),2019-09-11,292,1081.361
BlitzPaket (Germany),2019-09-12,256,1037.281
BlitzPaket (Germany),2019-09-13,321,1732.02
BlitzPaket (Germany),2019-09-14,10,54.82
BlitzPaket (Germany),2019-09-15,56,133.7
BlitzPaket (Germany),2019-09-16,300,1045.497
BlitzPaket (Germany),2019-09-17,310,1345.278
BlitzPaket (Germany),2019-09-18,290,1238.18
BlitzPaket (Germany),2019-09-19,285,1247.603
BlitzPaket (Germany),2019-09-20,236,854.48
BlitzPaket (Germany),2019-09-21,29,163.44
BlitzPaket (Germany),2019-09-22,41,133.64000000000001
BlitzPaket (Germany),2019-09-23,362,1618.78
BlitzPaket (Germany),2019-09-24,308,1182.347
BlitzPaket (Germany),2019-09-25,296,1307.18
BlitzPaket (Germany),2019-09-26,237,1038.361
BlitzPaket (Germany),2019-09-27,253,1189.221
BlitzPaket (Germany),2019-09-28,46,156.02
BlitzPaket (Germany),2019-09-29,46,111.52
BlitzPaket (Germany),2019-09-30,302,1266.083
BlitzPaket (Germany),2019-10-01,391,1759.861
BlitzPaket (Germany),2019-10-02,326,1357.66
BlitzPaket (Germany),2019-10-03,316,1518.84
BlitzPaket (Germany),2019-10-04,229,930.02
BlitzPaket (Germany),2019-10-05,57,57.58
BlitzPaket (Germany),2019-10-06,49,90.2
BlitzPaket (Germany),2019-10-07,337,1054.962
BlitzPaket (Germany),2019-10-08,357,1736.66
BlitzPaket (Germany),2019-10-09,302,1393.06
BlitzPaket (Germany),2019-10-10,261,1148.692
BlitzPaket (Germany),2019-10-11,254,1010.861
BlitzPaket (Germany),2019-10-12,19,71.32000000000001
BlitzPaket (Germany),2019-10-13,53,190.6
BlitzPaket (Germany),2019-10-14,314,1220.1200000000001
BlitzPaket (Germany),2019-10-15,377,1176.216
BlitzPaket (Germany),2019-10-16,292,1332.62
BlitzPaket (Germany),2019-10-17,333,1208.46
BlitzPaket (Germany),2019-10-18,302,1079.92
BlitzPaket (Germany),2019-10-19,22,57.507
BlitzPaket (Germany),2019-10-20,40,108.60000000000001
BlitzPaket (Germany),2019-10-21,301,1007.9
BlitzPaket (Germany),2019-10-22,295,1272.18
BlitzPaket (Germany),2019-10-23,273,1181.12
BlitzPaket (Germany),2019-10-24,270,1175.88
BlitzPaket (Germany),2019-10-25,207,848.64
BlitzPaket (Germany),2019-10-26,30,106.78
BlitzPaket (Germany),2019-10-27,40,85.16
BlitzPaket (Germany),2019-10-28,352,1479.921
BlitzPaket (Germany),2019-10-29,262,1045.361
BlitzPaket (Germany),2019-10-30,260,964.76
BlitzPaket (Germany),2019-10-31,255,1031.146
BlitzPaket (Germany),2019-11-01,276,1297.98
BlitzPaket (Germany),2019-11-02,14,30.5
BlitzPaket (Germany),2019-11-03,62,197.1
BlitzPaket (Germany),2019-11-04,376,1348.645
BlitzPaket (Germany),2019-11-05,334,1451.8609999999999
BlitzPaket (Germany),2019-11-06,289,1189.5
BlitzPaket (Germany),2019-11-07,245,1051.04
BlitzPaket (Germany),2019-11-08,287,1017.06
BlitzPaket (Germany),2019-11-09,27,77.02
BlitzPaket (Germany),2019-11-10,65,231.51999999999998
BlitzPaket (Germany),2019-11-11,315,1181.374
BlitzPaket (Germany),2019-11-12,329,1279.459
BlitzPaket (Germany),2019-11-13,272,1113.64
BlitzPaket (Germany),2019-11-14,316,1497.115
BlitzPaket (Germany),2019-11-15,286,1080.636
BlitzPaket (Germany),2019-11-16,23,98.86
BlitzPaket (Germany),2019-11-17,54,137.28
BlitzPaket (Germany),2019-11-18,307,1169.99
BlitzPaket (Germany),2019-11-19,354,1637.164
BlitzPaket (Germany),2019-11-20,316,1396.34
BlitzPaket (Germany),2019-11-21,240,711.62
BlitzPaket (Germany),2019-11-22,282,1041.98
BlitzPaket (Germany),2019-11-23,22,61.3
BlitzPaket (Germany),2019-11-24,51,102.64
BlitzPaket (Germany),2019-11-25,306,980.44
BlitzPaket (Germany),2019-11-26,345,1398.5629999999999
BlitzPaket (Germany),2019-11-27,278,1035.08
BlitzPaket (Germany),2019-11-28,323,1169.386
BlitzPaket (Germany),2019-11-29,359,1353.06
BlitzPaket (Germany),2019-11-30,87,372.54
BlitzPaket (Germany),2019-12-01,197,404.78
BlitzPaket (Germany),2019-12-02,365,1207.4
BlitzPaket (Germany),2019-12-03,425,1510.654
BlitzPaket (Germany),2019-12-04,453,1384.505
BlitzPaket (Germany),2019-12-05,379,1459.28
BlitzPaket (Germany),2019-12-06,357,1206.105
BlitzPaket (Germany),2019-12-07,25,60.44
BlitzPaket (Germany),2019-12-08,86,281.484
BlitzPaket (Germany),2019-12-09,423,1513.96
BlitzPaket (Germany),2019-12-10,496,1534.553
BlitzPaket (Germany),2019-12-11,410,1630.9279999999999
BlitzPaket (Germany),2019-12-12,342,1316.433
BlitzPaket (Germany),2019-12-13,434,1577.887
BlitzPaket (Germany),2019-12-14,64,155.061
BlitzPaket (Germany),2019-12-15,97,228.32
BlitzPaket (Germany),2019-12-16,438,1680.105
BlitzPaket (Germany),2019-12-17,551,2281.506
BlitzPaket (Germany),2019-12-18,398,1456.06
BlitzPaket (Germany),2019-12-19,345,1305.54
BlitzPaket (Germany),2019-12-20,295,1024.808
BlitzPaket (Germany),2019-12-21,26,69.76
BlitzPaket (Germany),2019-12-22,53,169.24
BlitzPaket (Germany),2019-12-23,255,551.415
BlitzPaket (Germany),2019-12-24,168,477.635
BlitzPaket (Germany),2019-12-25,2,2.72
BlitzPaket (Germany),2019-12-26,6,35.265
BlitzPaket (Germany),2019-12-27,163,507.232
BlitzPaket (Germany),2019-12-28,30,57.64
BlitzPaket (Germany),2019-12-29,78,174.43
BlitzPaket (Germany),2019-12-30,287,830.094
BlitzPaket (Germany),2019-12-31,131,338.131
BlitzPaket (Germany),2020-01-02,235,795.716
BlitzPaket (Germany),2020-01-03,288,836.097
BlitzPaket (Germany),2020-01-04,26,165.66
BlitzPaket (Germany),2020-01-05,51,124.62
BlitzPaket (Germany),2020-01-06,315,1050.5240000000001
BlitzPaket (Germany),2020-01-07,318,1254.509
BlitzPaket (Germany),2020-01-08,285,1039.786
BlitzPaket (Germany),2020-01-09,279,1178.481
BlitzPaket (Germany),2020-01-10,230,828.431
BlitzPaket (Germany),2020-01-11,15,60.692
BlitzPaket (Germany),2020-01-12,62,105.515
BlitzPaket (Germany),2020-01-13,334,1012.176
BlitzPaket (Germany),2020-01-14,318,1202.453
BlitzPaket (Germany),2020-01-15,302,987.398
BlitzPaket (Germany),2020-01-16,302,1199.143
BlitzPaket (Germany),2020-01-17,224,800.361
BlitzPaket (Germany),2020-01-18,17,33.38
BlitzPaket (Germany),2020-01-19,46,114.859
BlitzPaket (Germany),2020-01-20,318,1116.32
BlitzPaket (Germany),2020-01-21,335,1324.166
BlitzPaket (Germany),2020-01-22,268,905.758
BlitzPaket (Germany),2020-01-23,300,1157.768
BlitzPaket (Germany),2020-01-24,236,753.195
BlitzPaket (Germany),2020-01-25,20,79.34
BlitzPaket (Germany),2020-01-26,55,133.28
BlitzPaket (Germany),2020-01-27,371,1412.498
BlitzPaket (Germany),2020-01-28,323,1336.733
BlitzPaket (Germany),2020-01-29,273,1049.295
BlitzPaket (Germany),2020-01-30,283,1209.481
BlitzPaket (Germany),2020-01-31,237,710.205
BlitzPaket (Germany),2020-02-01,22,62.24
BlitzPaket (Germany),2020-02-02,55,136.38
BlitzPaket (Germany),2020-02-03,334,1170.12
BlitzPaket (Germany),2020-02-04,339,1273.367
BlitzPaket (Germany),2020-02-05,324,1428.744
BlitzPaket (Germany),2020-02-06,254,1088.16
BlitzPaket (Germany),2020-02-07,256,886.395
BlitzPaket (Germany),2020-02-08,18,88.78
BlitzPaket (Germany),2020-02-09,66,226.68
BlitzPaket (Germany),2020-02-10,334,1160.595
BlitzPaket (Germany),2020-02-11,349,1271.111
BlitzPaket (Germany),2020-02-12,267,1034.361
BlitzPaket (Germany),2020-02-13,256,997.325
BlitzPaket (Germany),2020-02-14,253,1166.395
BlitzPaket (Germany),2020-02-15,34,144.88
BlitzPaket (Germany),2020-02-16,54,123.5
BlitzPaket (Germany),2020-02-17,333,1266.276
BlitzPaket (Germany),2020-02-18,307,1389.231
BlitzPaket (Germany),2020-02-19,223,760.035
BlitzPaket (Germany),2020-02-20,267,1174.813
BlitzPaket (Germany),2020-02-21,282,1380.337
BlitzPaket (Germany),2020-02-22,22,85.52
BlitzPaket (Germany),2020-02-23,66,183.412
BlitzPaket (Germany),2020-02-24,319,1051.01
BlitzPaket (Germany),2020-02-25,243,955.493
BlitzPaket (Germany),2020-02-26,239,826.76
BlitzPaket (Germany),2020-02-27,281,1406.66
BlitzPaket (Germany),2020-02-28,288,1095.895
BlitzPaket (Germany),2020-02-29,26,130.421
BlitzPaket (Germany),2020-03-01,70,213.502
BlitzPaket (Germany),2020-03-02,418,1516.559
BlitzPaket (Germany),2020-03-03,364,1588.206
BlitzPaket (Germany),2020-03-04,317,1536.865
BlitzPaket (Germany),2020-03-05,302,1340.316
BlitzPaket (Germany),2020-03-06,294,984.497
BlitzPaket (Germany),2020-03-07,21,29.333
BlitzPaket (Germany),2020-03-08,54,186.84
BlitzPaket (Germany),2020-03-09,402,1548.78
BlitzPaket (Germany),2020-03-10,303,1107.46
BlitzPaket (Germany),2020-03-11,311,1312.941
BlitzPaket (Germany),2020-03-12,295,1037.43
BlitzPaket (Germany),2020-03-13,268,1020.647
BlitzPaket (Germany),2020-03-14,26,113.12
BlitzPaket (Germany),2020-03-15,78,267.151
BlitzPaket (Germany),2020-03-16,338,1377.628
BlitzPaket (Germany),2020-03-17,316,1463.685
BlitzPaket (Germany),2020-03-18,274,1369.315
BlitzPaket (Germany),2020-03-19,261,1353.881
BlitzPaket (Germany),2020-03-20,226,781.974
BlitzPaket (Germany),2020-03-21,17,40.36
BlitzPaket (Germany),2020-03-22,38,69.74
BlitzPaket (Germany),2020-03-23,291,1123.286
BlitzPaket (Germany),2020-03-24,330,1158.924
BlitzPaket (Germany),2020-03-25,242,951.164
BlitzPaket (Germany),2020-03-26,278,995.98
BlitzPaket (Germany),2020-03-27,281,934.451
BlitzPaket (Germany),2020-03-28,43,129.59
BlitzPaket (Germany),2020-03-29,51,191.22
BlitzPaket (Germany),2020-03-30,318,1060.34
BlitzPaket (Germany),2020-03-31,358,1120.986
BlitzPaket (Germany),2020-04-01,261,737.92
BlitzPaket (Germany),2020-04-02,354,1032.799
BlitzPaket (Germany),2020-04-03,343,1182.528
BlitzPaket (Germany),2020-04-04,55,187.76
BlitzPaket (Germany),2020-04-05,113,307.13100000000003
BlitzPaket (Germany),2020-04-06,357,1481.0
BlitzPaket (Germany),2020-04-07,446,2211.566
BlitzPaket (Germany),2020-04-08,464,1669.68
BlitzPaket (Germany),2020-04-09,352,1196.566
BlitzPaket (Germany),2020-04-10,245,835.76
BlitzPaket (Germany),2020-04-11,18,35.94
BlitzPaket (Germany),2020-04-13,77,173.815
BlitzPaket (Germany),2020-04-14,364,1178.267
BlitzPaket (Germany),2020-04-15,393,1375.468
BlitzPaket (Germany),2020-04-16,414,1542.612
BlitzPaket (Germany),2020-04-17,387,1262.97
BlitzPaket (Germany),2020-04-18,25,109.5
BlitzPaket (Germany),2020-04-19,137,387.393
BlitzPaket (Germany),2020-04-20,308,1008.62
BlitzPaket (Germany),2020-04-21,472,2093.719
BlitzPaket (Germany),2020-04-22,338,1270.795
BlitzPaket (Germany),2020-04-23,335,1259.663
BlitzPaket (Germany),2020-04-24,382,1496.198
BlitzPaket (Germany),2020-04-25,23,75.48
BlitzPaket (Germany),2020-04-26,92,305.68
BlitzPaket (Germany),2020-04-27,25,87.9
BlitzPaket (Germany),2020-04-28,374,1294.925
BlitzPaket (Germany),2020-04-29,491,1817.911
BlitzPaket (Germany),2020-04-30,493,1548.233
BlitzPaket (Germany),2020-05-01,457,1527.841
BlitzPaket (Germany),2020-05-02,71,254.96
BlitzPaket (Germany),2020-05-03,131,473.435
BlitzPaket (Germany),2020-05-04,384,1152.293
BlitzPaket (Germany),2020-05-05,74,194.006
BlitzPaket (Germany),2020-05-06,429,1731.878
BlitzPaket (Germany),2020-05-07,431,1576.92
BlitzPaket (Germany),2020-05-08,370,1445.405
BlitzPaket (Germany),2020-05-09,78,261.661
BlitzPaket (Germany),2020-05-10,181,559.042
BlitzPaket (Germany),2020-05-11,318,1063.057
BlitzPaket (Germany),2020-05-12,426,1763.964
BlitzPaket (Germany),2020-05-13,356,1113.1
BlitzPaket (Germany),2020-05-14,368,1420.561
BlitzPaket (Germany),2020-05-15,340,1192.03
BlitzPaket (Germany),2020-05-16,28,117.24
BlitzPaket (Germany),2020-05-17,106,208.616
BlitzPaket (Germany),2020-05-18,382,1241.425
BlitzPaket (Germany),2020-05-19,432,1437.963
BlitzPaket (Germany),2020-05-20,358,1418.932
BlitzPaket (Germany),2020-05-21,24,57.26
BlitzPaket (Germany),2020-05-22,247,1002.1080000000001
BlitzPaket (Germany),2020-05-23,22,113.78
BlitzPaket (Germany),2020-05-24,148,435.97
BlitzPaket (Germany),2020-05-25,238,710.307
BlitzPaket (Germany),2020-05-26,356,1214.6779999999999
BlitzPaket (Germany),2020-05-27,387,1496.159
BlitzPaket (Germany),2020-05-28,396,1777.025
BlitzPaket (Germany),2020-05-29,375,1262.3799999999999
BlitzPaket (Germany),2020-05-30,32,124.361
BlitzPaket (Germany),2020-06-01,115,384.681
BlitzPaket (Germany),2020-06-02,368,1566.5819999999999
BlitzPaket (Germany),2020-06-03,389,1402.792
BlitzPaket (Germany),2020-06-04,405,1516.503
BlitzPaket (Germany),2020-06-05,359,1296.81
BlitzPaket (Germany),2020-06-06,36,115.64
BlitzPaket (Germany),2020-06-07,149,425.232
BlitzPaket (Germany),2020-06-08,364,1288.48
BlitzPaket (Germany),2020-06-09,426,1642.08
BlitzPaket (Germany),2020-06-10,495,1559.591
BlitzPaket (Germany),2020-06-11,366,1088.761
BlitzPaket (Germany),2020-06-12,296,945.136
BlitzPaket (Germany),2020-06-13,36,112.86
BlitzPaket (Germany),2020-06-14,68,211.141
BlitzPaket (Germany),2020-06-15,348,1200.677
BlitzPaket (Germany),2020-06-16,356,1223.964
BlitzPaket (Germany),2020-06-17,377,1280.672
BlitzPaket (Germany),2020-06-18,293,1040.317
BlitzPaket (Germany),2020-06-19,304,873.681
BlitzPaket (Germany),2020-06-20,60,360.181
BlitzPaket (Germany),2020-06-21,73,222.34
BlitzPaket (Germany),2020-06-22,406,1346.802
BlitzPaket (Germany),2020-06-23,340,1316.722
BlitzPaket (Germany),2020-06-24,304,1121.552
BlitzPaket (Germany),2020-06-25,279,1104.681
BlitzPaket (Germany),2020-06-26,249,887.475
BlitzPaket (Germany),2020-06-27,16,28.18
BlitzPaket (Germany),2020-06-28,49,140.271
BlitzPaket (Germany),2020-06-29,368,1162.716
BlitzPaket (Germany),2020-06-30,336,1315.117
BlitzPaket (Germany),2020-07-01,367,1176.891
BlitzPaket (Germany),2020-07-02,356,1282.585
BlitzPaket (Germany),2020-07-03,297,1198.75
BlitzPaket (Germany),2020-07-04,25,88.4
BlitzPaket (Germany),2020-07-05,57,88.901
BlitzPaket (Germany),2020-07-06,403,1208.34
BlitzPaket (Germany),2020-07-07,370,1264.467
BlitzPaket (Germany),2020-07-08,300,912.504
BlitzPaket (Germany),2020-07-09,294,1016.742
BlitzPaket (Germany),2020-07-10,291,1076.048
BlitzPaket (Germany),2020-07-11,39,52.18
BlitzPaket (Germany),2020-07-12,55,119.86
BlitzPaket (Germany),2020-07-13,352,1212.782
BlitzPaket (Germany),2020-07-14,311,1320.747
BlitzPaket (Germany),2020-07-15,270,1096.88
BlitzPaket (Germany),2020-07-16,255,879.302
BlitzPaket (Germany),2020-07-17,270,950.558
BlitzPaket (Germany),2020-07-18,9,33.58
BlitzPaket (Germany),2020-07-19,51,82.57
BlitzPaket (Germany),2020-07-20,328,1409.156
BlitzPaket (Germany),2020-07-21,272,839.435
BlitzPaket (Germany),2020-07-22,253,899.526
BlitzPaket (Germany),2020-07-23,248,953.0120000000001
BlitzPaket (Germany),2020-07-24,233,861.173
BlitzPaket (Germany),2020-07-25,17,37.480000000000004
BlitzPaket (Germany),2020-07-26,43,140.08
BlitzPaket (Germany),2020-07-27,284,867.7620000000001
BlitzPaket (Germany),2020-07-28,313,909.485
BlitzPaket (Germany),2020-07-29,261,897.775
BlitzPaket (Germany),2020-07-30,255,1016.399
BlitzPaket (Germany),2020-07-31,278,910.969
BlitzPaket (Germany),2020-08-01,32,96.582
BlitzPaket (Germany),2020-08-02,47,117.135
BlitzPaket (Germany),2020-08-03,393,1424.093
BlitzPaket (Germany),2020-08-04,316,1107.806
BlitzPaket (Germany),2020-08-05,162,646.047
BlitzPaket (Germany),2020-08-06,220,1049.879
BlitzPaket (Germany),2020-08-07,218,734.521
BlitzPaket (Germany),2020-08-08,23,33.245
BlitzPaket (Germany),2020-08-09,49,95.64
BlitzPaket (Germany),2020-08-10,325,1133.998
BlitzPaket (Germany),2020-08-11,298,1079.44
BlitzPaket (Germany),2020-08-12,278,1403.117
BlitzPaket (Germany),2020-08-13,243,1070.321
BlitzPaket (Germany),2020-08-14,249,1058.89
BlitzPaket (Germany),2020-08-15,17,56.32
BlitzPaket (Germany),2020-08-16,49,149.3
BlitzPaket (Germany),2020-08-17,297,1301.693
BlitzPaket (Germany),2020-08-18,302,1318.211
BlitzPaket (Germany),2020-08-19,212,902.079
BlitzPaket (Germany),2020-08-20,239,962.318
BlitzPaket (Germany),2020-08-21,221,711.336
BlitzPaket (Germany),2020-08-22,20,101.32
BlitzPaket (Germany),2020-08-23,59,173.1
BlitzPaket (Germany),2020-08-24,248,1000.479
BlitzPaket (Germany),2020-08-25,301,926.377
BlitzPaket (Germany),2020-08-26,351,1592.916
BlitzPaket (Germany),2020-08-27,295,1344.92
BlitzPaket (Germany),2020-08-28,311,1148.939
BlitzPaket (Germany),2020-08-29,14,27.28
BlitzPaket (Germany),2020-08-30,52,129.24
BlitzPaket (Germany),2020-08-31,341,1759.595
BlitzPaket (Germany),2020-09-01,331,1475.025
BlitzPaket (Germany),2020-09-02,45,135.801
BlitzPaket (Germany),2020-09-03,34,103.1
BlitzPaket (Germany),2020-09-04,54,93.41
BlitzPaket (Germany),2020-09-05,10,57.120000000000005
BlitzPaket (Germany),2020-09-06,30,106.88
BlitzPaket (Germany),2020-09-07,341,1301.06
BlitzPaket (Germany),2020-09-08,399,1608.008
BlitzPaket (Germany),2020-09-09,305,1051.898
BlitzPaket (Germany),2020-09-10,348,1704.927
BlitzPaket (Germany),2020-09-11,351,1640.821
BlitzPaket (Germany),2020-09-12,24,99.34
BlitzPaket (Germany),2020-09-13,65,166.351
BlitzPaket (Germany),2020-09-14,402,1491.497
BlitzPaket (Germany),2020-09-15,351,1600.922
BlitzPaket (Germany),2020-09-16,332,1840.614
BlitzPaket (Germany),2020-09-17,342,1445.854
BlitzPaket (Germany),2020-09-18,316,1298.916
BlitzPaket (Germany),2020-09-19,8,10.440000000000001
BlitzPaket (Germany),2020-09-20,85,250.815
BlitzPaket (Germany),2020-09-21,390,1874.361
BlitzPaket (Germany),2020-09-22,391,1770.106
BlitzPaket (Germany),2020-09-23,367,1811.056
BlitzPaket (Germany),2020-09-24,281,1055.36
BlitzPaket (Germany),2020-09-25,329,1524.58
BlitzPaket (Germany),2020-09-26,19,48.959999999999994
BlitzPaket (Germany),2020-09-27,63,147.8
BlitzPaket (Germany),2020-09-28,335,1365.819
BlitzPaket (Germany),2020-09-29,394,1776.511
BlitzPaket (Germany),2020-09-30,461,2326.32
BlitzPaket (Germany),2020-10-01,359,1602.072
BlitzPaket (Germany),2020-10-02,385,1793.525
BlitzPaket (Germany),2020-10-03,28,114.0
BlitzPaket (Germany),2020-10-04,77,185.98
BlitzPaket (Germany),2020-10-05,394,1653.6970000000001
BlitzPaket (Germany),2020-10-06,428,1761.002
BlitzPaket (Germany),2020-10-07,428,1912.102
BlitzPaket (Germany),2020-10-08,414,2076.421
BlitzPaket (Germany),2020-10-09,383,1702.096
BlitzPaket (Germany),2020-10-10,44,128.86
BlitzPaket (Germany),2020-10-11,91,310.728
BlitzPaket (Germany),2020-10-12,364,1499.797
BlitzPaket (Germany),2020-10-13,465,2250.167
BlitzPaket (Germany),2020-10-14,349,1484.444
BlitzPaket (Germany),2020-10-15,343,1486.522
BlitzPaket (Germany),2020-10-16,323,1511.203
BlitzPaket (Germany),2020-10-17,42,173.42
BlitzPaket (Germany),2020-10-18,91,235.26
BlitzPaket (Germany),2020-10-19,375,1341.985
BlitzPaket (Germany),2020-10-20,412,1819.802
BlitzPaket (Germany),2020-10-21,328,1600.464
BlitzPaket (Germany),2020-10-22,391,1598.601
BlitzPaket (Germany),2020-10-23,412,1858.075
BlitzPaket (Germany),2020-10-24,36,102.92
BlitzPaket (Germany),2020-10-25,78,235.48
BlitzPaket (Germany),2020-10-26,346,1476.25
BlitzPaket (Germany),2020-10-27,446,1813.605
BlitzPaket (Germany),2020-10-28,388,1928.1109999999999
BlitzPaket (Germany),2020-10-29,351,1665.598
BlitzPaket (Germany),2020-10-30,429,1751.145
BlitzPaket (Germany),2020-10-31,35,127.44
BlitzPaket (Germany),2020-11-01,85,189.54
BlitzPaket (Germany),2020-11-02,378,1376.066
BlitzPaket (Germany),2020-11-03,389,1589.9470000000001
BlitzPaket (Germany),2020-11-04,414,1651.114
BlitzPaket (Germany),2020-11-05,439,1976.958
BlitzPaket (Germany),2020-11-06,388,1632.499
BlitzPaket (Germany),2020-11-07,31,79.72
BlitzPaket (Germany),2020-11-08,87,226.17
BlitzPaket (Germany),2020-11-09,412,1749.865
BlitzPaket (Germany),2020-11-10,375,1758.72
BlitzPaket (Germany),2020-11-11,404,1929.526
BlitzPaket (Germany),2020-11-12,349,1435.496
BlitzPaket (Germany),2020-11-13,389,1587.456
BlitzPaket (Germany),2020-11-14,51,178.82999999999998
BlitzPaket (Germany),2020-11-15,109,263.057
BlitzPaket (Germany),2020-11-16,356,1416.17
BlitzPaket (Germany),2020-11-17,422,1871.8700000000001
BlitzPaket (Germany),2020-11-18,403,1596.396
BlitzPaket (Germany),2020-11-19,376,1544.111
BlitzPaket (Germany),2020-11-20,331,1357.971
BlitzPaket (Germany),2020-11-21,38,105.158
BlitzPaket (Germany),2020-11-22,138,409.155
BlitzPaket (Germany),2020-11-23,324,1204.909
BlitzPaket (Germany),2020-11-24,427,1575.176
BlitzPaket (Germany),2020-11-25,384,1656.157
BlitzPaket (Germany),2020-11-26,415,1906.708
BlitzPaket (Germany),2020-11-27,396,1376.18
BlitzPaket (Germany),2020-11-28,45,122.3
BlitzPaket (Germany),2020-11-29,252,814.84
BlitzPaket (Germany),2020-11-30,391,1663.092
BlitzPaket (Germany),2020-12-01,511,1847.882
BlitzPaket (Germany),2020-12-02,494,1676.607
BlitzPaket (Germany),2020-12-03,506,1914.011
BlitzPaket (Germany),2020-12-04,452,2329.152
BlitzPaket (Germany),2020-12-05,73,256.09000000000003
BlitzPaket (Germany),2020-12-06,295,1200.874
BlitzPaket (Germany),2020-12-07,491,2200.189
BlitzPaket (Germany),2020-12-08,519,1868.223
BlitzPaket (Germany),2020-12-09,565,2038.285
BlitzPaket (Germany),2020-12-10,475,1905.689
BlitzPaket (Germany),2020-12-11,563,2242.345
BlitzPaket (Germany),2020-12-12,106,257.90500000000003
BlitzPaket (Germany),2020-12-13,381,1170.272
BlitzPaket (Germany),2020-12-14,492,1632.435
BlitzPaket (Germany),2020-12-15,476,1609.874
BlitzPaket (Germany),2020-12-16,561,2534.97
BlitzPaket (Germany),2020-12-17,444,1737.361
BlitzPaket (Germany),2020-12-18,488,1487.232
BlitzPaket (Germany),2020-12-19,57,229.811
BlitzPaket (Germany),2020-12-20,228,736.605
BlitzPaket (Germany),2020-12-21,326,1134.915
BlitzPaket (Germany),2020-12-22,331,1028.352
BlitzPaket (Germany),2020-12-23,398,1324.508
BlitzPaket (Germany),2020-12-24,292,1324.19
BlitzPaket (Germany),2020-12-25,1,0.001
BlitzPaket (Germany),2020-12-27,78,163.65
BlitzPaket (Germany),2020-12-28,297,867.702
BlitzPaket (Germany),2020-12-29,350,983.717
BlitzPaket (Germany),2020-12-30,340,1141.088
BlitzPaket (Germany),2020-12-31,227,757.426
BlitzPaket (Germany),2021-01-01,57,128.647
BlitzPaket (Germany),2021-01-02,8,25.651
BlitzPaket (Germany),2021-01-03,119,279.056
BlitzPaket (Germany),2021-01-04,363,1266.534
BlitzPaket (Germany),2021-01-05,388,1517.992
BlitzPaket (Germany),2021-01-06,396,1478.671
BlitzPaket (Germany),2021-01-07,382,1669.895
BlitzPaket (Germany),2021-01-08,359,1540.14
BlitzPaket (Germany),2021-01-09,43,116.94
BlitzPaket (Germany),2021-01-10,111,395.29
BlitzPaket (Germany),2021-01-11,278,1088.6
BlitzPaket (Germany),2021-01-12,355,1341.531
BlitzPaket (Germany),2021-01-13,364,1521.828
BlitzPaket (Germany),2021-01-14,375,1469.745
BlitzPaket (Germany),2021-01-15,371,1688.381
BlitzPaket (Germany),2021-01-16,56,224.436
BlitzPaket (Germany),2021-01-17,118,361.5
BlitzPaket (Germany),2021-01-18,331,1125.656
BlitzPaket (Germany),2021-01-19,355,1362.545
BlitzPaket (Germany),2021-01-20,366,1532.485
BlitzPaket (Germany),2021-01-21,338,1160.415
BlitzPaket (Germany),2021-01-22,380,1371.896
BlitzPaket (Germany),2021-01-23,53,133.525
BlitzPaket (Germany),2021-01-24,110,410.581
BlitzPaket (Germany),2021-01-25,280,1283.367
BlitzPaket (Germany),2021-01-26,361,1597.72
BlitzPaket (Germany),2021-01-27,351,1266.335
BlitzPaket (Germany),2021-01-28,354,1320.08
BlitzPaket (Germany),2021-01-29,395,1363.933
BlitzPaket (Germany),2021-01-30,36,130.76
BlitzPaket (Germany),2021-01-31,92,293.343
BlitzPaket (Germany),2021-02-01,361,1222.563
BlitzPaket (Germany),2021-02-02,432,1752.86
BlitzPaket (Germany),2021-02-03,426,1572.571
BlitzPaket (Germany),2021-02-04,374,1407.08
BlitzPaket (Germany),2021-02-05,369,1338.869
BlitzPaket (Germany),2021-02-06,46,184.181
BlitzPaket (Germany),2021-02-07,31,117.37
BlitzPaket (Germany),2021-02-08,285,980.345
BlitzPaket (Germany),2021-02-09,360,1264.361
BlitzPaket (Germany),2021-02-10,340,1537.04
BlitzPaket (Germany),2021-02-11,361,1464.568
BlitzPaket (Germany),2021-02-12,407,1572.434
BlitzPaket (Germany),2021-02-13,32,75.871
BlitzPaket (Germany),2021-02-14,105,333.34
BlitzPaket (Germany),2021-02-15,403,1593.393
BlitzPaket (Germany),2021-02-16,426,1888.229
BlitzPaket (Germany),2021-02-17,358,1427.324
BlitzPaket (Germany),2021-02-18,396,1593.997
BlitzPaket (Germany),2021-02-19,383,1679.864
BlitzPaket (Germany),2021-02-20,44,141.76
BlitzPaket (Germany),2021-02-21,127,384.14
BlitzPaket (Germany),2021-02-22,340,1536.871
BlitzPaket (Germany),2021-02-23,393,1543.005
BlitzPaket (Germany),2021-02-24,377,1699.934
BlitzPaket (Germany),2021-02-25,429,2069.887
BlitzPaket (Germany),2021-02-26,350,1497.864
BlitzPaket (Germany),2021-02-27,38,127.475
BlitzPaket (Germany),2021-02-28,138,516.42
BlitzPaket (Germany),2021-03-01,414,1671.54
BlitzPaket (Germany),2021-03-02,450,2098.615
BlitzPaket (Germany),2021-03-03,453,1988.913
BlitzPaket (Germany),2021-03-04,439,1941.711
BlitzPaket (Germany),2021-03-05,403,1613.848
BlitzPaket (Germany),2021-03-06,49,95.32
BlitzPaket (Germany),2021-03-07,117,376.76
BlitzPaket (Germany),2021-03-08,382,1724.561
BlitzPaket (Germany),2021-03-09,437,1645.842
BlitzPaket (Germany),2021-03-10,476,2133.925
BlitzPaket (Germany),2021-03-11,369,1622.533
BlitzPaket (Germany),2021-03-12,415,1654.144
BlitzPaket (Germany),2021-03-13,40,191.3
BlitzPaket (Germany),2021-03-14,108,350.861
BlitzPaket (Germany),2021-03-15,406,1722.658
BlitzPaket (Germany),2021-03-16,530,2924.113
BlitzPaket (Germany),2021-03-17,410,1572.316
BlitzPaket (Germany),2021-03-18,408,1982.29
BlitzPaket (Germany),2021-03-19,355,1703.664
BlitzPaket (Germany),2021-03-20,26,87.886
BlitzPaket (Germany),2021-03-21,123,391.421
BlitzPaket (Germany),2021-03-22,392,1547.091
BlitzPaket (Germany),2021-03-23,436,1721.828
BlitzPaket (Germany),2021-03-24,377,1454.632
BlitzPaket (Germany),2021-03-25,331,1255.762
BlitzPaket (Germany),2021-03-26,369,1612.504
BlitzPaket (Germany),2021-03-27,39,180.93
BlitzPaket (Germany),2021-03-28,112,508.13
BlitzPaket (Germany),2021-03-29,266,1005.775
BlitzPaket (Germany),2021-03-30,381,1413.512
BlitzPaket (Germany),2021-03-31,404,1887.748
BlitzPaket (Germany),2021-04-01,353,1304.522
BlitzPaket (Germany),2021-04-02,323,1151.994
BlitzPaket (Germany),2021-04-03,57,160.88299999999998
BlitzPaket (Germany),2021-04-04,73,169.116
BlitzPaket (Germany),2021-04-05,79,361.15
BlitzPaket (Germany),2021-04-06,379,1451.711
BlitzPaket (Germany),2021-04-07,446,1744.76
BlitzPaket (Germany),2021-04-08,460,1787.02
BlitzPaket (Germany),2021-04-09,462,1774.218
BlitzPaket (Germany),2021-04-10,42,134.58100000000002
BlitzPaket (Germany),2021-04-11,113,311.361
BlitzPaket (Germany),2021-04-12,416,1637.413
BlitzPaket (Germany),2021-04-13,389,1707.463
BlitzPaket (Germany),2021-04-14,501,1700.568
BlitzPaket (Germany),2021-04-15,414,1448.555
BlitzPaket (Germany),2021-04-16,375,1588.011
BlitzPaket (Germany),2021-04-17,39,199.97
BlitzPaket (Germany),2021-04-18,96,271.194
BlitzPaket (Germany),2021-04-19,354,1151.83
BlitzPaket (Germany),2021-04-20,448,1396.933
BlitzPaket (Germany),2021-04-21,373,1444.695
BlitzPaket (Germany),2021-04-22,307,1112.604
BlitzPaket (Germany),2021-04-23,360,1394.554
BlitzPaket (Germany),2021-04-24,29,88.321
BlitzPaket (Germany),2021-04-25,83,246.132
BlitzPaket (Germany),2021-04-26,364,1257.732
BlitzPaket (Germany),2021-04-27,50,194.09
BlitzPaket (Germany),2021-04-28,348,1352.424
BlitzPaket (Germany),2021-04-29,350,1365.925
BlitzPaket (Germany),2021-04-30,446,1438.994
BlitzPaket (Germany),2021-05-01,67,207.575
BlitzPaket (Germany),2021-05-02,139,369.298
BlitzPaket (Germany),2021-05-03,407,1598.532
BlitzPaket (Germany),2021-05-04,410,1334.538
BlitzPaket (Germany),2021-05-05,371,1077.769
BlitzPaket (Germany),2021-05-06,384,1384.312
BlitzPaket (Germany),2021-05-07,351,1140.772
BlitzPaket (Germany),2021-05-08,38,74.225
BlitzPaket (Germany),2021-05-09,107,257.096
BlitzPaket (Germany),2021-05-10,394,1250.691
BlitzPaket (Germany),2021-05-11,380,1405.725
BlitzPaket (Germany),2021-05-12,359,1509.841
BlitzPaket (Germany),2021-05-13,17,69.9
BlitzPaket (Germany),2021-05-14,337,1261.306
BlitzPaket (Germany),2021-05-15,68,119.885
BlitzPaket (Germany),2021-05-16,122,368.26
BlitzPaket (Germany),2021-05-17,367,1518.262
BlitzPaket (Germany),2021-05-18,388,1763.555
BlitzPaket (Germany),2021-05-19,396,1731.656
BlitzPaket (Germany),2021-05-20,339,1306.4279999999999
BlitzPaket (Germany),2021-05-21,315,1170.832
BlitzPaket (Germany),2021-05-22,46,79.336
BlitzPaket (Germany),2021-05-23,75,199.81199999999998
BlitzPaket (Germany),2021-05-24,52,139.688
BlitzPaket (Germany),2021-05-25,353,1187.451
BlitzPaket (Germany),2021-05-26,409,1747.121
BlitzPaket (Germany),2021-05-27,375,1336.887
BlitzPaket (Germany),2021-05-28,375,1435.581
BlitzPaket (Germany),2021-05-29,44,310.48
BlitzPaket (Germany),2021-05-30,67,248.255
BlitzPaket (Germany),2021-05-31,373,1357.736
BlitzPaket (Germany),2021-06-01,567,1833.164
BlitzPaket (Germany),2021-06-02,337,1192.953
BlitzPaket (Germany),2021-06-03,335,1308.149
BlitzPaket (Germany),2021-06-04,303,1152.276
BlitzPaket (Germany),2021-06-05,20,87.91499999999999
BlitzPaket (Germany),2021-06-06,70,238.14700000000002
BlitzPaket (Germany),2021-06-07,349,1210.478
BlitzPaket (Germany),2021-06-08,332,1079.877
BlitzPaket (Germany),2021-06-09,347,1433.988
BlitzPaket (Germany),2021-06-10,382,1949.106
BlitzPaket (Germany),2021-06-11,317,1403.339
BlitzPaket (Germany),2021-06-12,30,94.04
BlitzPaket (Germany),2021-06-13,78,149.055
BlitzPaket (Germany),2021-06-14,332,1091.65
BlitzPaket (Germany),2021-06-15,343,1475.227
BlitzPaket (Germany),2021-06-16,344,1749.965
BlitzPaket (Germany),2021-06-17,252,1212.978
BlitzPaket (Germany),2021-06-18,247,1141.0910000000001
BlitzPaket (Germany),2021-06-19,48,359.205
BlitzPaket (Germany),2021-06-20,76,139.44
BlitzPaket (Germany),2021-06-21,262,983.358
BlitzPaket (Germany),2021-06-22,317,1331.52
BlitzPaket (Germany),2021-06-23,365,1007.379
BlitzPaket (Germany),2021-06-24,297,1042.825
BlitzPaket (Germany),2021-06-25,268,1101.8
BlitzPaket (Germany),2021-06-26,28,186.049
BlitzPaket (Germany),2021-06-27,63,212.24
BlitzPaket (Germany),2021-06-28,313,1210.875
BlitzPaket (Germany),2021-06-29,317,1329.154
BlitzPaket (Germany),2021-06-30,326,1335.805
BlitzPaket (Germany),2021-07-01,328,1358.026
BlitzPaket (Germany),2021-07-02,307,1376.285
BlitzPaket (Germany),2021-07-03,24,127.346
BlitzPaket (Germany),2021-07-04,53,105.72
BlitzPaket (Germany),2021-07-05,326,1305.89
BlitzPaket (Germany),2021-07-06,331,1387.531
BlitzPaket (Germany),2021-07-07,256,954.736
BlitzPaket (Germany),2021-07-08,258,992.918
BlitzPaket (Germany),2021-07-09,260,929.022
BlitzPaket (Germany),2021-07-10,17,82.17999999999999
BlitzPaket (Germany),2021-07-11,58,165.925
BlitzPaket (Germany),2021-07-12,307,1200.953
BlitzPaket (Germany),2021-07-13,294,1215.729
BlitzPaket (Germany),2021-07-14,257,951.518
BlitzPaket (Germany),2021-07-15,265,953.708
BlitzPaket (Germany),2021-07-16,250,1209.716
BlitzPaket (Germany),2021-07-17,17,38.88
BlitzPaket (Germany),2021-07-18,68,212.699
BlitzPaket (Germany),2021-07-19,308,1293.16
BlitzPaket (Germany),2021-07-20,296,1103.581
BlitzPaket (Germany),2021-07-21,228,1020.476
BlitzPaket (Germany),2021-07-22,246,1123.419
BlitzPaket (Germany),2021-07-23,248,1142.165
BlitzPaket (Germany),2021-07-24,26,61.9
BlitzPaket (Germany),2021-07-25,62,212.805
BlitzPaket (Germany),2021-07-26,290,1359.964
BlitzPaket (Germany),2021-07-27,287,1200.741
BlitzPaket (Germany),2021-07-28,284,998.606
BlitzPaket (Germany),2021-07-29,240,1011.1
BlitzPaket (Germany),2021-07-30,306,876.819
BlitzPaket (Germany),2021-07-31,27,100.58
BlitzPaket (Germany),2021-08-01,66,192.484
BlitzPaket (Germany),2021-08-02,379,1412.777
BlitzPaket (Germany),2021-08-03,338,1526.93
BlitzPaket (Germany),2021-08-04,291,1072.521
BlitzPaket (Germany),2021-08-05,254,1261.821
BlitzPaket (Germany),2021-08-06,287,962.531
BlitzPaket (Germany),2021-08-07,23,57.42
BlitzPaket (Germany),2021-08-08,63,198.309
BlitzPaket (Germany),2021-08-09,352,1530.525
BlitzPaket (Germany),2021-08-10,316,1444.405
BlitzPaket (Germany),2021-08-11,282,1143.093
BlitzPaket (Germany),2021-08-12,225,947.136
BlitzPaket (Germany),2021-08-13,264,937.997
BlitzPaket (Germany),2021-08-14,12,34.3
BlitzPaket (Germany),2021-08-15,75,212.345
BlitzPaket (Germany),2021-08-16,334,1406.722
BlitzPaket (Germany),2021-08-17,291,1291.553
BlitzPaket (Germany),2021-08-18,297,1526.186
BlitzPaket (Germany),2021-08-19,285,1270.615
BlitzPaket (Germany),2021-08-20,241,977.272
BlitzPaket (Germany),2021-08-21,24,120.24
BlitzPaket (Germany),2021-08-22,86,336.86
BlitzPaket (Germany),2021-08-23,313,1046.241
BlitzPaket (Germany),2021-08-24,367,1795.3700000000001
BlitzPaket (Germany),2021-08-25,281,1141.392
BlitzPaket (Germany),2021-08-26,282,1173.174
BlitzPaket (Germany),2021-08-27,261,782.268
BlitzPaket (Germany),2021-08-28,13,114.36
BlitzPaket (Germany),2021-08-29,87,302.384
BlitzPaket (Germany),2021-08-30,297,1229.1009999999999
BlitzPaket (Germany),2021-08-31,361,1769.55
BlitzPaket (Germany),2021-09-01,283,970.216
BlitzPaket (Germany),2021-09-02,300,1067.5
BlitzPaket (Germany),2021-09-03,363,2200.62
BlitzPaket (Germany),2021-09-04,28,90.214
BlitzPaket (Germany),2021-09-05,102,287.189
BlitzPaket (Germany),2021-09-06,372,1646.637
BlitzPaket (Germany),2021-09-07,416,2265.219
BlitzPaket (Germany),2021-09-08,355,2001.0910000000001
BlitzPaket (Germany),2021-09-09,309,1210.42
BlitzPaket (Germany),2021-09-10,341,1301.622
BlitzPaket (Germany),2021-09-11,18,60.36
BlitzPaket (Germany),2021-09-12,86,195.531
BlitzPaket (Germany),2021-09-13,382,1520.785
BlitzPaket (Germany),2021-09-14,403,1832.452
BlitzPaket (Germany),2021-09-15,331,1399.986
BlitzPaket (Germany),2021-09-16,320,1331.927
BlitzPaket (Germany),2021-09-17,291,1382.381
BlitzPaket (Germany),2021-09-18,15,62.24
BlitzPaket (Germany),2021-09-19,88,218.914
BlitzPaket (Germany),2021-09-20,425,1983.8990000000001
BlitzPaket (Germany),2021-09-21,322,1391.79
BlitzPaket (Germany),2021-09-22,306,1076.7450000000001
BlitzPaket (Germany),2021-09-23,351,1634.098
BlitzPaket (Germany),2021-09-24,238,1007.299
BlitzPaket (Germany),2021-09-25,18,51.34
BlitzPaket (Germany),2021-09-26,88,240.0
BlitzPaket (Germany),2021-09-27,331,1299.981
BlitzPaket (Germany),2021-09-28,337,1682.099
BlitzPaket (Germany),2021-09-29,263,1159.316
BlitzPaket (Germany),2021-09-30,314,1522.172
BlitzPaket (Germany),2021-10-01,362,1718.795
BlitzPaket (Germany),2021-10-02,22,80.921
BlitzPaket (Germany),2021-10-03,77,227.85
BlitzPaket (Germany),2021-10-04,470,2042.909
BlitzPaket (Germany),2021-10-05,396,1980.192
BlitzPaket (Germany),2021-10-06,376,1887.346
BlitzPaket (Germany),2021-10-07,324,1818.78
BlitzPaket (Germany),2021-10-08,347,1470.385
BlitzPaket (Germany),2021-10-09,18,206.08
BlitzPaket (Germany),2021-10-10,96,293.245
BlitzPaket (Germany),2021-10-11,416,2028.685
BlitzPaket (Germany),2021-10-12,431,2423.749
BlitzPaket (Germany),2021-10-13,324,1473.997
BlitzPaket (Germany),2021-10-14,310,1221.896
BlitzPaket (Germany),2021-10-15,383,2065.694
BlitzPaket (Germany),2021-10-16,13,65.25
BlitzPaket (Germany),2021-10-17,90,296.775
BlitzPaket (Germany),2021-10-18,399,1987.366
BlitzPaket (Germany),2021-10-19,337,1537.665
BlitzPaket (Germany),2021-10-20,363,1889.317
BlitzPaket (Germany),2021-10-21,335,1349.856
BlitzPaket (Germany),2021-10-22,330,1428.206
BlitzPaket (Germany),2021-10-23,12,61.519999999999996
BlitzPaket (Germany),2021-10-24,92,250.963
BlitzPaket (Germany),2021-10-25,359,1397.775
BlitzPaket (Germany),2021-10-26,347,1551.925
BlitzPaket (Germany),2021-10-27,344,1713.986
BlitzPaket (Germany),2021-10-28,311,1420.4
BlitzPaket (Germany),2021-10-29,313,1358.979
BlitzPaket (Germany),2021-10-30,27,93.76
BlitzPaket (Germany),2021-10-31,104,384.31
BlitzPaket (Germany),2021-11-01,389,1360.82
BlitzPaket (Germany),2021-11-02,386,1622.766
BlitzPaket (Germany),2021-11-03,377,1720.616
BlitzPaket (Germany),2021-11-04,406,2070.449
BlitzPaket (Germany),2021-11-05,359,1494.707
BlitzPaket (Germany),2021-11-06,23,76.73
BlitzPaket (Germany),2021-11-07,95,284.842
BlitzPaket (Germany),2021-11-08,381,1491.7450000000001
BlitzPaket (Germany),2021-11-09,398,1508.44
BlitzPaket (Germany),2021-11-10,333,1453.416
BlitzPaket (Germany),2021-11-11,379,1748.058
BlitzPaket (Germany),2021-11-12,356,1550.484
BlitzPaket (Germany),2021-11-13,25,160.801
BlitzPaket (Germany),2021-11-14,106,272.081
BlitzPaket (Germany),2021-11-15,382,1856.219
BlitzPaket (Germany),2021-11-16,415,1786.119
BlitzPaket (Germany),2021-11-17,351,1525.83
BlitzPaket (Germany),2021-11-18,342,1475.641
BlitzPaket (Germany),2021-11-19,425,1944.2
BlitzPaket (Germany),2021-11-20,24,96.88
BlitzPaket (Germany),2021-11-21,122,392.026
BlitzPaket (Germany),2021-11-22,311,1178.061
BlitzPaket (Germany),2021-11-23,391,1610.6870000000001
BlitzPaket (Germany),2021-11-24,397,2076.119
BlitzPaket (Germany),2021-11-25,388,1458.264
BlitzPaket (Germany),2021-11-26,355,1798.15
BlitzPaket (Germany),2021-11-27,139,597.34
BlitzPaket (Germany),2021-11-28,202,788.7040000000001
BlitzPaket (Germany),2021-11-29,421,1776.818
BlitzPaket (Germany),2021-11-30,404,1615.314
BlitzPaket (Germany),2021-12-01,406,1507.9950000000001
BlitzPaket (Germany),2021-12-02,492,2341.685
BlitzPaket (Germany),2021-12-03,509,1876.513
BlitzPaket (Germany),2021-12-04,61,254.3
BlitzPaket (Germany),2021-12-05,190,643.139
BlitzPaket (Germany),2021-12-06,524,1926.715
BlitzPaket (Germany),2021-12-07,592,1933.083
BlitzPaket (Germany),2021-12-08,598,2304.389
BlitzPaket (Germany),2021-12-09,610,2356.628
BlitzPaket (Germany),2021-12-10,499,1654.8
BlitzPaket (Germany),2021-12-11,49,152.938
BlitzPaket (Germany),2021-12-12,152,516.815
BlitzPaket (Germany),2021-12-13,515,1705.2
BlitzPaket (Germany),2021-12-14,581,2283.023
BlitzPaket (Germany),2021-12-15,528,1766.82
BlitzPaket (Germany),2021-12-16,516,1697.895
BlitzPaket (Germany),2021-12-17,471,1764.187
BlitzPaket (Germany),2021-12-18,60,255.4
BlitzPaket (Germany),2021-12-19,180,462.542
BlitzPaket (Germany),2021-12-20,380,1299.555
BlitzPaket (Germany),2021-12-21,378,1158.55
BlitzPaket (Germany),2021-12-22,404,1369.769
BlitzPaket (Germany),2021-12-23,360,1052.92
BlitzPaket (Germany),2021-12-24,305,1173.011
BlitzPaket (Germany),2021-12-25,4,8.84
BlitzPaket (Germany),2021-12-26,96,259.51
BlitzPaket (Germany),2021-12-27,252,1140.234
BlitzPaket (Germany),2021-12-28,279,810.426
BlitzPaket (Germany),2021-12-29,292,977.87
BlitzPaket (Germany),2021-12-30,340,1012.544
BlitzPaket (Germany),2021-12-31,171,585.665
BlitzPaket (Germany),2022-01-02,31,62.54
BlitzPaket (Germany),2022-01-03,405,1532.296
BlitzPaket (Germany),2022-01-04,385,1383.095
BlitzPaket (Germany),2022-01-05,397,1812.98
BlitzPaket (Germany),2022-01-06,317,1160.928
BlitzPaket (Germany),2022-01-07,400,1404.448
BlitzPaket (Germany),2022-01-08,26,98.12
BlitzPaket (Germany),2022-01-09,102,281.18
BlitzPaket (Germany),2022-01-10,349,1157.778
BlitzPaket (Germany),2022-01-11,518,1708.1009999999999
BlitzPaket (Germany),2022-01-12,400,1492.771
BlitzPaket (Germany),2022-01-13,449,1528.601
BlitzPaket (Germany),2022-01-14,371,1182.459
BlitzPaket (Germany),2022-01-15,44,91.737
BlitzPaket (Germany),2022-01-16,88,207.161
BlitzPaket (Germany),2022-01-17,421,1479.674
BlitzPaket (Germany),2022-01-18,573,1888.853
BlitzPaket (Germany),2022-01-19,396,1230.49
BlitzPaket (Germany),2022-01-20,333,1366.09
BlitzPaket (Germany),2022-01-21,359,1400.114
BlitzPaket (Germany),2022-01-22,36,144.68
BlitzPaket (Germany),2022-01-23,125,478.47
BlitzPaket (Germany),2022-01-24,441,1838.033
BlitzPaket (Germany),2022-01-25,415,1507.601
BlitzPaket (Germany),2022-01-26,337,1265.906
BlitzPaket (Germany),2022-01-27,320,1182.511
BlitzPaket (Germany),2022-01-28,329,1272.501
BlitzPaket (Germany),2022-01-29,43,213.22
BlitzPaket (Germany),2022-01-30,107,232.98000000000002
BlitzPaket (Germany),2022-01-31,410,1774.742
BlitzPaket (Germany),2022-02-01,398,1405.876
BlitzPaket (Germany),2022-02-02,453,1446.7259999999999
BlitzPaket (Germany),2022-02-03,372,1073.679
BlitzPaket (Germany),2022-02-04,436,1370.189
BlitzPaket (Germany),2022-02-05,35,106.94000000000001
BlitzPaket (Germany),2022-02-06,95,280.191
BlitzPaket (Germany),2022-02-07,358,1224.593
BlitzPaket (Germany),2022-02-08,449,2154.232
BlitzPaket (Germany),2022-02-09,340,1422.781
BlitzPaket (Germany),2022-02-10,324,1331.519
BlitzPaket (Germany),2022-02-11,362,1425.605
BlitzPaket (Germany),2022-02-12,28,110.68
BlitzPaket (Germany),2022-02-13,107,237.36599999999999
BlitzPaket (Germany),2022-02-14,443,1596.234
BlitzPaket (Germany),2022-02-15,347,1329.967
BlitzPaket (Germany),2022-02-16,331,1193.844
BlitzPaket (Germany),2022-02-17,308,1538.346
BlitzPaket (Germany),2022-02-18,188,670.96
BlitzPaket (Germany),2022-02-19,16,88.44
BlitzPaket (Germany),2022-02-20,162,474.752
BlitzPaket (Germany),2022-02-21,426,1648.382
BlitzPaket (Germany),2022-02-22,367,1312.819
BlitzPaket (Germany),2022-02-23,357,1902.382
BlitzPaket (Germany),2022-02-24,339,1333.852
BlitzPaket (Germany),2022-02-25,273,1075.872
BlitzPaket (Germany),2022-02-26,27,127.12
BlitzPaket (Germany),2022-02-27,128,522.924
BlitzPaket (Germany),2022-02-28,388,1442.284
BlitzPaket (Germany),2022-03-01,365,1544.389
BlitzPaket (Germany),2022-03-02,363,1621.712
BlitzPaket (Germany),2022-03-03,326,1339.396
BlitzPaket (Germany),2022-03-04,291,976.711
BlitzPaket (Germany),2022-03-05,38,98.74
BlitzPaket (Germany),2022-03-06,83,208.211
BlitzPaket (Germany),2022-03-07,351,1476.48
BlitzPaket (Germany),2022-03-08,297,1325.926
BlitzPaket (Germany),2022-03-09,365,1570.0339999999999
BlitzPaket (Germany),2022-03-10,296,1016.0
BlitzPaket (Germany),2022-03-11,265,1008.88
BlitzPaket (Germany),2022-03-12,28,98.42
BlitzPaket (Germany),2022-03-13,82,273.485
BlitzPaket (Germany),2022-03-14,422,1780.559
BlitzPaket (Germany),2022-03-15,380,1834.506
BlitzPaket (Germany),2022-03-16,354,1808.471
BlitzPaket (Germany),2022-03-17,276,1535.855
BlitzPaket (Germany),2022-03-18,315,1284.776
BlitzPaket (Germany),2022-03-19,28,99.74
BlitzPaket (Germany),2022-03-20,99,368.923
BlitzPaket (Germany),2022-03-21,404,2121.571
BlitzPaket (Germany),2022-03-22,324,1313.54
BlitzPaket (Germany),2022-03-23,350,1442.887
BlitzPaket (Germany),2022-03-24,361,1730.11
BlitzPaket (Germany),2022-03-25,312,1612.616
BlitzPaket (Germany),2022-03-26,31,145.12
BlitzPaket (Germany),2022-03-27,92,276.093
BlitzPaket (Germany),2022-03-28,371,1412.181
BlitzPaket (Germany),2022-03-29,352,1349.929
BlitzPaket (Germany),2022-03-30,400,1615.76
BlitzPaket (Germany),2022-03-31,367,1826.067
BlitzPaket (Germany),2022-04-01,431,1975.144
BlitzPaket (Germany),2022-04-02,35,100.26
BlitzPaket (Germany),2022-04-03,85,176.101
BlitzPaket (Germany),2022-04-04,447,2102.277
BlitzPaket (Germany),2022-04-05,413,1626.4180000000001
BlitzPaket (Germany),2022-04-06,363,1282.2
BlitzPaket (Germany),2022-04-07,353,1697.329
BlitzPaket (Germany),2022-04-08,367,1283.931
BlitzPaket (Germany),2022-04-09,33,129.64
BlitzPaket (Germany),2022-04-10,83,194.221
BlitzPaket (Germany),2022-04-11,416,1715.717
BlitzPaket (Germany),2022-04-12,359,1233.31
BlitzPaket (Germany),2022-04-13,291,987.643
BlitzPaket (Germany),2022-04-14,299,974.355
BlitzPaket (Germany),2022-04-15,247,1010.361
BlitzPaket (Germany),2022-04-16,18,81.27799999999999
BlitzPaket (Germany),2022-04-18,110,335.859
BlitzPaket (Germany),2022-04-19,429,1646.262
BlitzPaket (Germany),2022-04-20,409,1554.962
BlitzPaket (Germany),2022-04-21,366,1483.626
BlitzPaket (Germany),2022-04-22,341,1502.94
BlitzPaket (Germany),2022-04-23,33,122.08500000000001
BlitzPaket (Germany),2022-04-24,86,193.895
BlitzPaket (Germany),2022-04-25,327,1298.168
BlitzPaket (Germany),2022-04-26,394,1656.741
BlitzPaket (Germany),2022-04-27,59,186.965
BlitzPaket (Germany),2022-04-28,391,1689.268
BlitzPaket (Germany),2022-04-29,364,1480.378
BlitzPaket (Germany),2022-04-30,48,142.281
BlitzPaket (Germany),2022-05-01,115,310.715
BlitzPaket (Germany),2022-05-02,405,1924.047
BlitzPaket (Germany),2022-05-03,412,1825.636
BlitzPaket (Germany),2022-05-04,349,1282.916
BlitzPaket (Germany),2022-05-05,363,1650.446
BlitzPaket (Germany),2022-05-06,334,1284.05
BlitzPaket (Germany),2022-05-07,41,119.86
BlitzPaket (Germany),2022-05-08,98,154.583
BlitzPaket (Germany),2022-05-09,413,1921.847
BlitzPaket (Germany),2022-05-10,368,1529.476
BlitzPaket (Germany),2022-05-11,334,1608.56
BlitzPaket (Germany),2022-05-12,317,1481.078
BlitzPaket (Germany),2022-05-13,294,1122.195
BlitzPaket (Germany),2022-05-14,17,66.5
BlitzPaket (Germany),2022-05-15,92,282.677
BlitzPaket (Germany),2022-05-16,353,1803.653
BlitzPaket (Germany),2022-05-17,307,1342.384
BlitzPaket (Germany),2022-05-18,335,1981.185
BlitzPaket (Germany),2022-05-19,295,1474.323
BlitzPaket (Germany),2022-05-20,320,1201.336
BlitzPaket (Germany),2022-05-21,16,47.28
BlitzPaket (Germany),2022-05-22,83,250.95000000000002
BlitzPaket (Germany),2022-05-23,339,1587.962
BlitzPaket (Germany),2022-05-24,365,1613.525
BlitzPaket (Germany),2022-05-25,351,1464.961
BlitzPaket (Germany),2022-05-26,30,70.94
BlitzPaket (Germany),2022-05-27,261,955.454
BlitzPaket (Germany),2022-05-28,30,99.27
BlitzPaket (Germany),2022-05-29,123,296.335
BlitzPaket (Germany),2022-05-30,342,1225.2
BlitzPaket (Germany),2022-05-31,401,1717.854
BlitzPaket (Germany),2022-06-01,375,1605.145
BlitzPaket (Germany),2022-06-02,336,1286.088
BlitzPaket (Germany),2022-06-03,274,1070.2
BlitzPaket (Germany),2022-06-04,22,55.86
BlitzPaket (Germany),2022-06-06,113,393.151
BlitzPaket (Germany),2022-06-07,367,1551.473
BlitzPaket (Germany),2022-06-08,384,1282.082
BlitzPaket (Germany),2022-06-09,420,1781.316
BlitzPaket (Germany),2022-06-10,375,1362.24
BlitzPaket (Germany),2022-06-11,34,113.41
BlitzPaket (Germany),2022-06-12,103,305.795
BlitzPaket (Germany),2022-06-13,364,1681.749
BlitzPaket (Germany),2022-06-14,379,1641.355
BlitzPaket (Germany),2022-06-15,375,1746.875
BlitzPaket (Germany),2022-06-16,315,1245.156
BlitzPaket (Germany),2022-06-17,275,1071.777
BlitzPaket (Germany),2022-06-18,30,133.6
BlitzPaket (Germany),2022-06-19,110,243.85
BlitzPaket (Germany),2022-06-20,342,1343.34
BlitzPaket (Germany),2022-06-21,332,1206.04
BlitzPaket (Germany),2022-06-22,317,1123.755
BlitzPaket (Germany),2022-06-23,270,1362.308
BlitzPaket (Germany),2022-06-24,289,1073.487
BlitzPaket (Germany),2022-06-25,39,128.409
BlitzPaket (Germany),2022-06-26,82,220.585
BlitzPaket (Germany),2022-06-27,322,1217.002
BlitzPaket (Germany),2022-06-28,326,995.326
BlitzPaket (Germany),2022-06-29,298,1154.395
BlitzPaket (Germany),2022-06-30,263,1055.705
BlitzPaket (Germany),2022-07-01,294,1264.056
BlitzPaket (Germany),2022-07-02,24,108.96000000000001
BlitzPaket (Germany),2022-07-03,77,229.52
BlitzPaket (Germany),2022-07-04,353,1186.28
BlitzPaket (Germany),2022-07-05,389,1596.145
BlitzPaket (Germany),2022-07-06,331,1287.168
BlitzPaket (Germany),2022-07-07,287,1278.279
BlitzPaket (Germany),2022-07-08,310,1220.21
BlitzPaket (Germany),2022-07-09,20,65.94500000000001
BlitzPaket (Germany),2022-07-10,81,222.16
BlitzPaket (Germany),2022-07-11,320,954.441
BlitzPaket (Germany),2022-07-12,330,1259.991
BlitzPaket (Germany),2022-07-13,288,875.773
BlitzPaket (Germany),2022-07-14,294,940.061
BlitzPaket (Germany),2022-07-15,285,1109.05
BlitzPaket (Germany),2022-07-16,17,96.62
BlitzPaket (Germany),2022-07-17,79,206.82
BlitzPaket (Germany),2022-07-18,288,805.837
BlitzPaket (Germany),2022-07-19,321,1182.519
BlitzPaket (Germany),2022-07-20,297,1205.866
BlitzPaket (Germany),2022-07-21,301,1180.118
BlitzPaket (Germany),2022-07-22,295,1081.036
BlitzPaket (Germany),2022-07-23,24,118.98899999999999
BlitzPaket (Germany),2022-07-24,100,333.51
BlitzPaket (Germany),2022-07-25,406,1398.7
BlitzPaket (Germany),2022-07-26,336,1281.538
BlitzPaket (Germany),2022-07-27,296,1068.887
BlitzPaket (Germany),2022-07-28,321,1359.549
BlitzPaket (Germany),2022-07-29,329,1351.845
BlitzPaket (Germany),2022-07-30,47,315.0
BlitzPaket (Germany),2022-07-31,100,295.3
BlitzPaket (Germany),2022-08-01,484,1832.406
BlitzPaket (Germany),2022-08-02,369,1615.205
BlitzPaket (Germany),2022-08-03,403,1480.04
BlitzPaket (Germany),2022-08-04,245,826.773
BlitzPaket (Germany),2022-08-05,296,1113.94
BlitzPaket (Germany),2022-08-06,18,77.861
BlitzPaket (Germany),2022-08-07,78,187.375
BlitzPaket (Germany),2022-08-08,385,1761.211
BlitzPaket (Germany),2022-08-09,309,1087.503
BlitzPaket (Germany),2022-08-10,371,1774.399
BlitzPaket (Germany),2022-08-11,237,1157.262
BlitzPaket (Germany),2022-08-12,208,809.282
BlitzPaket (Germany),2022-08-13,24,104.28999999999999
BlitzPaket (Germany),2022-08-14,65,240.87
BlitzPaket (Germany),2022-08-15,338,1442.049
BlitzPaket (Germany),2022-08-16,311,1480.017
BlitzPaket (Germany),2022-08-17,246,777.218
BlitzPaket (Germany),2022-08-18,237,877.386
BlitzPaket (Germany),2022-08-19,250,970.659
BlitzPaket (Germany),2022-08-20,22,65.005
BlitzPaket (Germany),2022-08-21,68,168.47
BlitzPaket (Germany),2022-08-22,310,1104.586
BlitzPaket (Germany),2022-08-23,325,1470.864
BlitzPaket (Germany),2022-08-24,282,1511.089
BlitzPaket (Germany),2022-08-25,263,1199.69
BlitzPaket (Germany),2022-08-26,284,1146.02
BlitzPaket (Germany),2022-08-27,28,191.02
BlitzPaket (Germany),2022-08-28,60,226.9
BlitzPaket (Germany),2022-08-29,346,1502.93
BlitzPaket (Germany),2022-08-30,298,1437.0049999999999
BlitzPaket (Germany),2022-08-31,303,1347.151
BlitzPaket (Germany),2022-09-01,307,1409.7930000000001
BlitzPaket (Germany),2022-09-02,315,1782.518
BlitzPaket (Germany),2022-09-03,31,154.16
BlitzPaket (Germany),2022-09-04,72,209.505
BlitzPaket (Germany),2022-09-05,361,1469.869
BlitzPaket (Germany),2022-09-06,428,1781.306
BlitzPaket (Germany),2022-09-07,308,1347.087
BlitzPaket (Germany),2022-09-08,329,1583.07
BlitzPaket (Germany),2022-09-09,301,1780.545
BlitzPaket (Germany),2022-09-10,21,69.119
BlitzPaket (Germany),2022-09-11,73,304.989
BlitzPaket (Germany),2022-09-12,360,1506.4950000000001
BlitzPaket (Germany),2022-09-13,374,2018.124
BlitzPaket (Germany),2022-09-14,301,1443.599
BlitzPaket (Germany),2022-09-15,396,1591.6779999999999
BlitzPaket (Germany),2022-09-16,268,1274.936
BlitzPaket (Germany),2022-09-17,21,106.19
BlitzPaket (Germany),2022-09-18,72,220.373
BlitzPaket (Germany),2022-09-19,376,1437.907
BlitzPaket (Germany),2022-09-20,337,1815.279
BlitzPaket (Germany),2022-09-21,280,1152.916
BlitzPaket (Germany),2022-09-22,321,1436.51
BlitzPaket (Germany),2022-09-23,442,1912.653
BlitzPaket (Germany),2022-09-24,32,137.92000000000002
BlitzPaket (Germany),2022-09-25,72,163.94
BlitzPaket (Germany),2022-09-26,316,1227.093
BlitzPaket (Germany),2022-09-27,397,1648.585
BlitzPaket (Germany),2022-09-28,352,1792.402
BlitzPaket (Germany),2022-09-29,362,1414.613
BlitzPaket (Germany),2022-09-30,425,1410.638
BlitzPaket (Germany),2022-10-01,33,95.56
BlitzPaket (Germany),2022-10-02,61,171.24699999999999
BlitzPaket (Germany),2022-10-03,430,2078.73
BlitzPaket (Germany),2022-10-04,379,1986.331
BlitzPaket (Germany),2022-10-05,379,2165.104
BlitzPaket (Germany),2022-10-06,351,1543.4
BlitzPaket (Germany),2022-10-07,336,1445.518
BlitzPaket (Germany),2022-10-08,19,35.54
BlitzPaket (Germany),2022-10-09,92,225.816
BlitzPaket (Germany),2022-10-10,403,2019.22
BlitzPaket (Germany),2022-10-11,445,2061.556
BlitzPaket (Germany),2022-10-12,345,1652.557
BlitzPaket (Germany),2022-10-13,345,1677.93
BlitzPaket (Germany),2022-10-14,296,1429.919
BlitzPaket (Germany),2022-10-15,66,157.839
BlitzPaket (Germany),2022-10-16,80,224.931
BlitzPaket (Germany),2022-10-17,413,1776.598
BlitzPaket (Germany),2022-10-18,355,1466.138
BlitzPaket (Germany),2022-10-19,361,1652.421
BlitzPaket (Germany),2022-10-20,305,1465.456
BlitzPaket (Germany),2022-10-21,286,1163.84
BlitzPaket (Germany),2022-10-22,21,85.899
BlitzPaket (Germany),2022-10-23,94,363.85
BlitzPaket (Germany),2022-10-24,381,1801.62
BlitzPaket (Germany),2022-10-25,366,1566.874
BlitzPaket (Germany),2022-10-26,313,1502.545
BlitzPaket (Germany),2022-10-27,314,1671.241
BlitzPaket (Germany),2022-10-28,306,1600.075
BlitzPaket (Germany),2022-10-29,13,28.6
BlitzPaket (Germany),2022-10-30,75,217.5
BlitzPaket (Germany),2022-10-31,412,1772.019
BlitzPaket (Germany),2022-11-01,332,1438.714
BlitzPaket (Germany),2022-11-02,406,1873.289
BlitzPaket (Germany),2022-11-03,326,1442.064
BlitzPaket (Germany),2022-11-04,355,1875.245
BlitzPaket (Germany),2022-11-05,27,118.88000000000001
BlitzPaket (Germany),2022-11-06,75,203.201
BlitzPaket (Germany),2022-11-07,429,1972.061
BlitzPaket (Germany),2022-11-08,342,1817.528
BlitzPaket (Germany),2022-11-09,406,1834.415
BlitzPaket (Germany),2022-11-10,314,1346.479
BlitzPaket (Germany),2022-11-11,299,1250.558
BlitzPaket (Germany),2022-11-12,30,126.865
BlitzPaket (Germany),2022-11-13,80,312.765
BlitzPaket (Germany),2022-11-14,359,1425.775
BlitzPaket (Germany),2022-11-15,435,2245.9230000000002
BlitzPaket (Germany),2022-11-16,331,1430.637
BlitzPaket (Germany),2022-11-17,372,1805.515
BlitzPaket (Germany),2022-11-18,349,1876.692
BlitzPaket (Germany),2022-11-19,31,122.14
BlitzPaket (Germany),2022-11-20,70,224.699
BlitzPaket (Germany),2022-11-21,380,1751.847
BlitzPaket (Germany),2022-11-22,397,1830.441
BlitzPaket (Germany),2022-11-23,390,1545.956
BlitzPaket (Germany),2022-11-24,363,1676.501
BlitzPaket (Germany),2022-11-25,418,1744.124
BlitzPaket (Germany),2022-11-26,122,364.647
BlitzPaket (Germany),2022-11-27,108,358.44
BlitzPaket (Germany),2022-11-28,425,1767.581
BlitzPaket (Germany),2022-11-29,364,1477.709
BlitzPaket (Germany),2022-11-30,430,1927.535
BlitzPaket (Germany),2022-12-01,427,1426.825
BlitzPaket (Germany),2022-12-02,428,1828.065
BlitzPaket (Germany),2022-12-03,71,233.249
BlitzPaket (Germany),2022-12-04,204,710.021
BlitzPaket (Germany),2022-12-05,453,1721.675
BlitzPaket (Germany),2022-12-06,555,2246.841
BlitzPaket (Germany),2022-12-07,496,2237.95
BlitzPaket (Germany),2022-12-08,494,2437.253
BlitzPaket (Germany),2022-12-09,418,1655.421
BlitzPaket (Germany),2022-12-10,39,109.83
BlitzPaket (Germany),2022-12-11,144,423.335
BlitzPaket (Germany),2022-12-12,538,2081.084
BlitzPaket (Germany),2022-12-13,526,2528.209
BlitzPaket (Germany),2022-12-14,469,1915.029
BlitzPaket (Germany),2022-12-15,459,1766.411
BlitzPaket (Germany),2022-12-16,432,2026.141
BlitzPaket (Germany),2022-12-17,37,187.82
BlitzPaket (Germany),2022-12-18,115,456.93
BlitzPaket (Germany),2022-12-19,412,1962.888
BlitzPaket (Germany),2022-12-20,440,1691.708
BlitzPaket (Germany),2022-12-21,322,1368.744
BlitzPaket (Germany),2022-12-22,354,1594.463
BlitzPaket (Germany),2022-12-23,290,950.6
BlitzPaket (Germany),2022-12-24,20,89.025
BlitzPaket (Germany),2022-12-26,48,184.067
BlitzPaket (Germany),2022-12-27,310,1305.05
BlitzPaket (Germany),2022-12-28,247,878.494
BlitzPaket (Germany),2022-12-29,232,1034.566
BlitzPaket (Germany),2022-12-30,225,957.773
BlitzPaket (Germany),2022-12-31,32,87.406
BlitzPaket (Germany),2023-01-02,289,1258.009
BlitzPaket (Germany),2023-01-03,328,1278.804
BlitzPaket (Germany),2023-01-04,301,1124.6779999999999
BlitzPaket (Germany),2023-01-05,268,1178.929
BlitzPaket (Germany),2023-01-06,275,1168.935
BlitzPaket (Germany),2023-01-07,9,5.36
BlitzPaket (Germany),2023-01-08,80,360.73
BlitzPaket (Germany),2023-01-09,319,1277.034
BlitzPaket (Germany),2023-01-10,309,1125.61
BlitzPaket (Germany),2023-01-11,273,1247.281
BlitzPaket (Germany),2023-01-12,307,1220.866
BlitzPaket (Germany),2023-01-13,258,979.405
BlitzPaket (Germany),2023-01-14,33,181.12
BlitzPaket (Germany),2023-01-15,75,203.76
BlitzPaket (Germany),2023-01-16,312,1096.516
BlitzPaket (Germany),2023-01-17,304,1465.709
BlitzPaket (Germany),2023-01-18,276,956.12
BlitzPaket (Germany),2023-01-19,287,1156.828
BlitzPaket (Germany),2023-01-20,215,826.851
BlitzPaket (Germany),2023-01-21,25,89.44
BlitzPaket (Germany),2023-01-22,76,229.54
BlitzPaket (Germany),2023-01-23,381,1420.555
BlitzPaket (Germany),2023-01-24,312,1327.805
BlitzPaket (Germany),2023-01-25,281,1193.338
BlitzPaket (Germany),2023-01-26,266,880.144
BlitzPaket (Germany),2023-01-27,241,787.9
BlitzPaket (Germany),2023-01-28,26,169.9
BlitzPaket (Germany),2023-01-29,63,216.385
BlitzPaket (Germany),2023-01-30,347,1582.349
BlitzPaket (Germany),2023-01-31,296,1128.564
BlitzPaket (Germany),2023-02-01,287,1095.542
BlitzPaket (Germany),2023-02-02,321,1294.064
BlitzPaket (Germany),2023-02-03,255,1248.302
BlitzPaket (Germany),2023-02-04,32,206.31
BlitzPaket (Germany),2023-02-05,76,376.67
BlitzPaket (Germany),2023-02-06,371,1455.989
BlitzPaket (Germany),2023-02-07,299,1354.941
BlitzPaket (Germany),2023-02-08,259,1059.446
BlitzPaket (Germany),2023-02-09,252,1101.8990000000001
BlitzPaket (Germany),2023-02-10,180,703.612
BlitzPaket (Germany),2023-02-11,15,46.78
BlitzPaket (Germany),2023-02-12,73,268.591
BlitzPaket (Germany),2023-02-13,422,1768.901
BlitzPaket (Germany),2023-02-14,400,1889.275
BlitzPaket (Germany),2023-02-15,333,1505.461
BlitzPaket (Germany),2023-02-16,344,1681.586
BlitzPaket (Germany),2023-02-17,249,1278.501
BlitzPaket (Germany),2023-02-18,28,128.858
BlitzPaket (Germany),2023-02-19,99,268.509
BlitzPaket (Germany),2023-02-20,359,1248.501
BlitzPaket (Germany),2023-02-21,333,1604.685
BlitzPaket (Germany),2023-02-22,293,1238.79
BlitzPaket (Germany),2023-02-23,289,1075.479
BlitzPaket (Germany),2023-02-24,320,1462.675
BlitzPaket (Germany),2023-02-25,13,50.385000000000005
BlitzPaket (Germany),2023-02-26,72,188.885
BlitzPaket (Germany),2023-02-27,348,1421.1
BlitzPaket (Germany),2023-02-28,372,1614.997
BlitzPaket (Germany),2023-03-01,345,1684.072
BlitzPaket (Germany),2023-03-02,301,1806.991
BlitzPaket (Germany),2023-03-03,321,1323.979
BlitzPaket (Germany),2023-03-04,19,96.7
BlitzPaket (Germany),2023-03-05,93,372.821
BlitzPaket (Germany),2023-03-06,373,1561.84
BlitzPaket (Germany),2023-03-07,356,1654.292
BlitzPaket (Germany),2023-03-08,343,1694.723
BlitzPaket (Germany),2023-03-09,329,1754.835
BlitzPaket (Germany),2023-03-10,310,1450.531
BlitzPaket (Germany),2023-03-11,27,133.52
BlitzPaket (Germany),2023-03-12,99,264.65
BlitzPaket (Germany),2023-03-13,397,1870.27
BlitzPaket (Germany),2023-03-14,392,1763.852
BlitzPaket (Germany),2023-03-15,307,1434.656
BlitzPaket (Germany),2023-03-16,339,1722.568
BlitzPaket (Germany),2023-03-17,287,1345.504
BlitzPaket (Germany),2023-03-18,14,42.1
BlitzPaket (Germany),2023-03-19,103,414.981
BlitzPaket (Germany),2023-03-20,385,1787.191
BlitzPaket (Germany),2023-03-21,325,1523.466
BlitzPaket (Germany),2023-03-22,368,1801.735
BlitzPaket (Germany),2023-03-23,289,1318.112
BlitzPaket (Germany),2023-03-24,249,1021.269
BlitzPaket (Germany),2023-03-25,10,35.84
BlitzPaket (Germany),2023-03-26,96,428.378
BlitzPaket (Germany),2023-03-27,356,1515.48
BlitzPaket (Germany),2023-03-28,355,1619.589
BlitzPaket (Germany),2023-03-29,350,1791.695
BlitzPaket (Germany),2023-03-30,235,1073.952
BlitzPaket (Germany),2023-03-31,314,1459.022
BlitzPaket (Germany),2023-04-01,33,190.08
BlitzPaket (Germany),2023-04-02,97,397.437
BlitzPaket (Germany),2023-04-03,299,1167.881
BlitzPaket (Germany),2023-04-04,416,2037.916
BlitzPaket (Germany),2023-04-05,347,1448.418
BlitzPaket (Germany),2023-04-06,262,1302.855
BlitzPaket (Germany),2023-04-07,274,1149.343
BlitzPaket (Germany),2023-04-08,15,32.515
BlitzPaket (Germany),2023-04-10,75,318.201
BlitzPaket (Germany),2023-04-11,376,1545.732
BlitzPaket (Germany),2023-04-12,427,1966.815
BlitzPaket (Germany),2023-04-13,392,1843.417
BlitzPaket (Germany),2023-04-14,342,1892.258
BlitzPaket (Germany),2023-04-15,43,309.375
BlitzPaket (Germany),2023-04-16,96,411.838
BlitzPaket (Germany),2023-04-17,403,2004.441
BlitzPaket (Germany),2023-04-18,361,1423.646
BlitzPaket (Germany),2023-04-19,320,1145.594
BlitzPaket (Germany),2023-04-20,309,1454.893
BlitzPaket (Germany),2023-04-21,250,917.409
BlitzPaket (Germany),2023-04-22,29,263.951
BlitzPaket (Germany),2023-04-23,111,455.417
BlitzPaket (Germany),2023-04-24,365,1638.844
BlitzPaket (Germany),2023-04-25,387,1779.442
BlitzPaket (Germany),2023-04-26,365,1772.632
BlitzPaket (Germany),2023-04-27,34,233.32500000000002
BlitzPaket (Germany),2023-04-28,292,1153.075
BlitzPaket (Germany),2023-04-29,23,65.58
BlitzPaket (Germany),2023-04-30,162,629.292
BlitzPaket (Germany),2023-05-01,413,1616.659
BlitzPaket (Germany),2023-05-02,447,2088.974
BlitzPaket (Germany),2023-05-03,350,1721.165
BlitzPaket (Germany),2023-05-04,320,1342.064
BlitzPaket (Germany),2023-05-05,241,965.876
BlitzPaket (Germany),2023-05-06,11,35.54
BlitzPaket (Germany),2023-05-07,82,428.514
BlitzPaket (Germany),2023-05-08,357,1566.434
BlitzPaket (Germany),2023-05-09,366,1488.026
BlitzPaket (Germany),2023-05-10,310,1173.181
BlitzPaket (Germany),2023-05-11,299,1403.538
BlitzPaket (Germany),2023-05-12,258,1016.909
BlitzPaket (Germany),2023-05-13,40,151.116
BlitzPaket (Germany),2023-05-14,92,365.238
BlitzPaket (Germany),2023-05-15,307,1145.769
BlitzPaket (Germany),2023-05-16,349,1813.622
BlitzPaket (Germany),2023-05-17,338,1516.363
BlitzPaket (Germany),2023-05-18,28,125.24000000000001
BlitzPaket (Germany),2023-05-19,244,994.4110000000001
BlitzPaket (Germany),2023-05-20,28,37.959
BlitzPaket (Germany),2023-05-21,137,976.2610000000001
BlitzPaket (Germany),2023-05-22,343,1959.156
BlitzPaket (Germany),2023-05-23,366,1694.734
BlitzPaket (Germany),2023-05-24,323,1269.954
BlitzPaket (Germany),2023-05-25,241,1042.003
BlitzPaket (Germany),2023-05-26,283,1049.208
BlitzPaket (Germany),2023-05-27,39,115.72
BlitzPaket (Germany),2023-05-29,129,706.342
BlitzPaket (Germany),2023-05-30,278,1299.045
BlitzPaket (Germany),2023-05-31,312,1920.718
BlitzPaket (Germany),2023-06-01,333,1909.93
BlitzPaket (Germany),2023-06-02,328,1814.363
BlitzPaket (Germany),2023-06-03,47,239.439
BlitzPaket (Germany),2023-06-04,100,421.80400000000003
BlitzPaket (Germany),2023-06-05,283,1388.862
BlitzPaket (Germany),2023-06-06,304,1098.125
BlitzPaket (Germany),2023-06-07,266,1252.611
BlitzPaket (Germany),2023-06-08,269,1330.0
BlitzPaket (Germany),2023-06-09,297,1316.701
BlitzPaket (Germany),2023-06-10,40,281.469
BlitzPaket (Germany),2023-06-11,116,596.823
BlitzPaket (Germany),2023-06-12,252,1228.237
BlitzPaket (Germany),2023-06-13,273,1282.529
BlitzPaket (Germany),2023-06-14,247,1045.257
BlitzPaket (Germany),2023-06-15,249,1196.308
BlitzPaket (Germany),2023-06-16,269,1281.4
BlitzPaket (Germany),2023-06-17,56,209.941
BlitzPaket (Germany),2023-06-18,151,631.092
BlitzPaket (Germany),2023-06-19,312,1598.09
BlitzPaket (Germany),2023-06-20,283,1102.767
BlitzPaket (Germany),2023-06-21,247,923.95
BlitzPaket (Germany),2023-06-22,295,1316.096
BlitzPaket (Germany),2023-06-23,268,961.746
BlitzPaket (Germany),2023-06-24,80,218.515
BlitzPaket (Germany),2023-06-25,85,317.281
BlitzPaket (Germany),2023-06-26,203,1005.969
BlitzPaket (Germany),2023-06-27,254,1153.33
BlitzPaket (Germany),2023-06-28,232,1338.676
BlitzPaket (Germany),2023-06-29,305,1169.547
BlitzPaket (Germany),2023-06-30,274,1133.736
BlitzPaket (Germany),2023-07-01,46,268.678
BlitzPaket (Germany),2023-07-02,83,401.099
BlitzPaket (Germany),2023-07-03,261,1155.653
BlitzPaket (Germany),2023-07-04,264,1167.732
BlitzPaket (Germany),2023-07-05,320,1408.282
BlitzPaket (Germany),2023-07-06,300,1361.717
BlitzPaket (Germany),2023-07-07,252,1059.599
BlitzPaket (Germany),2023-07-08,12,32.18
BlitzPaket (Germany),2023-07-09,89,314.675
BlitzPaket (Germany),2023-07-10,258,1240.808
BlitzPaket (Germany),2023-07-11,266,1167.526
BlitzPaket (Germany),2023-07-12,251,1172.496
BlitzPaket (Germany),2023-07-13,287,1468.206
BlitzPaket (Germany),2023-07-14,205,994.298
BlitzPaket (Germany),2023-07-15,19,33.26
BlitzPaket (Germany),2023-07-16,82,322.07
BlitzPaket (Germany),2023-07-17,276,1064.077
BlitzPaket (Germany),2023-07-18,279,967.572
BlitzPaket (Germany),2023-07-19,231,994.388
BlitzPaket (Germany),2023-07-20,244,1170.5910000000001
BlitzPaket (Germany),2023-07-21,215,955.38
BlitzPaket (Germany),2023-07-22,15,26.78
BlitzPaket (Germany),2023-07-23,82,318.049
BlitzPaket (Germany),2023-07-24,278,1163.2740000000001
BlitzPaket (Germany),2023-07-25,258,1147.453
BlitzPaket (Germany),2023-07-26,265,1345.91
BlitzPaket (Germany),2023-07-27,309,1600.921
BlitzPaket (Germany),2023-07-28,244,1083.844
BlitzPaket (Germany),2023-07-29,27,77.594
BlitzPaket (Germany),2023-07-30,84,366.038
BlitzPaket (Germany),2023-07-31,254,852.096
BlitzPaket (Germany),2023-08-01,331,1543.903
BlitzPaket (Germany),2023-08-02,272,1293.901
BlitzPaket (Germany),2023-08-03,247,1278.074
BlitzPaket (Germany),2023-08-04,247,1358.138
BlitzPaket (Germany),2023-08-05,13,26.18
BlitzPaket (Germany),2023-08-06,77,309.34
BlitzPaket (Germany),2023-08-07,279,1144.837
BlitzPaket (Germany),2023-08-08,283,1490.468
BlitzPaket (Germany),2023-08-09,263,1296.871
BlitzPaket (Germany),2023-08-10,273,1377.974
BlitzPaket (Germany),2023-08-11,252,1014.371
BlitzPaket (Germany),2023-08-12,26,190.77
BlitzPaket (Germany),2023-08-13,83,396.313
BlitzPaket (Germany),2023-08-14,369,2028.684
BlitzPaket (Germany),2023-08-15,322,1673.097
BlitzPaket (Germany),2023-08-16,256,1212.642
BlitzPaket (Germany),2023-08-17,270,1443.086
BlitzPaket (Germany),2023-08-18,292,1257.589
BlitzPaket (Germany),2023-08-19,8,39.620000000000005
BlitzPaket (Germany),2023-08-20,78,255.394
BlitzPaket (Germany),2023-08-21,282,1151.02
BlitzPaket (Germany),2023-08-22,309,1396.68
BlitzPaket (Germany),2023-08-23,222,982.0889999999999
BlitzPaket (Germany),2023-08-24,277,1288.808
BlitzPaket (Germany),2023-08-25,234,1184.211
BlitzPaket (Germany),2023-08-26,31,104.021
BlitzPaket (Germany),2023-08-27,98,640.766
BlitzPaket (Germany),2023-08-28,320,1622.06
BlitzPaket (Germany),2023-08-29,315,1479.423
BlitzPaket (Germany),2023-08-30,273,1247.249
BlitzPaket (Germany),2023-08-31,306,1284.48
BlitzPaket (Germany),2023-09-01,339,1565.298
BlitzPaket (Germany),2023-09-02,24,87.145
BlitzPaket (Germany),2023-09-03,77,410.50100000000003
BlitzPaket (Germany),2023-09-04,323,1261.857
BlitzPaket (Germany),2023-09-05,416,1961.122
BlitzPaket (Germany),2023-09-06,328,1524.43
BlitzPaket (Germany),2023-09-07,284,1306.728
BlitzPaket (Germany),2023-09-08,263,1146.638
BlitzPaket (Germany),2023-09-09,19,122.96000000000001
BlitzPaket (Germany),2023-09-10,90,514.755
BlitzPaket (Germany),2023-09-11,349,1848.234
BlitzPaket (Germany),2023-09-12,339,1742.42
BlitzPaket (Germany),2023-09-13,307,1643.337
BlitzPaket (Germany),2023-09-14,195,952.467
BlitzPaket (Germany),2023-09-15,285,1456.691
BlitzPaket (Germany),2023-09-16,29,75.55
BlitzPaket (Germany),2023-09-17,108,550.474
BlitzPaket (Germany),2023-09-18,355,1843.019
BlitzPaket (Germany),2023-09-19,294,1536.437
BlitzPaket (Germany),2023-09-20,264,1311.956
BlitzPaket (Germany),2023-09-21,289,1577.363
BlitzPaket (Germany),2023-09-22,300,1557.736
BlitzPaket (Germany),2023-09-23,20,121.181
BlitzPaket (Germany),2023-09-24,123,584.92
BlitzPaket (Germany),2023-09-25,339,1864.961
BlitzPaket (Germany),2023-09-26,311,1458.08
BlitzPaket (Germany),2023-09-27,236,962.48
BlitzPaket (Germany),2023-09-28,289,1408.338
BlitzPaket (Germany),2023-09-29,303,1786.33
BlitzPaket (Germany),2023-09-30,37,189.82
BlitzPaket (Germany),2023-10-01,93,503.831
BlitzPaket (Germany),2023-10-02,331,1539.129
BlitzPaket (Germany),2023-10-03,352,1602.105
BlitzPaket (Germany),2023-10-04,312,1433.7
BlitzPaket (Germany),2023-10-05,318,1617.8129999999999
BlitzPaket (Germany),2023-10-06,329,1597.921
BlitzPaket (Germany),2023-10-07,26,101.02
BlitzPaket (Germany),2023-10-08,93,323.735
BlitzPaket (Germany),2023-10-09,374,1811.923
BlitzPaket (Germany),2023-10-10,323,1541.172
BlitzPaket (Germany),2023-10-11,299,1469.397
BlitzPaket (Germany),2023-10-12,312,1589.341
BlitzPaket (Germany),2023-10-13,288,1286.629
BlitzPaket (Germany),2023-10-14,33,127.85
BlitzPaket (Germany),2023-10-15,82,353.392
BlitzPaket (Germany),2023-10-16,329,1370.042
BlitzPaket (Germany),2023-10-17,323,1482.256
BlitzPaket (Germany),2023-10-18,180,1085.79
BlitzPaket (Germany),2023-10-19,91,326.65500000000003
BlitzPaket (Germany),2023-10-20,45,238.978
BlitzPaket (Germany),2023-10-21,1,17.16
BlitzPaket (Germany),2023-10-22,8,21.48
BlitzPaket (Germany),2023-10-23,18,132.72
BlitzPaket (Germany),2023-10-24,23,158.281
BlitzPaket (Germany),2023-10-25,83,631.34
BlitzPaket (Germany),2023-10-26,18,94.15
BlitzPaket (Germany),2023-10-27,4,15.099
BlitzPaket (Germany),2023-10-28,1,2.04
BlitzPaket (Germany),2023-10-29,10,42.120000000000005
BlitzPaket (Germany),2023-10-30,12,121.59899999999999
BlitzPaket (Germany),2023-10-31,16,138.84
BlitzPaket (Germany),2023-11-01,11,109.8
BlitzPaket (Germany),2023-11-02,12,56.53
BlitzPaket (Germany),2023-11-03,7,52.239999999999995
BlitzPaket (Germany),2023-11-04,1,12.36
BlitzPaket (Germany),2023-11-05,7,56.36
BlitzPaket (Germany),2023-11-06,14,124.321
BlitzPaket (Germany),2023-11-07,13,139.35
BlitzPaket (Germany),2023-11-08,12,90.879
BlitzPaket (Germany),2023-11-09,17,165.44
BlitzPaket (Germany),2023-11-10,8,62.760999999999996
BlitzPaket (Germany),2023-11-12,11,137.76
BlitzPaket (Germany),2023-11-13,12,135.618
BlitzPaket (Germany),2023-11-14,17,152.779
BlitzPaket (Germany),2023-11-15,4,28.6
BlitzPaket (Germany),2023-11-16,1,6.14
BlitzPaket (Germany),2023-12-01,1,2.82
BlitzPaket (Germany),2023-12-02,1,2.06
BlitzPaket (Germany),2023-12-04,1,0.5
BlitzPaket (Germany),2023-12-08,1,23.02
BlitzPaket (Germany),2023-12-11,1,3.36
BlitzPaket (Germany),2023-12-12,1,1.62
BlitzPaket (Germany),2023-12-13,1,0.74
BlitzPaket (Germany),2023-12-14,2,23.76
BlitzPaket (Germany),2023-12-15,5,13.06
BlitzPaket (Germany),2023-12-17,3,2.4
BlitzPaket (Germany),2023-12-18,14,35.2
BlitzPaket (Germany),2023-12-19,8,16.88
BlitzPaket (Germany),2023-12-20,7,25.76
BlitzPaket (Germany),2023-12-21,8,11.66
BlitzPaket (Germany),2023-12-22,2,17.700000000000003
BlitzPaket (Germany),2023-12-26,2,1.16
BlitzPaket (Germany),2023-12-27,9,32.14
BlitzPaket (Germany),2023-12-28,6,28.82
BlitzPaket (Germany),2023-12-29,10,78.0
BlitzPaket (Germany),2024-01-02,10,41.28
BlitzPaket (Germany),2024-01-03,5,22.14
BlitzPaket (Germany),2024-01-04,5,32.639
BlitzPaket (Germany),2024-01-05,1,7.1
BlitzPaket (Germany),2024-01-08,9,27.639999999999997
BlitzPaket (Germany),2024-01-09,5,4.96
BlitzPaket (Germany),2024-01-10,7,13.4
BlitzPaket (Germany),2024-01-11,5,15.42
BlitzPaket (Germany),2024-01-12,4,6.321
BlitzPaket (Germany),2024-01-14,1,1.36
BlitzPaket (Germany),2024-01-15,2,0.8799999999999999
BlitzPaket (Germany),2024-01-16,12,68.08
BlitzPaket (Germany),2024-01-17,4,3.1
BlitzPaket (Germany),2024-01-18,3,5.880000000000001
BlitzPaket (Germany),2024-01-19,7,27.14
BlitzPaket (Germany),2024-01-20,1,7.96
BlitzPaket (Germany),2024-01-21,1,4.14
BlitzPaket (Germany),2024-01-22,4,15.34
BlitzPaket (Germany),2024-01-23,6,16.72
BlitzPaket (Germany),2024-01-24,2,17.08
BlitzPaket (Germany),2024-01-25,4,7.46
BlitzPaket (Germany),2024-01-26,6,9.819
BlitzPaket (Germany),2024-01-28,2,2.48
BlitzPaket (Germany),2024-01-29,5,9.58
BlitzPaket (Germany),2024-01-30,7,33.44
BlitzPaket (Germany),2024-01-31,6,23.32
BlitzPaket (Germany),2024-02-01,2,8.96
BlitzPaket (Germany),2024-02-02,6,33.14
BlitzPaket (Germany),2024-02-04,1,11.32
BlitzPaket (Germany),2024-02-05,4,8.46
BlitzPaket (Germany),2024-02-06,7,17.42
BlitzPaket (Germany),2024-02-07,7,45.38
BlitzPaket (Germany),2024-02-08,6,14.780000000000001
BlitzPaket (Germany),2024-02-09,4,4.68
BlitzPaket (Germany),2024-02-10,1,15.28
BlitzPaket (Germany),2024-02-11,1,0.24
BlitzPaket (Germany),2024-02-12,9,17.59
BlitzPaket (Germany),2024-02-13,11,35.16
BlitzPaket (Germany),2024-02-14,11,49.4
BlitzPaket (Germany),2024-02-15,5,22.78
BlitzPaket (Germany),2024-02-16,6,28.6
BlitzPaket (Germany),2024-02-18,4,14.64
BlitzPaket (Germany),2024-02-19,11,30.400000000000002
BlitzPaket (Germany),2024-02-20,7,42.68
BlitzPaket (Germany),2024-02-21,1,0.42
BlitzPaket (Germany),2024-02-22,8,37.940000000000005
BlitzPaket (Germany),2024-02-23,5,5.62
BlitzPaket (Germany),2024-02-25,3,6.1
BlitzPaket (Germany),2024-02-26,16,69.541
BlitzPaket (Germany),2024-02-27,6,28.6
BlitzPaket (Germany),2024-02-28,9,39.339999999999996
BlitzPaket (Germany),2024-02-29,5,26.66
BlitzPaket (Germany),2024-03-01,11,22.44
BlitzPaket (Germany),2024-03-03,4,5.06
BlitzPaket (Germany),2024-03-04,12,52.400000000000006
BlitzPaket (Germany),2024-03-05,3,4.32
BlitzPaket (Germany),2024-03-06,5,12.39
BlitzPaket (Germany),2024-03-07,2,3.16
BlitzPaket (Germany),2024-03-10,1,2.14
BlitzPaket (Germany),2024-03-11,5,13.82
BlitzPaket (Germany),2024-03-12,8,38.2
BlitzPaket (Germany),2024-03-13,6,17.84
BlitzPaket (Germany),2024-03-14,14,88.76
BlitzPaket (Germany),2024-03-15,5,15.42
BlitzPaket (Germany),2024-03-16,1,2.094
BlitzPaket (Germany),2024-03-17,3,2.8200000000000003
BlitzPaket (Germany),2024-03-18,9,48.0
BlitzPaket (Germany),2024-03-19,12,74.5
BlitzPaket (Germany),2024-03-20,9,55.92
BlitzPaket (Germany),2024-03-21,1,0.06
BlitzPaket (Germany),2024-03-22,4,15.58
BlitzPaket (Germany),2024-03-23,1,0.56
BlitzPaket (Germany),2024-03-24,1,0.16
BlitzPaket (Germany),2024-03-25,12,36.82
BlitzPaket (Germany),2024-03-26,5,2.68
BlitzPaket (Germany),2024-03-27,6,32.84
BlitzPaket (Germany),2024-03-28,6,29.160000000000004
BlitzPaket (Germany),2024-03-29,9,42.001
BlitzPaket (Germany),2024-04-01,1,0.16
BlitzPaket (Germany),2024-04-02,3,7.3
BlitzPaket (Germany),2024-04-03,8,23.18
BlitzPaket (Germany),2024-04-04,11,43.980000000000004
BlitzPaket (Germany),2024-04-05,12,24.4
BlitzPaket (Germany),2024-04-06,1,0.001
BlitzPaket (Germany),2024-04-07,1,1.58
BlitzPaket (Germany),2024-04-08,7,46.18
BlitzPaket (Germany),2024-04-09,5,14.36
BlitzPaket (Germany),2024-04-10,7,25.36
BlitzPaket (Germany),2024-04-11,5,18.059
BlitzPaket (Germany),2024-04-12,7,21.28
BlitzPaket (Germany),2024-04-15,5,11.5
BlitzPaket (Germany),2024-04-16,6,13.225000000000001
BlitzPaket (Germany),2024-04-17,6,15.940000000000001
BlitzPaket (Germany),2024-04-18,5,5.779999999999999
BlitzPaket (Germany),2024-04-19,5,10.96
BlitzPaket (Germany),2024-04-22,6,14.18
BlitzPaket (Germany),2024-04-23,5,30.560000000000002
BlitzPaket (Germany),2024-04-24,2,5.16
BlitzPaket (Germany),2024-06-27,5,15.2
BlitzPaket (Germany),2024-06-28,4,3.9
BlitzPaket (Germany),2024-06-30,1,0.32
BlitzPaket (Germany),2024-07-01,3,2.6
BlitzPaket (Germany),2024-07-02,6,16.62
BlitzPaket (Germany),2024-07-03,8,16.48
BlitzPaket (Germany),2024-07-04,3,3.54
BlitzPaket (Germany),2024-07-05,12,13.52
BlitzPaket (Germany),2024-07-06,1,4.72
BlitzPaket (Germany),2024-07-07,2,17.880000000000003
BlitzPaket (Germany),2024-07-08,8,41.36
BlitzPaket (Germany),2024-07-09,7,11.06
BlitzPaket (Germany),2024-07-10,18,61.32
BlitzPaket (Germany),2024-07-11,5,9.061
BlitzPaket (Germany),2024-07-12,11,27.28
BlitzPaket (Germany),2024-07-14,2,2.5
BlitzPaket (Germany),2024-07-15,5,10.38
BlitzPaket (Germany),2024-07-16,6,36.82
BlitzPaket (Germany),2024-07-17,10,61.14
BlitzPaket (Germany),2024-07-18,5,19.3
BlitzPaket (Germany),2024-07-19,8,6.5
BlitzPaket (Germany),2024-07-21,4,9.32
BlitzPaket (Germany),2024-07-22,5,6.58
BlitzPaket (Germany),2024-07-23,7,11.819999999999999
BlitzPaket (Germany),2024-07-24,5,6.58
BlitzPaket (Germany),2024-07-25,2,17.8
BlitzPaket (Germany),2024-07-26,1,0.4
BlitzPaket (Germany),2024-10-21,1,0.54
BlitzPaket (Germany),2024-11-14,1,0.28
BlitzPaket (Germany),2024-11-15,1,0.2
BlitzPaket (Germany),2024-11-18,4,3.9000000000000004
BlitzPaket (Germany),2024-11-19,1,0.52
PaccoPronto (Italy),2018-12-02,1,1.44
PaccoPronto (Italy),2018-12-03,4,7.7
PaccoPronto (Italy),2018-12-04,2,3.72
PaccoPronto (Italy),2018-12-05,19,49.92
PaccoPronto (Italy),2018-12-06,5,13.86
PaccoPronto (Italy),2018-12-07,12,36.339999999999996
PaccoPronto (Italy),2018-12-08,5,8.42
PaccoPronto (Italy),2018-12-10,16,47.14
PaccoPronto (Italy),2018-12-11,15,98.86
PaccoPronto (Italy),2018-12-12,12,25.779999999999998
PaccoPronto (Italy),2018-12-13,14,32.22
PaccoPronto (Italy),2018-12-14,132,473.601
PaccoPronto (Italy),2018-12-15,4,1.12
PaccoPronto (Italy),2018-12-16,7,50.72
PaccoPronto (Italy),2018-12-17,21,56.312
PaccoPronto (Italy),2018-12-18,55,224.941
PaccoPronto (Italy),2018-12-19,43,194.355
PaccoPronto (Italy),2018-12-20,49,121.92
PaccoPronto (Italy),2018-12-21,157,638.361
PaccoPronto (Italy),2018-12-22,14,117.36000000000001
PaccoPronto (Italy),2018-12-23,28,62.0
PaccoPronto (Italy),2018-12-24,163,459.81
PaccoPronto (Italy),2018-12-26,17,65.74
PaccoPronto (Italy),2018-12-27,487,1034.82
PaccoPronto (Italy),2018-12-28,440,1040.76
PaccoPronto (Italy),2018-12-29,6,70.32
PaccoPronto (Italy),2018-12-30,103,191.28
PaccoPronto (Italy),2018-12-31,379,502.16
PaccoPronto (Italy),2019-01-01,13,33.300000000000004
PaccoPronto (Italy),2019-01-02,521,1430.621
PaccoPronto (Italy),2019-01-03,597,1305.502
PaccoPronto (Italy),2019-01-04,525,1444.36
PaccoPronto (Italy),2019-01-05,14,66.66
PaccoPronto (Italy),2019-01-06,80,201.66
PaccoPronto (Italy),2019-01-07,654,1529.235
PaccoPronto (Italy),2019-01-08,568,1538.471
PaccoPronto (Italy),2019-01-09,495,1380.921
PaccoPronto (Italy),2019-01-10,459,1489.66
PaccoPronto (Italy),2019-01-11,434,1149.341
PaccoPronto (Italy),2019-01-12,18,63.96
PaccoPronto (Italy),2019-01-13,58,96.68
PaccoPronto (Italy),2019-01-14,730,1825.59
PaccoPronto (Italy),2019-01-15,537,1673.662
PaccoPronto (Italy),2019-01-16,475,1306.665
PaccoPronto (Italy),2019-01-17,534,1138.56
PaccoPronto (Italy),2019-01-18,395,1273.08
PaccoPronto (Italy),2019-01-19,18,60.38
PaccoPronto (Italy),2019-01-20,98,508.62
PaccoPronto (Italy),2019-01-21,569,1480.36
PaccoPronto (Italy),2019-01-22,428,1412.32
PaccoPronto (Italy),2019-01-23,392,1278.981
PaccoPronto (Italy),2019-01-24,400,1179.795
PaccoPronto (Italy),2019-01-25,441,1184.64
PaccoPronto (Italy),2019-01-26,18,10.52
PaccoPronto (Italy),2019-01-27,62,139.46
PaccoPronto (Italy),2019-01-28,551,1477.24
PaccoPronto (Italy),2019-01-29,451,1455.605
PaccoPronto (Italy),2019-01-30,418,1623.061
PaccoPronto (Italy),2019-01-31,384,1068.08
PaccoPronto (Italy),2019-02-01,439,1430.021
PaccoPronto (Italy),2019-02-02,16,115.02
PaccoPronto (Italy),2019-02-03,63,180.46
PaccoPronto (Italy),2019-02-04,596,1789.311
PaccoPronto (Italy),2019-02-05,444,1504.002
PaccoPronto (Italy),2019-02-06,466,1785.301
PaccoPronto (Italy),2019-02-07,384,1358.8700000000001
PaccoPronto (Italy),2019-02-08,403,1180.901
PaccoPronto (Italy),2019-02-09,19,52.9
PaccoPronto (Italy),2019-02-10,68,189.68
PaccoPronto (Italy),2019-02-11,565,1364.66
PaccoPronto (Italy),2019-02-12,439,1569.1200000000001
PaccoPronto (Italy),2019-02-13,411,1323.041
PaccoPronto (Italy),2019-02-14,407,1436.6
PaccoPronto (Italy),2019-02-15,419,1296.945
PaccoPronto (Italy),2019-02-16,9,43.225
PaccoPronto (Italy),2019-02-17,78,142.82
PaccoPronto (Italy),2019-02-18,551,1415.501
PaccoPronto (Italy),2019-02-19,413,1322.86
PaccoPronto (Italy),2019-02-20,389,1237.3
PaccoPronto (Italy),2019-02-21,350,1081.521
PaccoPronto (Italy),2019-02-22,391,1207.727
PaccoPronto (Italy),2019-02-23,19,82.54
PaccoPronto (Italy),2019-02-24,75,114.32000000000001
PaccoPronto (Italy),2019-02-25,585,1526.757
PaccoPronto (Italy),2019-02-26,433,1608.017
PaccoPronto (Italy),2019-02-27,412,1565.685
PaccoPronto (Italy),2019-02-28,414,1321.76
PaccoPronto (Italy),2019-03-01,363,1105.54
PaccoPronto (Italy),2019-03-02,16,35.22
PaccoPronto (Italy),2019-03-03,83,151.56
PaccoPronto (Italy),2019-03-04,561,1631.96
PaccoPronto (Italy),2019-03-05,520,1940.68
PaccoPronto (Italy),2019-03-06,457,1430.92
PaccoPronto (Italy),2019-03-07,350,1120.382
PaccoPronto (Italy),2019-03-08,328,1059.68
PaccoPronto (Italy),2019-03-09,31,63.54
PaccoPronto (Italy),2019-03-10,78,151.74
PaccoPronto (Italy),2019-03-11,549,1685.091
PaccoPronto (Italy),2019-03-12,429,1268.682
PaccoPronto (Italy),2019-03-13,402,1292.06
PaccoPronto (Italy),2019-03-14,388,1395.7
PaccoPronto (Italy),2019-03-15,368,1335.38
PaccoPronto (Italy),2019-03-16,23,30.919999999999998
PaccoPronto (Italy),2019-03-17,91,246.12
PaccoPronto (Italy),2019-03-18,538,1850.0629999999999
PaccoPronto (Italy),2019-03-19,453,1554.49
PaccoPronto (Italy),2019-03-20,402,1279.581
PaccoPronto (Italy),2019-03-21,393,1346.801
PaccoPronto (Italy),2019-03-22,373,1250.78
PaccoPronto (Italy),2019-03-23,6,3.7800000000000002
PaccoPronto (Italy),2019-03-24,93,262.16
PaccoPronto (Italy),2019-03-25,612,2073.436
PaccoPronto (Italy),2019-03-26,598,2093.301
PaccoPronto (Italy),2019-03-27,441,1577.433
PaccoPronto (Italy),2019-03-28,515,1793.278
PaccoPronto (Italy),2019-03-29,389,919.9
PaccoPronto (Italy),2019-03-30,16,57.96
PaccoPronto (Italy),2019-03-31,105,415.14
PaccoPronto (Italy),2019-04-01,540,1257.845
PaccoPronto (Italy),2019-04-02,441,1434.04
PaccoPronto (Italy),2019-04-03,418,1150.741
PaccoPronto (Italy),2019-04-04,409,1324.72
PaccoPronto (Italy),2019-04-05,448,1320.67
PaccoPronto (Italy),2019-04-06,3,12.52
PaccoPronto (Italy),2019-04-07,106,218.14000000000001
PaccoPronto (Italy),2019-04-08,562,1822.701
PaccoPronto (Italy),2019-04-09,457,1593.25
PaccoPronto (Italy),2019-04-10,385,1335.82
PaccoPronto (Italy),2019-04-11,451,1211.08
PaccoPronto (Italy),2019-04-12,380,1287.111
PaccoPronto (Italy),2019-04-13,4,46.239999999999995
PaccoPronto (Italy),2019-04-14,105,270.361
PaccoPronto (Italy),2019-04-15,609,2011.8
PaccoPronto (Italy),2019-04-16,461,1728.316
PaccoPronto (Italy),2019-04-17,473,1635.901
PaccoPronto (Italy),2019-04-18,328,974.82
PaccoPronto (Italy),2019-04-19,330,1474.98
PaccoPronto (Italy),2019-04-20,16,85.78
PaccoPronto (Italy),2019-04-22,92,296.68
PaccoPronto (Italy),2019-04-23,542,1437.584
PaccoPronto (Italy),2019-04-24,465,1536.223
PaccoPronto (Italy),2019-04-25,436,1272.463
PaccoPronto (Italy),2019-04-26,378,1311.506
PaccoPronto (Italy),2019-04-27,4,3.26
PaccoPronto (Italy),2019-04-28,49,129.08
PaccoPronto (Italy),2019-04-29,521,1757.46
PaccoPronto (Italy),2019-04-30,420,1541.845
PaccoPronto (Italy),2019-05-01,367,1134.12
PaccoPronto (Italy),2019-05-02,335,1292.52
PaccoPronto (Italy),2019-05-03,341,1217.05
PaccoPronto (Italy),2019-05-04,11,44.56
PaccoPronto (Italy),2019-05-05,123,381.88
PaccoPronto (Italy),2019-05-06,598,2123.56
PaccoPronto (Italy),2019-05-07,426,1452.06
PaccoPronto (Italy),2019-05-08,459,1296.59
PaccoPronto (Italy),2019-05-09,385,1237.44
PaccoPronto (Italy),2019-05-10,370,1188.94
PaccoPronto (Italy),2019-05-11,3,2.36
PaccoPronto (Italy),2019-05-12,88,235.34
PaccoPronto (Italy),2019-05-13,531,1569.68
PaccoPronto (Italy),2019-05-14,447,1353.085
PaccoPronto (Italy),2019-05-15,421,1335.7
PaccoPronto (Italy),2019-05-16,496,1991.463
PaccoPronto (Italy),2019-05-17,353,1219.263
PaccoPronto (Italy),2019-05-18,4,40.699999999999996
PaccoPronto (Italy),2019-05-19,91,242.38
PaccoPronto (Italy),2019-05-20,551,1657.566
PaccoPronto (Italy),2019-05-21,400,1647.062
PaccoPronto (Italy),2019-05-22,421,1351.22
PaccoPronto (Italy),2019-05-23,360,1253.706
PaccoPronto (Italy),2019-05-24,389,1124.985
PaccoPronto (Italy),2019-05-25,5,26.08
PaccoPronto (Italy),2019-05-26,112,374.76
PaccoPronto (Italy),2019-05-27,494,1715.881
PaccoPronto (Italy),2019-05-28,517,2180.188
PaccoPronto (Italy),2019-05-29,390,1145.38
PaccoPronto (Italy),2019-05-31,424,1086.001
PaccoPronto (Italy),2019-06-01,51,154.16
PaccoPronto (Italy),2019-06-02,143,686.44
PaccoPronto (Italy),2019-06-03,568,1825.581
PaccoPronto (Italy),2019-06-04,488,1910.34
PaccoPronto (Italy),2019-06-05,470,1638.535
PaccoPronto (Italy),2019-06-06,380,1588.321
PaccoPronto (Italy),2019-06-07,306,850.0
PaccoPronto (Italy),2019-06-08,1,4.86
PaccoPronto (Italy),2019-06-10,162,799.94
PaccoPronto (Italy),2019-06-11,593,1845.06
PaccoPronto (Italy),2019-06-12,449,1607.416
PaccoPronto (Italy),2019-06-13,463,2102.986
PaccoPronto (Italy),2019-06-14,375,1433.481
PaccoPronto (Italy),2019-06-15,15,47.26
PaccoPronto (Italy),2019-06-16,93,385.52
PaccoPronto (Italy),2019-06-17,571,1927.496
PaccoPronto (Italy),2019-06-18,518,1898.151
PaccoPronto (Italy),2019-06-19,375,1536.89
PaccoPronto (Italy),2019-06-20,382,1143.841
PaccoPronto (Italy),2019-06-21,322,1000.1
PaccoPronto (Italy),2019-06-22,1,0.0
PaccoPronto (Italy),2019-06-23,82,244.94
PaccoPronto (Italy),2019-06-24,478,1430.875
PaccoPronto (Italy),2019-06-25,416,1313.386
PaccoPronto (Italy),2019-06-26,396,1162.802
PaccoPronto (Italy),2019-06-27,402,1658.495
PaccoPronto (Italy),2019-06-28,360,1144.881
PaccoPronto (Italy),2019-06-29,4,12.42
PaccoPronto (Italy),2019-06-30,75,214.78
PaccoPronto (Italy),2019-07-01,598,2337.283
PaccoPronto (Italy),2019-07-02,446,1574.32
PaccoPronto (Italy),2019-07-03,422,1672.861
PaccoPronto (Italy),2019-07-04,403,1933.32
PaccoPronto (Italy),2019-07-05,409,1509.02
PaccoPronto (Italy),2019-07-06,5,28.759999999999998
PaccoPronto (Italy),2019-07-07,99,468.32
PaccoPronto (Italy),2019-07-08,507,1945.002
PaccoPronto (Italy),2019-07-09,513,1691.404
PaccoPronto (Italy),2019-07-10,432,1496.448
PaccoPronto (Italy),2019-07-11,417,1374.901
PaccoPronto (Italy),2019-07-12,396,1266.911
PaccoPronto (Italy),2019-07-13,3,2.88
PaccoPronto (Italy),2019-07-14,97,294.32
PaccoPronto (Italy),2019-07-15,583,1595.581
PaccoPronto (Italy),2019-07-16,488,1769.88
PaccoPronto (Italy),2019-07-17,419,1716.761
PaccoPronto (Italy),2019-07-18,388,1991.15
PaccoPronto (Italy),2019-07-19,388,2372.685
PaccoPronto (Italy),2019-07-20,2,8.38
PaccoPronto (Italy),2019-07-21,87,389.58
PaccoPronto (Italy),2019-07-22,572,2254.402
PaccoPronto (Italy),2019-07-23,427,1736.619
PaccoPronto (Italy),2019-07-24,309,981.521
PaccoPronto (Italy),2019-07-25,367,1394.749
PaccoPronto (Italy),2019-07-26,352,1156.821
PaccoPronto (Italy),2019-07-27,6,27.580000000000002
PaccoPronto (Italy),2019-07-28,106,345.82
PaccoPronto (Italy),2019-07-29,509,1584.22
PaccoPronto (Italy),2019-07-30,410,1522.601
PaccoPronto (Italy),2019-07-31,387,1224.511
PaccoPronto (Italy),2019-08-01,376,1448.301
PaccoPronto (Italy),2019-08-02,333,1138.02
PaccoPronto (Italy),2019-08-03,8,49.28
PaccoPronto (Italy),2019-08-04,121,347.78
PaccoPronto (Italy),2019-08-05,494,1624.102
PaccoPronto (Italy),2019-08-06,439,1349.1299999999999
PaccoPronto (Italy),2019-08-07,431,1968.02
PaccoPronto (Italy),2019-08-08,361,1799.8600000000001
PaccoPronto (Italy),2019-08-09,319,950.04
PaccoPronto (Italy),2019-08-10,5,15.919999999999998
PaccoPronto (Italy),2019-08-11,103,259.14
PaccoPronto (Italy),2019-08-12,506,1654.93
PaccoPronto (Italy),2019-08-13,414,1391.48
PaccoPronto (Italy),2019-08-14,377,1199.96
PaccoPronto (Italy),2019-08-15,312,1055.381
PaccoPronto (Italy),2019-08-16,253,739.36
PaccoPronto (Italy),2019-08-17,1,0.9
PaccoPronto (Italy),2019-08-18,62,191.64
PaccoPronto (Italy),2019-08-19,462,1364.8799999999999
PaccoPronto (Italy),2019-08-20,500,1701.24
PaccoPronto (Italy),2019-08-21,352,1208.72
PaccoPronto (Italy),2019-08-22,322,1228.721
PaccoPronto (Italy),2019-08-23,369,1135.54
PaccoPronto (Italy),2019-08-24,26,60.120000000000005
PaccoPronto (Italy),2019-08-25,85,177.12
PaccoPronto (Italy),2019-08-26,482,1392.76
PaccoPronto (Italy),2019-08-27,394,1432.001
PaccoPronto (Italy),2019-08-28,358,1335.521
PaccoPronto (Italy),2019-08-29,354,1527.18
PaccoPronto (Italy),2019-08-30,288,767.82
PaccoPronto (Italy),2019-08-31,41,171.92
PaccoPronto (Italy),2019-09-01,89,262.56
PaccoPronto (Italy),2019-09-02,360,1050.862
PaccoPronto (Italy),2019-09-03,427,1280.586
PaccoPronto (Italy),2019-09-04,432,1410.38
PaccoPronto (Italy),2019-09-05,349,1464.541
PaccoPronto (Italy),2019-09-06,369,1271.72
PaccoPronto (Italy),2019-09-07,28,53.261
PaccoPronto (Italy),2019-09-08,88,175.56
PaccoPronto (Italy),2019-09-09,458,1555.6
PaccoPronto (Italy),2019-09-10,470,2366.981
PaccoPronto (Italy),2019-09-11,394,1302.321
PaccoPronto (Italy),2019-09-12,350,1582.535
PaccoPronto (Italy),2019-09-13,344,1161.625
PaccoPronto (Italy),2019-09-14,23,48.72
PaccoPronto (Italy),2019-09-15,79,156.2
PaccoPronto (Italy),2019-09-16,450,1337.882
PaccoPronto (Italy),2019-09-17,445,1540.301
PaccoPronto (Italy),2019-09-18,382,1378.66
PaccoPronto (Italy),2019-09-19,397,1885.682
PaccoPronto (Italy),2019-09-20,437,1626.923
PaccoPronto (Italy),2019-09-21,34,83.04
PaccoPronto (Italy),2019-09-22,65,160.76
PaccoPronto (Italy),2019-09-23,471,1520.301
PaccoPronto (Italy),2019-09-24,457,1473.76
PaccoPronto (Italy),2019-09-25,378,1311.706
PaccoPronto (Italy),2019-09-26,390,1773.481
PaccoPronto (Italy),2019-09-27,276,813.58
PaccoPronto (Italy),2019-09-28,75,123.03
PaccoPronto (Italy),2019-09-29,98,194.58
PaccoPronto (Italy),2019-09-30,414,1925.106
PaccoPronto (Italy),2019-10-01,352,1285.9
PaccoPronto (Italy),2019-10-02,398,1233.4669999999999
PaccoPronto (Italy),2019-10-03,419,1588.805
PaccoPronto (Italy),2019-10-04,289,1165.94
PaccoPronto (Italy),2019-10-05,40,73.38
PaccoPronto (Italy),2019-10-06,80,181.8
PaccoPronto (Italy),2019-10-07,498,1472.603
PaccoPronto (Italy),2019-10-08,429,1541.955
PaccoPronto (Italy),2019-10-09,409,1362.99
PaccoPronto (Italy),2019-10-10,419,1690.364
PaccoPronto (Italy),2019-10-11,358,1522.1
PaccoPronto (Italy),2019-10-12,60,170.76
PaccoPronto (Italy),2019-10-13,67,210.35999999999999
PaccoPronto (Italy),2019-10-14,447,1449.77
PaccoPronto (Italy),2019-10-15,459,1596.963
PaccoPronto (Italy),2019-10-16,400,1441.395
PaccoPronto (Italy),2019-10-17,408,1516.68
PaccoPronto (Italy),2019-10-18,370,1338.16
PaccoPronto (Italy),2019-10-19,45,76.2
PaccoPronto (Italy),2019-10-20,73,167.041
PaccoPronto (Italy),2019-10-21,480,1784.882
PaccoPronto (Italy),2019-10-22,353,1382.761
PaccoPronto (Italy),2019-10-23,386,1459.28
PaccoPronto (Italy),2019-10-24,337,1388.928
PaccoPronto (Italy),2019-10-25,319,1173.66
PaccoPronto (Italy),2019-10-26,52,168.76
PaccoPronto (Italy),2019-10-27,77,220.20000000000002
PaccoPronto (Italy),2019-10-28,409,1334.483
PaccoPronto (Italy),2019-10-29,370,1282.42
PaccoPronto (Italy),2019-10-30,419,1516.84
PaccoPronto (Italy),2019-10-31,371,1444.415
PaccoPronto (Italy),2019-11-01,325,1086.66
PaccoPronto (Italy),2019-11-02,27,77.84
PaccoPronto (Italy),2019-11-03,63,131.72
PaccoPronto (Italy),2019-11-04,518,1629.781
PaccoPronto (Italy),2019-11-05,444,1766.789
PaccoPronto (Italy),2019-11-06,472,1578.921
PaccoPronto (Italy),2019-11-07,364,1227.1200000000001
PaccoPronto (Italy),2019-11-08,428,1316.54
PaccoPronto (Italy),2019-11-09,41,76.56
PaccoPronto (Italy),2019-11-10,107,260.78
PaccoPronto (Italy),2019-11-11,586,1804.29
PaccoPronto (Italy),2019-11-12,484,1695.867
PaccoPronto (Italy),2019-11-13,489,1868.381
PaccoPronto (Italy),2019-11-14,438,1806.823
PaccoPronto (Italy),2019-11-15,462,1241.421
PaccoPronto (Italy),2019-11-16,56,183.98
PaccoPronto (Italy),2019-11-17,114,338.21999999999997
PaccoPronto (Italy),2019-11-18,581,2274.686
PaccoPronto (Italy),2019-11-19,505,2098.38
PaccoPronto (Italy),2019-11-20,486,1656.701
PaccoPronto (Italy),2019-11-21,439,1569.14
PaccoPronto (Italy),2019-11-22,507,1842.121
PaccoPronto (Italy),2019-11-23,31,78.98
PaccoPronto (Italy),2019-11-24,140,484.48
PaccoPronto (Italy),2019-11-25,613,2326.6
PaccoPronto (Italy),2019-11-26,530,1935.705
PaccoPronto (Italy),2019-11-27,530,1522.539
PaccoPronto (Italy),2019-11-28,692,2172.77
PaccoPronto (Italy),2019-11-29,644,2290.966
PaccoPronto (Italy),2019-11-30,50,186.6
PaccoPronto (Italy),2019-12-01,276,685.8
PaccoPronto (Italy),2019-12-02,746,2668.841
PaccoPronto (Italy),2019-12-03,710,2137.947
PaccoPronto (Italy),2019-12-04,766,2574.524
PaccoPronto (Italy),2019-12-05,727,2254.957
PaccoPronto (Italy),2019-12-06,631,2183.839
PaccoPronto (Italy),2019-12-07,54,346.275
PaccoPronto (Italy),2019-12-08,210,669.98
PaccoPronto (Italy),2019-12-09,780,2776.189
PaccoPronto (Italy),2019-12-10,909,2873.412
PaccoPronto (Italy),2019-12-11,810,2923.52
PaccoPronto (Italy),2019-12-12,821,2504.977
PaccoPronto (Italy),2019-12-13,651,2196.293
PaccoPronto (Italy),2019-12-14,64,221.74
PaccoPronto (Italy),2019-12-15,236,448.42
PaccoPronto (Italy),2019-12-16,774,2443.046
PaccoPronto (Italy),2019-12-17,818,2961.854
PaccoPronto (Italy),2019-12-18,744,2165.366
PaccoPronto (Italy),2019-12-19,615,1752.187
PaccoPronto (Italy),2019-12-20,459,1492.604
PaccoPronto (Italy),2019-12-21,41,116.6
PaccoPronto (Italy),2019-12-22,135,275.115
PaccoPronto (Italy),2019-12-23,501,1446.344
PaccoPronto (Italy),2019-12-24,278,735.6
PaccoPronto (Italy),2019-12-25,1,1.22
PaccoPronto (Italy),2019-12-26,64,110.34
PaccoPronto (Italy),2019-12-27,338,1065.866
PaccoPronto (Italy),2019-12-28,50,112.97
PaccoPronto (Italy),2019-12-29,117,329.423
PaccoPronto (Italy),2019-12-30,482,1325.78
PaccoPronto (Italy),2019-12-31,253,718.592
PaccoPronto (Italy),2020-01-02,412,1556.12
PaccoPronto (Italy),2020-01-03,384,1194.541
PaccoPronto (Italy),2020-01-04,41,122.74
PaccoPronto (Italy),2020-01-05,291,637.78
PaccoPronto (Italy),2020-01-06,457,1684.061
PaccoPronto (Italy),2020-01-07,493,1203.961
PaccoPronto (Italy),2020-01-08,499,1710.577
PaccoPronto (Italy),2020-01-09,568,1927.271
PaccoPronto (Italy),2020-01-10,503,1613.892
PaccoPronto (Italy),2020-01-11,37,126.0
PaccoPronto (Italy),2020-01-12,95,225.4
PaccoPronto (Italy),2020-01-13,625,1904.063
PaccoPronto (Italy),2020-01-14,557,2396.094
PaccoPronto (Italy),2020-01-15,571,1933.821
PaccoPronto (Italy),2020-01-16,472,1563.922
PaccoPronto (Italy),2020-01-17,381,1346.375
PaccoPronto (Italy),2020-01-18,45,123.84
PaccoPronto (Italy),2020-01-19,94,152.32
PaccoPronto (Italy),2020-01-20,633,1794.713
PaccoPronto (Italy),2020-01-21,488,1764.521
PaccoPronto (Italy),2020-01-22,524,1690.681
PaccoPronto (Italy),2020-01-23,367,1582.431
PaccoPronto (Italy),2020-01-24,454,1356.014
PaccoPronto (Italy),2020-01-25,35,73.06099999999999
PaccoPronto (Italy),2020-01-26,102,245.46
PaccoPronto (Italy),2020-01-27,621,1883.201
PaccoPronto (Italy),2020-01-28,480,2216.621
PaccoPronto (Italy),2020-01-29,417,1282.185
PaccoPronto (Italy),2020-01-30,411,1556.268
PaccoPronto (Italy),2020-01-31,434,1208.501
PaccoPronto (Italy),2020-02-01,20,69.58
PaccoPronto (Italy),2020-02-02,116,313.58
PaccoPronto (Italy),2020-02-03,550,1871.815
PaccoPronto (Italy),2020-02-04,461,1399.441
PaccoPronto (Italy),2020-02-05,542,1545.43
PaccoPronto (Italy),2020-02-06,399,1381.823
PaccoPronto (Italy),2020-02-07,436,1210.378
PaccoPronto (Italy),2020-02-08,45,65.004
PaccoPronto (Italy),2020-02-09,129,247.489
PaccoPronto (Italy),2020-02-10,602,1820.644
PaccoPronto (Italy),2020-02-11,508,1989.907
PaccoPronto (Italy),2020-02-12,458,1730.141
PaccoPronto (Italy),2020-02-13,456,1478.705
PaccoPronto (Italy),2020-02-14,361,1161.3029999999999
PaccoPronto (Italy),2020-02-15,85,137.701
PaccoPronto (Italy),2020-02-16,142,376.94
PaccoPronto (Italy),2020-02-17,519,1709.048
PaccoPronto (Italy),2020-02-18,487,1805.578
PaccoPronto (Italy),2020-02-19,476,1608.501
PaccoPronto (Italy),2020-02-20,416,1477.795
PaccoPronto (Italy),2020-02-21,359,1425.895
PaccoPronto (Italy),2020-02-22,20,44.925
PaccoPronto (Italy),2020-02-23,85,218.54
PaccoPronto (Italy),2020-02-24,531,1583.19
PaccoPronto (Italy),2020-02-25,338,1430.722
PaccoPronto (Italy),2020-02-26,445,1706.172
PaccoPronto (Italy),2020-02-27,446,1653.781
PaccoPronto (Italy),2020-02-28,410,1566.647
PaccoPronto (Italy),2020-02-29,37,120.1
PaccoPronto (Italy),2020-03-01,67,195.26
PaccoPronto (Italy),2020-03-02,655,2670.26
PaccoPronto (Italy),2020-03-03,530,1863.408
PaccoPronto (Italy),2020-03-04,475,1838.645
PaccoPronto (Italy),2020-03-05,487,2081.887
PaccoPronto (Italy),2020-03-06,452,1536.523
PaccoPronto (Italy),2020-03-07,28,56.2
PaccoPronto (Italy),2020-03-08,94,305.66
PaccoPronto (Italy),2020-03-09,679,2352.937
PaccoPronto (Italy),2020-03-10,471,1782.759
PaccoPronto (Italy),2020-03-11,494,1790.92
PaccoPronto (Italy),2020-03-12,484,1701.507
PaccoPronto (Italy),2020-03-13,381,1425.401
PaccoPronto (Italy),2020-03-14,63,122.44
PaccoPronto (Italy),2020-03-15,109,263.101
PaccoPronto (Italy),2020-03-16,520,2229.525
PaccoPronto (Italy),2020-03-17,414,1847.022
PaccoPronto (Italy),2020-03-18,392,1767.29
PaccoPronto (Italy),2020-03-19,422,1607.783
PaccoPronto (Italy),2020-03-20,480,1768.66
PaccoPronto (Italy),2020-03-21,67,84.52
PaccoPronto (Italy),2020-03-22,114,412.961
PaccoPronto (Italy),2020-03-23,551,2047.5
PaccoPronto (Italy),2020-03-24,497,1878.715
PaccoPronto (Italy),2020-03-25,406,1406.362
PaccoPronto (Italy),2020-03-26,529,2059.536
PaccoPronto (Italy),2020-03-27,440,1554.152
PaccoPronto (Italy),2020-03-28,114,333.09999999999997
PaccoPronto (Italy),2020-03-29,144,424.959
PaccoPronto (Italy),2020-03-30,506,2180.724
PaccoPronto (Italy),2020-03-31,631,2348.877
PaccoPronto (Italy),2020-04-01,573,2045.349
PaccoPronto (Italy),2020-04-02,568,2307.625
PaccoPronto (Italy),2020-04-03,577,2223.817
PaccoPronto (Italy),2020-04-04,58,183.98
PaccoPronto (Italy),2020-04-05,282,678.62
PaccoPronto (Italy),2020-04-06,541,1833.805
PaccoPronto (Italy),2020-04-07,554,1708.42
PaccoPronto (Italy),2020-04-08,605,2053.182
PaccoPronto (Italy),2020-04-09,606,1754.353
PaccoPronto (Italy),2020-04-10,585,1796.279
PaccoPronto (Italy),2020-04-11,32,112.04
PaccoPronto (Italy),2020-04-13,126,314.326
PaccoPronto (Italy),2020-04-14,663,2261.461
PaccoPronto (Italy),2020-04-15,714,1862.472
PaccoPronto (Italy),2020-04-16,653,1983.907
PaccoPronto (Italy),2020-04-17,589,2167.666
PaccoPronto (Italy),2020-04-18,43,105.02
PaccoPronto (Italy),2020-04-19,293,660.66
PaccoPronto (Italy),2020-04-20,571,2203.392
PaccoPronto (Italy),2020-04-21,632,1935.406
PaccoPronto (Italy),2020-04-22,686,2423.702
PaccoPronto (Italy),2020-04-23,501,1621.031
PaccoPronto (Italy),2020-04-24,523,1987.039
PaccoPronto (Italy),2020-04-25,46,141.84
PaccoPronto (Italy),2020-04-26,262,610.4300000000001
PaccoPronto (Italy),2020-04-27,54,157.442
PaccoPronto (Italy),2020-04-28,664,2232.635
PaccoPronto (Italy),2020-04-29,684,2078.191
PaccoPronto (Italy),2020-04-30,611,2394.436
PaccoPronto (Italy),2020-05-01,682,1971.498
PaccoPronto (Italy),2020-05-02,60,251.905
PaccoPronto (Italy),2020-05-03,203,695.361
PaccoPronto (Italy),2020-05-04,555,1560.54
PaccoPronto (Italy),2020-05-05,71,185.721
PaccoPronto (Italy),2020-05-06,544,1733.42
PaccoPronto (Italy),2020-05-07,788,2667.0
PaccoPronto (Italy),2020-05-08,603,1849.982
PaccoPronto (Italy),2020-05-09,120,332.34000000000003
PaccoPronto (Italy),2020-05-10,395,1372.06
PaccoPronto (Italy),2020-05-11,589,2236.018
PaccoPronto (Italy),2020-05-12,569,1876.241
PaccoPronto (Italy),2020-05-13,611,1922.195
PaccoPronto (Italy),2020-05-14,572,2178.811
PaccoPronto (Italy),2020-05-15,561,1743.676
PaccoPronto (Italy),2020-05-16,39,96.8
PaccoPronto (Italy),2020-05-17,165,525.044
PaccoPronto (Italy),2020-05-18,611,1635.695
PaccoPronto (Italy),2020-05-19,624,2376.572
PaccoPronto (Italy),2020-05-20,484,1467.343
PaccoPronto (Italy),2020-05-21,94,162.555
PaccoPronto (Italy),2020-05-22,502,1558.971
PaccoPronto (Italy),2020-05-23,69,289.8
PaccoPronto (Italy),2020-05-24,240,623.825
PaccoPronto (Italy),2020-05-25,337,1016.548
PaccoPronto (Italy),2020-05-26,510,1675.709
PaccoPronto (Italy),2020-05-27,638,1685.668
PaccoPronto (Italy),2020-05-28,541,1848.402
PaccoPronto (Italy),2020-05-29,556,1613.913
PaccoPronto (Italy),2020-05-30,57,131.935
PaccoPronto (Italy),2020-05-31,6,8.18
PaccoPronto (Italy),2020-06-01,171,716.024
PaccoPronto (Italy),2020-06-02,693,1989.009
PaccoPronto (Italy),2020-06-03,608,1728.641
PaccoPronto (Italy),2020-06-04,659,1977.746
PaccoPronto (Italy),2020-06-05,641,1742.286
PaccoPronto (Italy),2020-06-06,38,161.602
PaccoPronto (Italy),2020-06-07,274,564.04
PaccoPronto (Italy),2020-06-08,584,1792.319
PaccoPronto (Italy),2020-06-09,537,1737.464
PaccoPronto (Italy),2020-06-10,569,1968.518
PaccoPronto (Italy),2020-06-11,481,1652.361
PaccoPronto (Italy),2020-06-12,375,1013.914
PaccoPronto (Italy),2020-06-13,23,56.96
PaccoPronto (Italy),2020-06-14,122,326.122
PaccoPronto (Italy),2020-06-15,560,1603.241
PaccoPronto (Italy),2020-06-16,545,1999.618
PaccoPronto (Italy),2020-06-17,524,1518.081
PaccoPronto (Italy),2020-06-18,459,1723.542
PaccoPronto (Italy),2020-06-19,455,1490.659
PaccoPronto (Italy),2020-06-20,88,170.14000000000001
PaccoPronto (Italy),2020-06-21,118,376.121
PaccoPronto (Italy),2020-06-22,566,1867.401
PaccoPronto (Italy),2020-06-23,477,1423.78
PaccoPronto (Italy),2020-06-24,492,1663.746
PaccoPronto (Italy),2020-06-25,410,1546.813
PaccoPronto (Italy),2020-06-26,468,1537.498
PaccoPronto (Italy),2020-06-27,49,115.36
PaccoPronto (Italy),2020-06-28,89,186.881
PaccoPronto (Italy),2020-06-29,498,1697.78
PaccoPronto (Italy),2020-06-30,477,1620.053
PaccoPronto (Italy),2020-07-01,458,1691.1299999999999
PaccoPronto (Italy),2020-07-02,482,1417.719
PaccoPronto (Italy),2020-07-03,420,1354.201
PaccoPronto (Italy),2020-07-04,41,98.94
PaccoPronto (Italy),2020-07-05,84,253.161
PaccoPronto (Italy),2020-07-06,574,2168.462
PaccoPronto (Italy),2020-07-07,461,1597.241
PaccoPronto (Italy),2020-07-08,563,2326.861
PaccoPronto (Italy),2020-07-09,347,1185.463
PaccoPronto (Italy),2020-07-10,463,1208.101
PaccoPronto (Italy),2020-07-11,55,89.5
PaccoPronto (Italy),2020-07-12,81,101.38
PaccoPronto (Italy),2020-07-13,489,1701.484
PaccoPronto (Italy),2020-07-14,441,1287.261
PaccoPronto (Italy),2020-07-15,411,1459.013
PaccoPronto (Italy),2020-07-16,380,1196.921
PaccoPronto (Italy),2020-07-17,384,1274.703
PaccoPronto (Italy),2020-07-18,24,39.17
PaccoPronto (Italy),2020-07-19,94,199.32
PaccoPronto (Italy),2020-07-20,538,1768.061
PaccoPronto (Italy),2020-07-21,419,1420.321
PaccoPronto (Italy),2020-07-22,394,1380.751
PaccoPronto (Italy),2020-07-23,409,1328.63
PaccoPronto (Italy),2020-07-24,349,1165.012
PaccoPronto (Italy),2020-07-25,41,58.34
PaccoPronto (Italy),2020-07-26,82,186.8
PaccoPronto (Italy),2020-07-27,474,1368.14
PaccoPronto (Italy),2020-07-28,519,2008.987
PaccoPronto (Italy),2020-07-29,426,1506.782
PaccoPronto (Italy),2020-07-30,319,935.511
PaccoPronto (Italy),2020-07-31,371,1173.3509999999999
PaccoPronto (Italy),2020-08-01,23,86.46
PaccoPronto (Italy),2020-08-02,107,215.961
PaccoPronto (Italy),2020-08-03,491,1612.988
PaccoPronto (Italy),2020-08-04,505,1609.351
PaccoPronto (Italy),2020-08-05,420,1527.166
PaccoPronto (Italy),2020-08-06,352,1224.21
PaccoPronto (Italy),2020-08-07,345,959.039
PaccoPronto (Italy),2020-08-08,39,113.64
PaccoPronto (Italy),2020-08-09,96,118.9
PaccoPronto (Italy),2020-08-10,379,998.398
PaccoPronto (Italy),2020-08-11,430,1139.29
PaccoPronto (Italy),2020-08-12,391,1018.078
PaccoPronto (Italy),2020-08-13,324,1296.942
PaccoPronto (Italy),2020-08-14,400,1088.743
PaccoPronto (Italy),2020-08-15,33,44.56
PaccoPronto (Italy),2020-08-16,93,171.24
PaccoPronto (Italy),2020-08-17,456,1569.941
PaccoPronto (Italy),2020-08-18,463,1195.507
PaccoPronto (Italy),2020-08-19,440,1304.672
PaccoPronto (Italy),2020-08-20,368,1355.92
PaccoPronto (Italy),2020-08-21,330,1007.961
PaccoPronto (Italy),2020-08-22,40,165.02
PaccoPronto (Italy),2020-08-23,125,240.94
PaccoPronto (Italy),2020-08-24,335,1374.802
PaccoPronto (Italy),2020-08-25,442,1358.176
PaccoPronto (Italy),2020-08-26,526,1941.321
PaccoPronto (Italy),2020-08-27,345,881.304
PaccoPronto (Italy),2020-08-28,436,1275.992
PaccoPronto (Italy),2020-08-29,24,39.361
PaccoPronto (Italy),2020-08-30,35,55.3
PaccoPronto (Italy),2020-08-31,171,555.915
PaccoPronto (Italy),2020-09-01,149,380.765
PaccoPronto (Italy),2020-09-02,283,854.8
PaccoPronto (Italy),2020-09-03,201,791.42
PaccoPronto (Italy),2020-09-04,371,1212.445
PaccoPronto (Italy),2020-09-05,36,181.22
PaccoPronto (Italy),2020-09-06,96,150.48
PaccoPronto (Italy),2020-09-07,550,2114.879
PaccoPronto (Italy),2020-09-08,608,1873.841
PaccoPronto (Italy),2020-09-09,509,1476.32
PaccoPronto (Italy),2020-09-10,421,1258.715
PaccoPronto (Italy),2020-09-11,525,1343.825
PaccoPronto (Italy),2020-09-12,40,93.675
PaccoPronto (Italy),2020-09-13,84,148.183
PaccoPronto (Italy),2020-09-14,585,2101.861
PaccoPronto (Italy),2020-09-15,466,1392.792
PaccoPronto (Italy),2020-09-16,600,1744.122
PaccoPronto (Italy),2020-09-17,447,1409.396
PaccoPronto (Italy),2020-09-18,559,1539.42
PaccoPronto (Italy),2020-09-19,32,96.513
PaccoPronto (Italy),2020-09-20,133,174.6
PaccoPronto (Italy),2020-09-21,594,2039.972
PaccoPronto (Italy),2020-09-22,524,1854.8809999999999
PaccoPronto (Italy),2020-09-23,513,1747.11
PaccoPronto (Italy),2020-09-24,503,1715.895
PaccoPronto (Italy),2020-09-25,553,1645.995
PaccoPronto (Italy),2020-09-26,61,87.96000000000001
PaccoPronto (Italy),2020-09-27,87,228.72
PaccoPronto (Italy),2020-09-28,616,2007.014
PaccoPronto (Italy),2020-09-29,591,2064.133
PaccoPronto (Italy),2020-09-30,561,2046.411
PaccoPronto (Italy),2020-10-01,446,1780.457
PaccoPronto (Italy),2020-10-02,516,1664.901
PaccoPronto (Italy),2020-10-03,53,108.18
PaccoPronto (Italy),2020-10-04,172,372.302
PaccoPronto (Italy),2020-10-05,449,1472.824
PaccoPronto (Italy),2020-10-06,577,1799.787
PaccoPronto (Italy),2020-10-07,609,1843.07
PaccoPronto (Italy),2020-10-08,461,1683.563
PaccoPronto (Italy),2020-10-09,477,1452.991
PaccoPronto (Italy),2020-10-10,90,207.02
PaccoPronto (Italy),2020-10-11,158,327.0
PaccoPronto (Italy),2020-10-12,564,2010.981
PaccoPronto (Italy),2020-10-13,598,2215.929
PaccoPronto (Italy),2020-10-14,592,1818.402
PaccoPronto (Italy),2020-10-15,574,1827.983
PaccoPronto (Italy),2020-10-16,407,1471.192
PaccoPronto (Italy),2020-10-17,45,68.36
PaccoPronto (Italy),2020-10-18,163,274.72
PaccoPronto (Italy),2020-10-19,574,2075.134
PaccoPronto (Italy),2020-10-20,618,2447.517
PaccoPronto (Italy),2020-10-21,531,1812.086
PaccoPronto (Italy),2020-10-22,450,1701.932
PaccoPronto (Italy),2020-10-23,497,1438.261
PaccoPronto (Italy),2020-10-24,46,182.56
PaccoPronto (Italy),2020-10-25,117,271.741
PaccoPronto (Italy),2020-10-26,516,2399.73
PaccoPronto (Italy),2020-10-27,594,1959.919
PaccoPronto (Italy),2020-10-28,621,2174.526
PaccoPronto (Italy),2020-10-29,494,1821.391
PaccoPronto (Italy),2020-10-30,617,1929.796
PaccoPronto (Italy),2020-10-31,67,219.42000000000002
PaccoPronto (Italy),2020-11-01,167,341.048
PaccoPronto (Italy),2020-11-02,543,1798.981
PaccoPronto (Italy),2020-11-03,549,2103.98
PaccoPronto (Italy),2020-11-04,672,1994.729
PaccoPronto (Italy),2020-11-05,542,1768.664
PaccoPronto (Italy),2020-11-06,694,1771.327
PaccoPronto (Italy),2020-11-07,41,65.5
PaccoPronto (Italy),2020-11-08,192,393.27
PaccoPronto (Italy),2020-11-09,566,1839.372
PaccoPronto (Italy),2020-11-10,677,2492.621
PaccoPronto (Italy),2020-11-11,632,2213.935
PaccoPronto (Italy),2020-11-12,755,2256.029
PaccoPronto (Italy),2020-11-13,587,2122.867
PaccoPronto (Italy),2020-11-14,100,216.66
PaccoPronto (Italy),2020-11-15,259,549.4
PaccoPronto (Italy),2020-11-16,665,2352.746
PaccoPronto (Italy),2020-11-17,690,2162.757
PaccoPronto (Italy),2020-11-18,814,2619.727
PaccoPronto (Italy),2020-11-19,773,2508.233
PaccoPronto (Italy),2020-11-20,637,2044.666
PaccoPronto (Italy),2020-11-21,44,162.37
PaccoPronto (Italy),2020-11-22,476,761.04
PaccoPronto (Italy),2020-11-23,625,2418.089
PaccoPronto (Italy),2020-11-24,772,2607.407
PaccoPronto (Italy),2020-11-25,869,2367.657
PaccoPronto (Italy),2020-11-26,812,2531.063
PaccoPronto (Italy),2020-11-27,794,2642.385
PaccoPronto (Italy),2020-11-28,203,453.64
PaccoPronto (Italy),2020-11-29,702,1861.699
PaccoPronto (Italy),2020-11-30,783,2075.317
PaccoPronto (Italy),2020-12-01,901,2942.114
PaccoPronto (Italy),2020-12-02,793,2572.136
PaccoPronto (Italy),2020-12-03,1006,2761.504
PaccoPronto (Italy),2020-12-04,929,3012.362
PaccoPronto (Italy),2020-12-05,258,443.444
PaccoPronto (Italy),2020-12-06,600,1634.232
PaccoPronto (Italy),2020-12-07,842,2216.702
PaccoPronto (Italy),2020-12-08,870,3349.23
PaccoPronto (Italy),2020-12-09,1136,3678.3469999999998
PaccoPronto (Italy),2020-12-10,1056,2623.055
PaccoPronto (Italy),2020-12-11,903,2711.49
PaccoPronto (Italy),2020-12-12,187,378.61
PaccoPronto (Italy),2020-12-13,885,2174.828
PaccoPronto (Italy),2020-12-14,747,2433.468
PaccoPronto (Italy),2020-12-15,849,2614.333
PaccoPronto (Italy),2020-12-16,806,2382.729
PaccoPronto (Italy),2020-12-17,892,2315.183
PaccoPronto (Italy),2020-12-18,757,2710.84
PaccoPronto (Italy),2020-12-19,112,285.155
PaccoPronto (Italy),2020-12-20,373,971.384
PaccoPronto (Italy),2020-12-21,481,1865.255
PaccoPronto (Italy),2020-12-22,697,1947.477
PaccoPronto (Italy),2020-12-23,529,1518.427
PaccoPronto (Italy),2020-12-24,618,1562.369
PaccoPronto (Italy),2020-12-27,275,705.541
PaccoPronto (Italy),2020-12-28,521,1725.259
PaccoPronto (Italy),2020-12-29,629,1906.1580000000001
PaccoPronto (Italy),2020-12-30,859,2074.47
PaccoPronto (Italy),2020-12-31,481,1452.595
PaccoPronto (Italy),2021-01-01,91,200.881
PaccoPronto (Italy),2021-01-02,32,55.66
PaccoPronto (Italy),2021-01-03,410,443.88100000000003
PaccoPronto (Italy),2021-01-04,671,2031.181
PaccoPronto (Italy),2021-01-05,886,2406.208
PaccoPronto (Italy),2021-01-06,1238,2569.122
PaccoPronto (Italy),2021-01-07,721,2021.69
PaccoPronto (Italy),2021-01-08,811,1877.217
PaccoPronto (Italy),2021-01-09,160,370.02
PaccoPronto (Italy),2021-01-10,442,582.266
PaccoPronto (Italy),2021-01-11,603,1856.366
PaccoPronto (Italy),2021-01-12,701,2409.75
PaccoPronto (Italy),2021-01-13,665,2051.702
PaccoPronto (Italy),2021-01-14,783,1951.346
PaccoPronto (Italy),2021-01-15,720,2232.478
PaccoPronto (Italy),2021-01-16,181,544.25
PaccoPronto (Italy),2021-01-17,615,1027.742
PaccoPronto (Italy),2021-01-18,682,2120.078
PaccoPronto (Italy),2021-01-19,781,2103.888
PaccoPronto (Italy),2021-01-20,660,2025.626
PaccoPronto (Italy),2021-01-21,830,2179.498
PaccoPronto (Italy),2021-01-22,669,2233.639
PaccoPronto (Italy),2021-01-23,90,282.265
PaccoPronto (Italy),2021-01-24,291,638.762
PaccoPronto (Italy),2021-01-25,545,2178.294
PaccoPronto (Italy),2021-01-26,653,2098.596
PaccoPronto (Italy),2021-01-27,789,2106.547
PaccoPronto (Italy),2021-01-28,652,1984.42
PaccoPronto (Italy),2021-01-29,565,2044.803
PaccoPronto (Italy),2021-01-30,56,158.3
PaccoPronto (Italy),2021-01-31,234,445.835
PaccoPronto (Italy),2021-02-01,520,1677.985
PaccoPronto (Italy),2021-02-02,625,1854.01
PaccoPronto (Italy),2021-02-03,726,2174.556
PaccoPronto (Italy),2021-02-04,670,2515.947
PaccoPronto (Italy),2021-02-05,609,2584.58
PaccoPronto (Italy),2021-02-06,62,272.09
PaccoPronto (Italy),2021-02-07,32,120.78
PaccoPronto (Italy),2021-02-08,331,1034.269
PaccoPronto (Italy),2021-02-09,553,1660.262
PaccoPronto (Italy),2021-02-10,670,3173.267
PaccoPronto (Italy),2021-02-11,750,2295.196
PaccoPronto (Italy),2021-02-12,709,2261.332
PaccoPronto (Italy),2021-02-13,54,213.84
PaccoPronto (Italy),2021-02-14,154,418.47
PaccoPronto (Italy),2021-02-15,718,2512.394
PaccoPronto (Italy),2021-02-16,657,2363.24
PaccoPronto (Italy),2021-02-17,679,2637.837
PaccoPronto (Italy),2021-02-18,758,2538.595
PaccoPronto (Italy),2021-02-19,638,2203.997
PaccoPronto (Italy),2021-02-20,57,144.135
PaccoPronto (Italy),2021-02-21,231,617.594
PaccoPronto (Italy),2021-02-22,605,2829.884
PaccoPronto (Italy),2021-02-23,682,2426.638
PaccoPronto (Italy),2021-02-24,801,3034.641
PaccoPronto (Italy),2021-02-25,711,2142.219
PaccoPronto (Italy),2021-02-26,590,2155.0190000000002
PaccoPronto (Italy),2021-02-27,51,86.08
PaccoPronto (Italy),2021-02-28,232,465.1
PaccoPronto (Italy),2021-03-01,587,2359.499
PaccoPronto (Italy),2021-03-02,662,2461.442
PaccoPronto (Italy),2021-03-03,733,2354.731
PaccoPronto (Italy),2021-03-04,753,2430.418
PaccoPronto (Italy),2021-03-05,581,2390.8
PaccoPronto (Italy),2021-03-06,54,180.179
PaccoPronto (Italy),2021-03-07,251,525.105
PaccoPronto (Italy),2021-03-08,535,2212.717
PaccoPronto (Italy),2021-03-09,717,2568.682
PaccoPronto (Italy),2021-03-10,764,3023.688
PaccoPronto (Italy),2021-03-11,634,2386.972
PaccoPronto (Italy),2021-03-12,845,2568.561
PaccoPronto (Italy),2021-03-13,51,232.001
PaccoPronto (Italy),2021-03-14,205,529.277
PaccoPronto (Italy),2021-03-15,721,2920.85
PaccoPronto (Italy),2021-03-16,696,2708.572
PaccoPronto (Italy),2021-03-17,852,2911.155
PaccoPronto (Italy),2021-03-18,651,2451.29
PaccoPronto (Italy),2021-03-19,697,1925.991
PaccoPronto (Italy),2021-03-20,43,131.382
PaccoPronto (Italy),2021-03-21,277,871.808
PaccoPronto (Italy),2021-03-22,646,2380.062
PaccoPronto (Italy),2021-03-23,654,2600.898
PaccoPronto (Italy),2021-03-24,547,2205.459
PaccoPronto (Italy),2021-03-25,973,2989.958
PaccoPronto (Italy),2021-03-26,663,2147.524
PaccoPronto (Italy),2021-03-27,56,245.892
PaccoPronto (Italy),2021-03-28,188,462.52
PaccoPronto (Italy),2021-03-29,549,2034.133
PaccoPronto (Italy),2021-03-30,665,2465.089
PaccoPronto (Italy),2021-03-31,683,1997.6779999999999
PaccoPronto (Italy),2021-04-01,658,2390.31
PaccoPronto (Italy),2021-04-02,557,1999.453
PaccoPronto (Italy),2021-04-03,60,143.90200000000002
PaccoPronto (Italy),2021-04-04,81,244.12
PaccoPronto (Italy),2021-04-05,140,511.341
PaccoPronto (Italy),2021-04-06,601,1942.337
PaccoPronto (Italy),2021-04-07,554,1712.517
PaccoPronto (Italy),2021-04-08,866,2854.571
PaccoPronto (Italy),2021-04-09,639,2048.328
PaccoPronto (Italy),2021-04-10,73,195.535
PaccoPronto (Italy),2021-04-11,141,519.8
PaccoPronto (Italy),2021-04-12,670,2074.76
PaccoPronto (Italy),2021-04-13,692,2667.7200000000003
PaccoPronto (Italy),2021-04-14,699,2294.581
PaccoPronto (Italy),2021-04-15,811,2526.255
PaccoPronto (Italy),2021-04-16,666,2533.229
PaccoPronto (Italy),2021-04-17,68,449.07
PaccoPronto (Italy),2021-04-18,182,466.721
PaccoPronto (Italy),2021-04-19,714,2715.87
PaccoPronto (Italy),2021-04-20,733,2888.543
PaccoPronto (Italy),2021-04-21,765,1934.848
PaccoPronto (Italy),2021-04-22,595,1739.033
PaccoPronto (Italy),2021-04-23,511,1798.712
PaccoPronto (Italy),2021-04-24,120,215.347
PaccoPronto (Italy),2021-04-25,161,375.271
PaccoPronto (Italy),2021-04-26,665,2105.682
PaccoPronto (Italy),2021-04-27,90,235.796
PaccoPronto (Italy),2021-04-28,558,2553.307
PaccoPronto (Italy),2021-04-29,845,2834.491
PaccoPronto (Italy),2021-04-30,747,2487.916
PaccoPronto (Italy),2021-05-01,104,355.825
PaccoPronto (Italy),2021-05-02,396,751.558
PaccoPronto (Italy),2021-05-03,586,1927.933
PaccoPronto (Italy),2021-05-04,686,2148.513
PaccoPronto (Italy),2021-05-05,633,2403.119
PaccoPronto (Italy),2021-05-06,545,1984.82
PaccoPronto (Italy),2021-05-07,697,2372.828
PaccoPronto (Italy),2021-05-08,70,138.557
PaccoPronto (Italy),2021-05-09,150,395.859
PaccoPronto (Italy),2021-05-10,642,2462.196
PaccoPronto (Italy),2021-05-11,608,1910.081
PaccoPronto (Italy),2021-05-12,588,2241.678
PaccoPronto (Italy),2021-05-13,38,131.171
PaccoPronto (Italy),2021-05-14,731,2236.991
PaccoPronto (Italy),2021-05-15,141,274.695
PaccoPronto (Italy),2021-05-16,198,517.085
PaccoPronto (Italy),2021-05-17,719,2401.596
PaccoPronto (Italy),2021-05-18,726,2567.271
PaccoPronto (Italy),2021-05-19,633,2500.574
PaccoPronto (Italy),2021-05-20,569,2230.432
PaccoPronto (Italy),2021-05-21,861,2536.195
PaccoPronto (Italy),2021-05-22,191,598.653
PaccoPronto (Italy),2021-05-23,124,342.852
PaccoPronto (Italy),2021-05-24,69,178.298
PaccoPronto (Italy),2021-05-25,928,2677.297
PaccoPronto (Italy),2021-05-26,662,2268.068
PaccoPronto (Italy),2021-05-27,892,3063.494
PaccoPronto (Italy),2021-05-28,666,2799.319
PaccoPronto (Italy),2021-05-29,99,307.295
PaccoPronto (Italy),2021-05-30,204,647.818
PaccoPronto (Italy),2021-05-31,645,2402.083
PaccoPronto (Italy),2021-06-01,699,2461.056
PaccoPronto (Italy),2021-06-02,791,2412.698
PaccoPronto (Italy),2021-06-03,536,1786.299
PaccoPronto (Italy),2021-06-04,538,2209.843
PaccoPronto (Italy),2021-06-05,33,97.172
PaccoPronto (Italy),2021-06-06,126,239.992
PaccoPronto (Italy),2021-06-07,738,2531.966
PaccoPronto (Italy),2021-06-08,775,2647.156
PaccoPronto (Italy),2021-06-09,754,2667.513
PaccoPronto (Italy),2021-06-10,592,2107.415
PaccoPronto (Italy),2021-06-11,854,3752.501
PaccoPronto (Italy),2021-06-12,57,212.79
PaccoPronto (Italy),2021-06-13,135,392.096
PaccoPronto (Italy),2021-06-14,619,2254.343
PaccoPronto (Italy),2021-06-15,564,2415.112
PaccoPronto (Italy),2021-06-16,655,2147.927
PaccoPronto (Italy),2021-06-17,555,2130.996
PaccoPronto (Italy),2021-06-18,570,1868.321
PaccoPronto (Italy),2021-06-19,46,203.9
PaccoPronto (Italy),2021-06-20,135,276.521
PaccoPronto (Italy),2021-06-21,531,1832.142
PaccoPronto (Italy),2021-06-22,534,1995.6299999999999
PaccoPronto (Italy),2021-06-23,564,2104.329
PaccoPronto (Italy),2021-06-24,610,2278.349
PaccoPronto (Italy),2021-06-25,480,1797.615
PaccoPronto (Italy),2021-06-26,33,120.58
PaccoPronto (Italy),2021-06-27,180,411.855
PaccoPronto (Italy),2021-06-28,616,2267.04
PaccoPronto (Italy),2021-06-29,533,1926.076
PaccoPronto (Italy),2021-06-30,683,1948.753
PaccoPronto (Italy),2021-07-01,584,2198.67
PaccoPronto (Italy),2021-07-02,469,1808.548
PaccoPronto (Italy),2021-07-03,124,347.619
PaccoPronto (Italy),2021-07-04,141,313.66
PaccoPronto (Italy),2021-07-05,585,2829.554
PaccoPronto (Italy),2021-07-06,639,1920.962
PaccoPronto (Italy),2021-07-07,545,1551.211
PaccoPronto (Italy),2021-07-08,608,2097.741
PaccoPronto (Italy),2021-07-09,538,1948.079
PaccoPronto (Italy),2021-07-10,31,105.42
PaccoPronto (Italy),2021-07-11,178,317.981
PaccoPronto (Italy),2021-07-12,539,1943.6
PaccoPronto (Italy),2021-07-13,628,2495.9900000000002
PaccoPronto (Italy),2021-07-14,560,2189.766
PaccoPronto (Italy),2021-07-15,589,1915.139
PaccoPronto (Italy),2021-07-16,590,1668.66
PaccoPronto (Italy),2021-07-17,33,163.64
PaccoPronto (Italy),2021-07-18,115,312.852
PaccoPronto (Italy),2021-07-19,678,2092.448
PaccoPronto (Italy),2021-07-20,689,2247.447
PaccoPronto (Italy),2021-07-21,592,1956.86
PaccoPronto (Italy),2021-07-22,526,2249.523
PaccoPronto (Italy),2021-07-23,473,1803.134
PaccoPronto (Italy),2021-07-24,82,215.865
PaccoPronto (Italy),2021-07-25,185,451.442
PaccoPronto (Italy),2021-07-26,578,2130.701
PaccoPronto (Italy),2021-07-27,554,1841.846
PaccoPronto (Italy),2021-07-28,644,2465.12
PaccoPronto (Italy),2021-07-29,475,1271.141
PaccoPronto (Italy),2021-07-30,510,1477.8
PaccoPronto (Italy),2021-07-31,37,113.86
PaccoPronto (Italy),2021-08-01,187,527.032
PaccoPronto (Italy),2021-08-02,598,1888.423
PaccoPronto (Italy),2021-08-03,571,2102.74
PaccoPronto (Italy),2021-08-04,614,1647.58
PaccoPronto (Italy),2021-08-05,518,2028.985
PaccoPronto (Italy),2021-08-06,442,1338.51
PaccoPronto (Italy),2021-08-07,67,146.569
PaccoPronto (Italy),2021-08-08,161,374.83
PaccoPronto (Italy),2021-08-09,661,2230.6730000000002
PaccoPronto (Italy),2021-08-10,581,2206.562
PaccoPronto (Italy),2021-08-11,695,2681.468
PaccoPronto (Italy),2021-08-12,466,2023.321
PaccoPronto (Italy),2021-08-13,549,1482.136
PaccoPronto (Italy),2021-08-14,24,85.461
PaccoPronto (Italy),2021-08-15,120,327.835
PaccoPronto (Italy),2021-08-16,574,2028.105
PaccoPronto (Italy),2021-08-17,480,1975.759
PaccoPronto (Italy),2021-08-18,559,1964.606
PaccoPronto (Italy),2021-08-19,641,1662.88
PaccoPronto (Italy),2021-08-20,375,1629.827
PaccoPronto (Italy),2021-08-21,101,210.262
PaccoPronto (Italy),2021-08-22,144,281.742
PaccoPronto (Italy),2021-08-23,609,2402.077
PaccoPronto (Italy),2021-08-24,626,2258.993
PaccoPronto (Italy),2021-08-25,608,2193.341
PaccoPronto (Italy),2021-08-26,462,1928.288
PaccoPronto (Italy),2021-08-27,529,1669.542
PaccoPronto (Italy),2021-08-28,44,244.8
PaccoPronto (Italy),2021-08-29,210,476.039
PaccoPronto (Italy),2021-08-30,640,2492.703
PaccoPronto (Italy),2021-08-31,642,2245.8
PaccoPronto (Italy),2021-09-01,608,2077.77
PaccoPronto (Italy),2021-09-02,589,1825.416
PaccoPronto (Italy),2021-09-03,478,1910.823
PaccoPronto (Italy),2021-09-04,102,194.879
PaccoPronto (Italy),2021-09-05,206,609.484
PaccoPronto (Italy),2021-09-06,693,4923.519
PaccoPronto (Italy),2021-09-07,645,2468.137
PaccoPronto (Italy),2021-09-08,527,1824.66
PaccoPronto (Italy),2021-09-09,589,1926.624
PaccoPronto (Italy),2021-09-10,491,1367.425
PaccoPronto (Italy),2021-09-11,18,38.18
PaccoPronto (Italy),2021-09-12,179,336.446
PaccoPronto (Italy),2021-09-13,555,1932.967
PaccoPronto (Italy),2021-09-14,596,2132.961
PaccoPronto (Italy),2021-09-15,697,2596.945
PaccoPronto (Italy),2021-09-16,557,2424.422
PaccoPronto (Italy),2021-09-17,526,1844.655
PaccoPronto (Italy),2021-09-18,48,170.28
PaccoPronto (Italy),2021-09-19,213,504.7
PaccoPronto (Italy),2021-09-20,619,2390.982
PaccoPronto (Italy),2021-09-21,614,2999.7
PaccoPronto (Italy),2021-09-22,551,2105.258
PaccoPronto (Italy),2021-09-23,716,2307.484
PaccoPronto (Italy),2021-09-24,487,1654.424
PaccoPronto (Italy),2021-09-25,37,151.62
PaccoPronto (Italy),2021-09-26,209,433.144
PaccoPronto (Italy),2021-09-27,593,2089.012
PaccoPronto (Italy),2021-09-28,559,1887.384
PaccoPronto (Italy),2021-09-29,650,2463.895
PaccoPronto (Italy),2021-09-30,534,1835.412
PaccoPronto (Italy),2021-10-01,497,1700.305
PaccoPronto (Italy),2021-10-02,22,56.359
PaccoPronto (Italy),2021-10-03,252,525.581
PaccoPronto (Italy),2021-10-04,585,1946.085
PaccoPronto (Italy),2021-10-05,639,2012.939
PaccoPronto (Italy),2021-10-06,607,1987.805
PaccoPronto (Italy),2021-10-07,647,2728.61
PaccoPronto (Italy),2021-10-08,569,2800.894
PaccoPronto (Italy),2021-10-09,42,88.16
PaccoPronto (Italy),2021-10-10,272,593.365
PaccoPronto (Italy),2021-10-11,659,2496.719
PaccoPronto (Italy),2021-10-12,734,2562.057
PaccoPronto (Italy),2021-10-13,676,2172.025
PaccoPronto (Italy),2021-10-14,735,2939.51
PaccoPronto (Italy),2021-10-15,715,2177.141
PaccoPronto (Italy),2021-10-16,31,196.1
PaccoPronto (Italy),2021-10-17,249,590.8
PaccoPronto (Italy),2021-10-18,685,2592.065
PaccoPronto (Italy),2021-10-19,680,2603.631
PaccoPronto (Italy),2021-10-20,708,2686.52
PaccoPronto (Italy),2021-10-21,632,2043.892
PaccoPronto (Italy),2021-10-22,514,1519.571
PaccoPronto (Italy),2021-10-23,29,220.621
PaccoPronto (Italy),2021-10-24,182,579.325
PaccoPronto (Italy),2021-10-25,674,2461.079
PaccoPronto (Italy),2021-10-26,561,1923.985
PaccoPronto (Italy),2021-10-27,622,2193.672
PaccoPronto (Italy),2021-10-28,646,2353.26
PaccoPronto (Italy),2021-10-29,474,2033.977
PaccoPronto (Italy),2021-10-30,102,230.78
PaccoPronto (Italy),2021-10-31,284,953.941
PaccoPronto (Italy),2021-11-01,566,2013.87
PaccoPronto (Italy),2021-11-02,559,1984.272
PaccoPronto (Italy),2021-11-03,712,2568.779
PaccoPronto (Italy),2021-11-04,785,2571.449
PaccoPronto (Italy),2021-11-05,601,2307.224
PaccoPronto (Italy),2021-11-06,147,301.44
PaccoPronto (Italy),2021-11-07,317,729.395
PaccoPronto (Italy),2021-11-08,793,3183.29
PaccoPronto (Italy),2021-11-09,731,2562.089
PaccoPronto (Italy),2021-11-10,733,2855.191
PaccoPronto (Italy),2021-11-11,628,1946.789
PaccoPronto (Italy),2021-11-12,687,2373.865
PaccoPronto (Italy),2021-11-13,39,130.0
PaccoPronto (Italy),2021-11-14,293,883.797
PaccoPronto (Italy),2021-11-15,792,3323.494
PaccoPronto (Italy),2021-11-16,706,2684.334
PaccoPronto (Italy),2021-11-17,757,2846.956
PaccoPronto (Italy),2021-11-18,799,2584.213
PaccoPronto (Italy),2021-11-19,705,2810.095
PaccoPronto (Italy),2021-11-20,48,124.021
PaccoPronto (Italy),2021-11-21,404,1086.465
PaccoPronto (Italy),2021-11-22,783,2589.79
PaccoPronto (Italy),2021-11-23,860,3247.76
PaccoPronto (Italy),2021-11-24,826,3021.621
PaccoPronto (Italy),2021-11-25,1097,4672.505
PaccoPronto (Italy),2021-11-26,797,3472.26
PaccoPronto (Italy),2021-11-27,272,744.74
PaccoPronto (Italy),2021-11-28,451,1814.712
PaccoPronto (Italy),2021-11-29,1073,3706.218
PaccoPronto (Italy),2021-11-30,983,3528.704
PaccoPronto (Italy),2021-12-01,980,3573.676
PaccoPronto (Italy),2021-12-02,969,3488.418
PaccoPronto (Italy),2021-12-03,1207,3785.747
PaccoPronto (Italy),2021-12-04,83,328.34
PaccoPronto (Italy),2021-12-05,601,1571.89
PaccoPronto (Italy),2021-12-06,1215,4480.333
PaccoPronto (Italy),2021-12-07,1068,3469.967
PaccoPronto (Italy),2021-12-08,1164,3865.903
PaccoPronto (Italy),2021-12-09,1160,3741.016
PaccoPronto (Italy),2021-12-10,1066,3515.477
PaccoPronto (Italy),2021-12-11,66,224.24
PaccoPronto (Italy),2021-12-12,448,1436.497
PaccoPronto (Italy),2021-12-13,1146,3755.604
PaccoPronto (Italy),2021-12-14,1027,3302.962
PaccoPronto (Italy),2021-12-15,924,3155.246
PaccoPronto (Italy),2021-12-16,844,2519.383
PaccoPronto (Italy),2021-12-17,789,2546.835
PaccoPronto (Italy),2021-12-18,66,192.143
PaccoPronto (Italy),2021-12-19,283,835.176
PaccoPronto (Italy),2021-12-20,635,2025.454
PaccoPronto (Italy),2021-12-21,558,2111.789
PaccoPronto (Italy),2021-12-22,536,1870.043
PaccoPronto (Italy),2021-12-23,495,1741.19
PaccoPronto (Italy),2021-12-24,387,1433.927
PaccoPronto (Italy),2021-12-25,1,14.56
PaccoPronto (Italy),2021-12-26,103,324.231
PaccoPronto (Italy),2021-12-27,555,1910.847
PaccoPronto (Italy),2021-12-28,516,1398.537
PaccoPronto (Italy),2021-12-29,483,1842.286
PaccoPronto (Italy),2021-12-30,480,1457.436
PaccoPronto (Italy),2021-12-31,239,895.326
PaccoPronto (Italy),2022-01-02,61,142.935
PaccoPronto (Italy),2022-01-03,640,2538.165
PaccoPronto (Italy),2022-01-04,591,2399.404
PaccoPronto (Italy),2022-01-05,558,1886.651
PaccoPronto (Italy),2022-01-06,562,1977.607
PaccoPronto (Italy),2022-01-07,572,2531.329
PaccoPronto (Italy),2022-01-08,48,301.72
PaccoPronto (Italy),2022-01-09,177,555.58
PaccoPronto (Italy),2022-01-10,573,2047.407
PaccoPronto (Italy),2022-01-11,625,2125.639
PaccoPronto (Italy),2022-01-12,708,3127.534
PaccoPronto (Italy),2022-01-13,478,1850.477
PaccoPronto (Italy),2022-01-14,639,2759.987
PaccoPronto (Italy),2022-01-15,79,300.759
PaccoPronto (Italy),2022-01-16,150,443.541
PaccoPronto (Italy),2022-01-17,677,2817.93
PaccoPronto (Italy),2022-01-18,698,2789.7
PaccoPronto (Italy),2022-01-19,533,2170.58
PaccoPronto (Italy),2022-01-20,513,1894.4
PaccoPronto (Italy),2022-01-21,470,1995.765
PaccoPronto (Italy),2022-01-22,58,202.28
PaccoPronto (Italy),2022-01-23,179,471.10200000000003
PaccoPronto (Italy),2022-01-24,629,2404.38
PaccoPronto (Italy),2022-01-25,653,2694.528
PaccoPronto (Italy),2022-01-26,604,2211.242
PaccoPronto (Italy),2022-01-27,515,2258.746
PaccoPronto (Italy),2022-01-28,479,1938.366
PaccoPronto (Italy),2022-01-29,41,147.285
PaccoPronto (Italy),2022-01-30,158,449.461
PaccoPronto (Italy),2022-01-31,666,2644.597
PaccoPronto (Italy),2022-02-01,614,2184.697
PaccoPronto (Italy),2022-02-02,583,2441.639
PaccoPronto (Italy),2022-02-03,554,2226.83
PaccoPronto (Italy),2022-02-04,561,2813.271
PaccoPronto (Italy),2022-02-05,20,96.7
PaccoPronto (Italy),2022-02-06,176,570.0
PaccoPronto (Italy),2022-02-07,699,2715.009
PaccoPronto (Italy),2022-02-08,610,3082.085
PaccoPronto (Italy),2022-02-09,562,2142.865
PaccoPronto (Italy),2022-02-10,465,1899.241
PaccoPronto (Italy),2022-02-11,465,1769.478
PaccoPronto (Italy),2022-02-12,45,148.982
PaccoPronto (Italy),2022-02-13,186,573.379
PaccoPronto (Italy),2022-02-14,682,2574.126
PaccoPronto (Italy),2022-02-15,506,1746.232
PaccoPronto (Italy),2022-02-16,485,1999.568
PaccoPronto (Italy),2022-02-17,534,2348.238
PaccoPronto (Italy),2022-02-18,281,1372.401
PaccoPronto (Italy),2022-02-19,15,101.2
PaccoPronto (Italy),2022-02-20,255,1004.795
PaccoPronto (Italy),2022-02-21,732,2933.5969999999998
PaccoPronto (Italy),2022-02-22,663,2716.111
PaccoPronto (Italy),2022-02-23,537,2308.901
PaccoPronto (Italy),2022-02-24,463,1735.451
PaccoPronto (Italy),2022-02-25,416,1666.54
PaccoPronto (Italy),2022-02-26,32,81.901
PaccoPronto (Italy),2022-02-27,130,492.32
PaccoPronto (Italy),2022-02-28,650,2372.021
PaccoPronto (Italy),2022-03-01,543,2437.665
PaccoPronto (Italy),2022-03-02,493,1985.709
PaccoPronto (Italy),2022-03-03,445,2056.444
PaccoPronto (Italy),2022-03-04,496,2419.197
PaccoPronto (Italy),2022-03-05,37,108.72
PaccoPronto (Italy),2022-03-06,174,724.621
PaccoPronto (Italy),2022-03-07,726,2786.143
PaccoPronto (Italy),2022-03-08,509,2290.584
PaccoPronto (Italy),2022-03-09,536,2191.815
PaccoPronto (Italy),2022-03-10,423,1670.029
PaccoPronto (Italy),2022-03-11,420,1727.066
PaccoPronto (Italy),2022-03-12,42,90.48
PaccoPronto (Italy),2022-03-13,144,460.154
PaccoPronto (Italy),2022-03-14,731,2870.051
PaccoPronto (Italy),2022-03-15,554,2172.957
PaccoPronto (Italy),2022-03-16,481,2281.421
PaccoPronto (Italy),2022-03-17,477,1864.337
PaccoPronto (Italy),2022-03-18,442,1989.695
PaccoPronto (Italy),2022-03-19,50,231.959
PaccoPronto (Italy),2022-03-20,170,680.801
PaccoPronto (Italy),2022-03-21,695,2914.578
PaccoPronto (Italy),2022-03-22,604,2839.793
PaccoPronto (Italy),2022-03-23,550,2379.864
PaccoPronto (Italy),2022-03-24,483,1908.204
PaccoPronto (Italy),2022-03-25,463,1733.025
PaccoPronto (Italy),2022-03-26,49,131.255
PaccoPronto (Italy),2022-03-27,140,550.126
PaccoPronto (Italy),2022-03-28,622,2590.131
PaccoPronto (Italy),2022-03-29,540,2038.783
PaccoPronto (Italy),2022-03-30,546,2853.91
PaccoPronto (Italy),2022-03-31,523,1974.106
PaccoPronto (Italy),2022-04-01,475,2054.747
PaccoPronto (Italy),2022-04-02,45,145.58
PaccoPronto (Italy),2022-04-03,138,443.024
PaccoPronto (Italy),2022-04-04,766,2868.226
PaccoPronto (Italy),2022-04-05,641,2778.188
PaccoPronto (Italy),2022-04-06,556,2630.635
PaccoPronto (Italy),2022-04-07,544,2346.179
PaccoPronto (Italy),2022-04-08,553,2274.086
PaccoPronto (Italy),2022-04-09,32,84.345
PaccoPronto (Italy),2022-04-10,157,524.523
PaccoPronto (Italy),2022-04-11,700,2655.059
PaccoPronto (Italy),2022-04-12,608,2402.97
PaccoPronto (Italy),2022-04-13,519,2268.436
PaccoPronto (Italy),2022-04-14,527,2188.788
PaccoPronto (Italy),2022-04-15,385,1445.062
PaccoPronto (Italy),2022-04-16,39,163.6
PaccoPronto (Italy),2022-04-18,194,611.284
PaccoPronto (Italy),2022-04-19,696,3152.353
PaccoPronto (Italy),2022-04-20,679,2879.324
PaccoPronto (Italy),2022-04-21,499,2350.249
PaccoPronto (Italy),2022-04-22,554,2649.658
PaccoPronto (Italy),2022-04-23,55,191.46
PaccoPronto (Italy),2022-04-24,132,393.1
PaccoPronto (Italy),2022-04-25,727,3311.81
PaccoPronto (Italy),2022-04-26,555,2286.462
PaccoPronto (Italy),2022-04-27,79,290.946
PaccoPronto (Italy),2022-04-28,509,2086.403
PaccoPronto (Italy),2022-04-29,534,1849.252
PaccoPronto (Italy),2022-04-30,87,268.781
PaccoPronto (Italy),2022-05-01,185,562.416
PaccoPronto (Italy),2022-05-02,572,2199.776
PaccoPronto (Italy),2022-05-03,642,2391.842
PaccoPronto (Italy),2022-05-04,498,1862.4669999999999
PaccoPronto (Italy),2022-05-05,475,1743.005
PaccoPronto (Italy),2022-05-06,462,1784.581
PaccoPronto (Italy),2022-05-07,44,166.089
PaccoPronto (Italy),2022-05-08,163,585.681
PaccoPronto (Italy),2022-05-09,705,3139.985
PaccoPronto (Italy),2022-05-10,546,2011.478
PaccoPronto (Italy),2022-05-11,483,1908.51
PaccoPronto (Italy),2022-05-12,425,1581.018
PaccoPronto (Italy),2022-05-13,480,1988.941
PaccoPronto (Italy),2022-05-14,21,56.300000000000004
PaccoPronto (Italy),2022-05-15,151,478.864
PaccoPronto (Italy),2022-05-16,597,2383.374
PaccoPronto (Italy),2022-05-17,519,1895.276
PaccoPronto (Italy),2022-05-18,436,1614.159
PaccoPronto (Italy),2022-05-19,398,1527.911
PaccoPronto (Italy),2022-05-20,368,1614.158
PaccoPronto (Italy),2022-05-21,43,115.0
PaccoPronto (Italy),2022-05-22,130,472.602
PaccoPronto (Italy),2022-05-23,622,2165.908
PaccoPronto (Italy),2022-05-24,461,1537.057
PaccoPronto (Italy),2022-05-25,440,1958.592
PaccoPronto (Italy),2022-05-26,44,181.679
PaccoPronto (Italy),2022-05-27,391,1403.305
PaccoPronto (Italy),2022-05-28,36,198.629
PaccoPronto (Italy),2022-05-29,235,825.502
PaccoPronto (Italy),2022-05-30,538,2105.705
PaccoPronto (Italy),2022-05-31,668,2776.398
PaccoPronto (Italy),2022-06-01,496,1824.566
PaccoPronto (Italy),2022-06-02,420,1320.549
PaccoPronto (Italy),2022-06-03,450,1783.547
PaccoPronto (Italy),2022-06-04,34,86.879
PaccoPronto (Italy),2022-06-06,166,670.7810000000001
PaccoPronto (Italy),2022-06-07,591,2382.975
PaccoPronto (Italy),2022-06-08,669,2582.255
PaccoPronto (Italy),2022-06-09,616,2223.93
PaccoPronto (Italy),2022-06-10,547,2553.553
PaccoPronto (Italy),2022-06-11,53,139.005
PaccoPronto (Italy),2022-06-12,165,705.156
PaccoPronto (Italy),2022-06-13,513,1605.892
PaccoPronto (Italy),2022-06-14,594,2670.926
PaccoPronto (Italy),2022-06-15,456,1740.8700000000001
PaccoPronto (Italy),2022-06-16,407,1696.875
PaccoPronto (Italy),2022-06-17,343,1137.214
PaccoPronto (Italy),2022-06-18,41,155.24
PaccoPronto (Italy),2022-06-19,114,472.74
PaccoPronto (Italy),2022-06-20,569,2588.476
PaccoPronto (Italy),2022-06-21,531,2276.681
PaccoPronto (Italy),2022-06-22,448,1883.8790000000001
PaccoPronto (Italy),2022-06-23,468,1994.346
PaccoPronto (Italy),2022-06-24,403,1521.095
PaccoPronto (Italy),2022-06-25,44,178.92
PaccoPronto (Italy),2022-06-26,105,336.088
PaccoPronto (Italy),2022-06-27,547,2185.39
PaccoPronto (Italy),2022-06-28,629,2270.734
PaccoPronto (Italy),2022-06-29,450,1626.783
PaccoPronto (Italy),2022-06-30,526,1787.775
PaccoPronto (Italy),2022-07-01,378,1305.558
PaccoPronto (Italy),2022-07-02,42,249.48
PaccoPronto (Italy),2022-07-03,116,267.743
PaccoPronto (Italy),2022-07-04,566,2115.038
PaccoPronto (Italy),2022-07-05,577,2182.1730000000002
PaccoPronto (Italy),2022-07-06,441,1736.782
PaccoPronto (Italy),2022-07-07,442,1674.884
PaccoPronto (Italy),2022-07-08,389,1390.492
PaccoPronto (Italy),2022-07-09,45,97.72
PaccoPronto (Italy),2022-07-10,103,373.221
PaccoPronto (Italy),2022-07-11,499,1674.111
PaccoPronto (Italy),2022-07-12,522,2373.579
PaccoPronto (Italy),2022-07-13,488,2090.423
PaccoPronto (Italy),2022-07-14,481,1873.407
PaccoPronto (Italy),2022-07-15,431,1836.972
PaccoPronto (Italy),2022-07-16,49,402.881
PaccoPronto (Italy),2022-07-17,102,397.849
PaccoPronto (Italy),2022-07-18,531,2222.007
PaccoPronto (Italy),2022-07-19,538,2223.786
PaccoPronto (Italy),2022-07-20,437,1825.075
PaccoPronto (Italy),2022-07-21,442,1933.746
PaccoPronto (Italy),2022-07-22,414,1750.476
PaccoPronto (Italy),2022-07-23,44,177.64000000000001
PaccoPronto (Italy),2022-07-24,101,325.579
PaccoPronto (Italy),2022-07-25,469,1694.857
PaccoPronto (Italy),2022-07-26,437,1744.4569999999999
PaccoPronto (Italy),2022-07-27,538,2133.361
PaccoPronto (Italy),2022-07-28,499,1751.084
PaccoPronto (Italy),2022-07-29,447,1700.245
PaccoPronto (Italy),2022-07-30,63,210.655
PaccoPronto (Italy),2022-07-31,76,224.79999999999998
PaccoPronto (Italy),2022-08-01,566,2076.297
PaccoPronto (Italy),2022-08-02,533,2169.046
PaccoPronto (Italy),2022-08-03,459,1831.19
PaccoPronto (Italy),2022-08-04,362,1541.571
PaccoPronto (Italy),2022-08-05,357,1413.725
PaccoPronto (Italy),2022-08-06,24,79.86
PaccoPronto (Italy),2022-08-07,76,298.8
PaccoPronto (Italy),2022-08-08,515,1754.016
PaccoPronto (Italy),2022-08-09,544,2241.798
PaccoPronto (Italy),2022-08-10,456,1872.171
PaccoPronto (Italy),2022-08-11,343,1307.675
PaccoPronto (Italy),2022-08-12,394,1525.942
PaccoPronto (Italy),2022-08-13,47,137.115
PaccoPronto (Italy),2022-08-14,97,287.489
PaccoPronto (Italy),2022-08-15,469,1711.958
PaccoPronto (Italy),2022-08-16,571,2609.665
PaccoPronto (Italy),2022-08-17,370,1580.28
PaccoPronto (Italy),2022-08-18,369,1414.081
PaccoPronto (Italy),2022-08-19,385,1780.162
PaccoPronto (Italy),2022-08-20,36,95.97
PaccoPronto (Italy),2022-08-21,99,373.402
PaccoPronto (Italy),2022-08-22,583,2546.202
PaccoPronto (Italy),2022-08-23,522,2156.581
PaccoPronto (Italy),2022-08-24,424,1898.753
PaccoPronto (Italy),2022-08-25,456,1976.972
PaccoPronto (Italy),2022-08-26,458,1941.9
PaccoPronto (Italy),2022-08-27,60,209.965
PaccoPronto (Italy),2022-08-28,107,340.361
PaccoPronto (Italy),2022-08-29,501,1848.869
PaccoPronto (Italy),2022-08-30,513,2373.724
PaccoPronto (Italy),2022-08-31,509,2156.724
PaccoPronto (Italy),2022-09-01,478,1729.848
PaccoPronto (Italy),2022-09-02,424,1713.081
PaccoPronto (Italy),2022-09-03,54,233.723
PaccoPronto (Italy),2022-09-04,106,401.76
PaccoPronto (Italy),2022-09-05,561,2079.801
PaccoPronto (Italy),2022-09-06,494,2150.291
PaccoPronto (Italy),2022-09-07,452,1890.565
PaccoPronto (Italy),2022-09-08,426,1497.628
PaccoPronto (Italy),2022-09-09,481,2368.558
PaccoPronto (Italy),2022-09-10,44,121.501
PaccoPronto (Italy),2022-09-11,107,351.141
PaccoPronto (Italy),2022-09-12,639,2571.12
PaccoPronto (Italy),2022-09-13,634,2559.914
PaccoPronto (Italy),2022-09-14,443,1980.655
PaccoPronto (Italy),2022-09-15,462,2088.803
PaccoPronto (Italy),2022-09-16,422,1851.143
PaccoPronto (Italy),2022-09-17,90,327.8
PaccoPronto (Italy),2022-09-18,124,433.96
PaccoPronto (Italy),2022-09-19,652,2343.593
PaccoPronto (Italy),2022-09-20,562,2543.285
PaccoPronto (Italy),2022-09-21,514,2087.129
PaccoPronto (Italy),2022-09-22,494,2123.641
PaccoPronto (Italy),2022-09-23,485,2189.335
PaccoPronto (Italy),2022-09-24,47,167.99
PaccoPronto (Italy),2022-09-25,101,336.781
PaccoPronto (Italy),2022-09-26,542,1759.809
PaccoPronto (Italy),2022-09-27,628,3113.483
PaccoPronto (Italy),2022-09-28,505,2089.058
PaccoPronto (Italy),2022-09-29,504,1921.651
PaccoPronto (Italy),2022-09-30,506,2478.61
PaccoPronto (Italy),2022-10-01,45,250.95999999999998
PaccoPronto (Italy),2022-10-02,134,484.62
PaccoPronto (Italy),2022-10-03,804,3683.022
PaccoPronto (Italy),2022-10-04,657,2670.546
PaccoPronto (Italy),2022-10-05,485,2030.927
PaccoPronto (Italy),2022-10-06,442,2032.794
PaccoPronto (Italy),2022-10-07,474,2350.64
PaccoPronto (Italy),2022-10-08,51,242.04399999999998
PaccoPronto (Italy),2022-10-09,106,374.819
PaccoPronto (Italy),2022-10-10,622,2649.159
PaccoPronto (Italy),2022-10-11,571,2340.742
PaccoPronto (Italy),2022-10-12,470,1616.75
PaccoPronto (Italy),2022-10-13,498,1703.701
PaccoPronto (Italy),2022-10-14,425,1869.325
PaccoPronto (Italy),2022-10-15,52,182.29999999999998
PaccoPronto (Italy),2022-10-16,85,291.239
PaccoPronto (Italy),2022-10-17,652,2726.659
PaccoPronto (Italy),2022-10-18,527,2543.43
PaccoPronto (Italy),2022-10-19,547,2937.308
PaccoPronto (Italy),2022-10-20,470,2314.078
PaccoPronto (Italy),2022-10-21,407,1726.797
PaccoPronto (Italy),2022-10-22,39,138.09
PaccoPronto (Italy),2022-10-23,79,435.48
PaccoPronto (Italy),2022-10-24,622,2576.862
PaccoPronto (Italy),2022-10-25,539,2291.784
PaccoPronto (Italy),2022-10-26,394,1733.954
PaccoPronto (Italy),2022-10-27,394,1785.511
PaccoPronto (Italy),2022-10-28,476,2142.676
PaccoPronto (Italy),2022-10-29,25,127.22
PaccoPronto (Italy),2022-10-30,108,350.26099999999997
PaccoPronto (Italy),2022-10-31,635,2580.298
PaccoPronto (Italy),2022-11-01,525,2195.343
PaccoPronto (Italy),2022-11-02,475,1882.637
PaccoPronto (Italy),2022-11-03,485,2136.58
PaccoPronto (Italy),2022-11-04,522,2093.09
PaccoPronto (Italy),2022-11-05,48,196.14000000000001
PaccoPronto (Italy),2022-11-06,162,575.462
PaccoPronto (Italy),2022-11-07,679,2409.029
PaccoPronto (Italy),2022-11-08,613,2552.839
PaccoPronto (Italy),2022-11-09,553,2667.16
PaccoPronto (Italy),2022-11-10,527,2380.973
PaccoPronto (Italy),2022-11-11,473,2023.185
PaccoPronto (Italy),2022-11-12,78,389.28
PaccoPronto (Italy),2022-11-13,112,314.042
PaccoPronto (Italy),2022-11-14,635,2710.127
PaccoPronto (Italy),2022-11-15,651,2449.018
PaccoPronto (Italy),2022-11-16,469,1866.561
PaccoPronto (Italy),2022-11-17,443,1617.44
PaccoPronto (Italy),2022-11-18,593,2213.446
PaccoPronto (Italy),2022-11-19,101,541.16
PaccoPronto (Italy),2022-11-20,154,426.942
PaccoPronto (Italy),2022-11-21,721,2512.664
PaccoPronto (Italy),2022-11-22,847,3664.32
PaccoPronto (Italy),2022-11-23,584,2216.359
PaccoPronto (Italy),2022-11-24,644,2503.543
PaccoPronto (Italy),2022-11-25,721,2660.245
PaccoPronto (Italy),2022-11-26,242,932.553
PaccoPronto (Italy),2022-11-27,190,691.596
PaccoPronto (Italy),2022-11-28,856,2750.175
PaccoPronto (Italy),2022-11-29,774,3246.905
PaccoPronto (Italy),2022-11-30,701,3095.614
PaccoPronto (Italy),2022-12-01,715,2540.87
PaccoPronto (Italy),2022-12-02,577,2046.497
PaccoPronto (Italy),2022-12-03,95,393.999
PaccoPronto (Italy),2022-12-04,301,1293.475
PaccoPronto (Italy),2022-12-05,699,2580.072
PaccoPronto (Italy),2022-12-06,885,3641.986
PaccoPronto (Italy),2022-12-07,824,3119.915
PaccoPronto (Italy),2022-12-08,710,2865.54
PaccoPronto (Italy),2022-12-09,679,2325.393
PaccoPronto (Italy),2022-12-10,99,355.48
PaccoPronto (Italy),2022-12-11,213,747.8
PaccoPronto (Italy),2022-12-12,758,2732.903
PaccoPronto (Italy),2022-12-13,822,2845.109
PaccoPronto (Italy),2022-12-14,701,2412.625
PaccoPronto (Italy),2022-12-15,654,2586.213
PaccoPronto (Italy),2022-12-16,660,2320.23
PaccoPronto (Italy),2022-12-17,87,285.78000000000003
PaccoPronto (Italy),2022-12-18,185,730.7909999999999
PaccoPronto (Italy),2022-12-19,749,2599.52
PaccoPronto (Italy),2022-12-20,598,2242.135
PaccoPronto (Italy),2022-12-21,475,1709.132
PaccoPronto (Italy),2022-12-22,520,1807.669
PaccoPronto (Italy),2022-12-23,428,1357.331
PaccoPronto (Italy),2022-12-24,61,138.99
PaccoPronto (Italy),2022-12-26,80,257.221
PaccoPronto (Italy),2022-12-27,581,2125.213
PaccoPronto (Italy),2022-12-28,549,1788.233
PaccoPronto (Italy),2022-12-29,403,1934.265
PaccoPronto (Italy),2022-12-30,357,1313.47
PaccoPronto (Italy),2022-12-31,53,98.75
PaccoPronto (Italy),2023-01-02,427,1603.221
PaccoPronto (Italy),2023-01-03,500,1727.452
PaccoPronto (Italy),2023-01-04,438,1453.369
PaccoPronto (Italy),2023-01-05,421,1424.298
PaccoPronto (Italy),2023-01-06,333,1150.1
PaccoPronto (Italy),2023-01-07,48,314.164
PaccoPronto (Italy),2023-01-08,109,465.459
PaccoPronto (Italy),2023-01-09,553,2119.572
PaccoPronto (Italy),2023-01-10,622,2476.068
PaccoPronto (Italy),2023-01-11,492,1534.889
PaccoPronto (Italy),2023-01-12,434,1993.209
PaccoPronto (Italy),2023-01-13,418,1405.479
PaccoPronto (Italy),2023-01-14,36,80.0
PaccoPronto (Italy),2023-01-15,122,394.32
PaccoPronto (Italy),2023-01-16,601,2739.49
PaccoPronto (Italy),2023-01-17,543,2281.475
PaccoPronto (Italy),2023-01-18,462,1767.084
PaccoPronto (Italy),2023-01-19,382,1403.344
PaccoPronto (Italy),2023-01-20,431,1423.747
PaccoPronto (Italy),2023-01-21,31,93.38
PaccoPronto (Italy),2023-01-22,114,380.625
PaccoPronto (Italy),2023-01-23,569,2143.901
PaccoPronto (Italy),2023-01-24,568,2418.108
PaccoPronto (Italy),2023-01-25,416,1617.885
PaccoPronto (Italy),2023-01-26,428,2076.22
PaccoPronto (Italy),2023-01-27,395,2199.29
PaccoPronto (Italy),2023-01-28,36,115.699
PaccoPronto (Italy),2023-01-29,104,329.99
PaccoPronto (Italy),2023-01-30,579,2345.811
PaccoPronto (Italy),2023-01-31,613,2482.34
PaccoPronto (Italy),2023-02-01,457,2085.324
PaccoPronto (Italy),2023-02-02,421,1887.451
PaccoPronto (Italy),2023-02-03,369,1330.962
PaccoPronto (Italy),2023-02-04,44,192.78300000000002
PaccoPronto (Italy),2023-02-05,96,396.045
PaccoPronto (Italy),2023-02-06,508,1928.54
PaccoPronto (Italy),2023-02-07,520,1954.706
PaccoPronto (Italy),2023-02-08,399,1517.944
PaccoPronto (Italy),2023-02-09,403,1645.75
PaccoPronto (Italy),2023-02-10,333,1197.147
PaccoPronto (Italy),2023-02-11,34,121.0
PaccoPronto (Italy),2023-02-12,82,247.68
PaccoPronto (Italy),2023-02-13,624,2122.181
PaccoPronto (Italy),2023-02-14,565,1906.53
PaccoPronto (Italy),2023-02-15,468,1528.721
PaccoPronto (Italy),2023-02-16,430,1954.396
PaccoPronto (Italy),2023-02-17,435,1935.592
PaccoPronto (Italy),2023-02-18,40,127.32
PaccoPronto (Italy),2023-02-19,107,459.88
PaccoPronto (Italy),2023-02-20,583,2178.17
PaccoPronto (Italy),2023-02-21,528,2001.09
PaccoPronto (Italy),2023-02-22,592,3151.184
PaccoPronto (Italy),2023-02-23,406,1845.905
PaccoPronto (Italy),2023-02-24,477,1678.493
PaccoPronto (Italy),2023-02-25,24,139.79
PaccoPronto (Italy),2023-02-26,100,266.726
PaccoPronto (Italy),2023-02-27,608,2349.99
PaccoPronto (Italy),2023-02-28,513,1984.489
PaccoPronto (Italy),2023-03-01,495,2367.587
PaccoPronto (Italy),2023-03-02,430,1947.593
PaccoPronto (Italy),2023-03-03,485,1937.179
PaccoPronto (Italy),2023-03-04,36,76.59
PaccoPronto (Italy),2023-03-05,125,466.191
PaccoPronto (Italy),2023-03-06,632,2292.279
PaccoPronto (Italy),2023-03-07,594,2812.314
PaccoPronto (Italy),2023-03-08,482,2198.571
PaccoPronto (Italy),2023-03-09,433,1581.974
PaccoPronto (Italy),2023-03-10,496,1982.989
PaccoPronto (Italy),2023-03-11,44,193.634
PaccoPronto (Italy),2023-03-12,135,415.076
PaccoPronto (Italy),2023-03-13,687,2372.113
PaccoPronto (Italy),2023-03-14,633,2642.885
PaccoPronto (Italy),2023-03-15,503,2175.617
PaccoPronto (Italy),2023-03-16,522,2330.394
PaccoPronto (Italy),2023-03-17,421,1724.666
PaccoPronto (Italy),2023-03-18,45,278.219
PaccoPronto (Italy),2023-03-19,100,305.08
PaccoPronto (Italy),2023-03-20,639,2405.659
PaccoPronto (Italy),2023-03-21,639,2907.536
PaccoPronto (Italy),2023-03-22,550,2140.935
PaccoPronto (Italy),2023-03-23,457,1708.034
PaccoPronto (Italy),2023-03-24,470,1788.539
PaccoPronto (Italy),2023-03-25,47,216.35999999999999
PaccoPronto (Italy),2023-03-26,143,637.568
PaccoPronto (Italy),2023-03-27,728,2937.385
PaccoPronto (Italy),2023-03-28,561,1988.127
PaccoPronto (Italy),2023-03-29,499,1978.604
PaccoPronto (Italy),2023-03-30,515,2156.458
PaccoPronto (Italy),2023-03-31,435,1609.955
PaccoPronto (Italy),2023-04-01,45,135.078
PaccoPronto (Italy),2023-04-02,120,372.479
PaccoPronto (Italy),2023-04-03,610,1925.8990000000001
PaccoPronto (Italy),2023-04-04,674,2517.249
PaccoPronto (Italy),2023-04-05,652,3345.138
PaccoPronto (Italy),2023-04-06,449,1894.342
PaccoPronto (Italy),2023-04-07,437,1706.319
PaccoPronto (Italy),2023-04-08,20,52.86
PaccoPronto (Italy),2023-04-10,140,466.455
PaccoPronto (Italy),2023-04-11,593,2218.7599999999998
PaccoPronto (Italy),2023-04-12,635,2332.406
PaccoPronto (Italy),2023-04-13,521,2144.103
PaccoPronto (Italy),2023-04-14,467,1818.469
PaccoPronto (Italy),2023-04-15,44,223.75900000000001
PaccoPronto (Italy),2023-04-16,129,402.88
PaccoPronto (Italy),2023-04-17,633,2411.227
PaccoPronto (Italy),2023-04-18,542,2035.379
PaccoPronto (Italy),2023-04-19,438,1531.523
PaccoPronto (Italy),2023-04-20,407,1869.428
PaccoPronto (Italy),2023-04-21,383,1490.379
PaccoPronto (Italy),2023-04-22,39,198.675
PaccoPronto (Italy),2023-04-23,94,268.86
PaccoPronto (Italy),2023-04-24,613,2972.461
PaccoPronto (Italy),2023-04-25,574,2846.025
PaccoPronto (Italy),2023-04-26,553,2434.311
PaccoPronto (Italy),2023-04-27,57,227.663
PaccoPronto (Italy),2023-04-28,403,1626.339
PaccoPronto (Italy),2023-04-29,75,370.009
PaccoPronto (Italy),2023-04-30,194,643.818
PaccoPronto (Italy),2023-05-01,535,2347.763
PaccoPronto (Italy),2023-05-02,551,1934.403
PaccoPronto (Italy),2023-05-03,543,2634.024
PaccoPronto (Italy),2023-05-04,466,1982.875
PaccoPronto (Italy),2023-05-05,402,1913.771
PaccoPronto (Italy),2023-05-06,46,241.8
PaccoPronto (Italy),2023-05-07,108,489.66700000000003
PaccoPronto (Italy),2023-05-08,562,1991.239
PaccoPronto (Italy),2023-05-09,644,2589.028
PaccoPronto (Italy),2023-05-10,474,1762.284
PaccoPronto (Italy),2023-05-11,495,2273.581
PaccoPronto (Italy),2023-05-12,467,1987.867
PaccoPronto (Italy),2023-05-13,37,98.989
PaccoPronto (Italy),2023-05-14,115,368.938
PaccoPronto (Italy),2023-05-15,599,2155.8
PaccoPronto (Italy),2023-05-16,527,2166.034
PaccoPronto (Italy),2023-05-17,419,1694.853
PaccoPronto (Italy),2023-05-18,42,253.809
PaccoPronto (Italy),2023-05-19,402,1379.057
PaccoPronto (Italy),2023-05-20,51,157.61
PaccoPronto (Italy),2023-05-21,157,509.522
PaccoPronto (Italy),2023-05-22,566,2389.455
PaccoPronto (Italy),2023-05-23,458,1715.662
PaccoPronto (Italy),2023-05-24,467,1670.491
PaccoPronto (Italy),2023-05-25,409,1712.423
PaccoPronto (Italy),2023-05-26,414,1528.2259999999999
PaccoPronto (Italy),2023-05-27,39,127.369
PaccoPronto (Italy),2023-05-29,149,447.283
PaccoPronto (Italy),2023-05-30,540,2003.123
PaccoPronto (Italy),2023-05-31,494,2198.66
PaccoPronto (Italy),2023-06-01,477,1992.59
PaccoPronto (Italy),2023-06-02,490,1830.655
PaccoPronto (Italy),2023-06-03,70,385.62
PaccoPronto (Italy),2023-06-04,126,516.527
PaccoPronto (Italy),2023-06-05,499,2052.518
PaccoPronto (Italy),2023-06-06,447,1760.978
PaccoPronto (Italy),2023-06-07,439,1847.826
PaccoPronto (Italy),2023-06-08,387,1762.965
PaccoPronto (Italy),2023-06-09,444,1318.987
PaccoPronto (Italy),2023-06-10,69,223.53900000000002
PaccoPronto (Italy),2023-06-11,129,630.109
PaccoPronto (Italy),2023-06-12,444,1563.674
PaccoPronto (Italy),2023-06-13,407,1429.182
PaccoPronto (Italy),2023-06-14,395,1709.104
PaccoPronto (Italy),2023-06-15,474,1675.355
PaccoPronto (Italy),2023-06-16,449,1907.565
PaccoPronto (Italy),2023-06-17,74,163.94
PaccoPronto (Italy),2023-06-18,164,693.958
PaccoPronto (Italy),2023-06-19,461,2135.405
PaccoPronto (Italy),2023-06-20,462,1642.86
PaccoPronto (Italy),2023-06-21,412,1573.64
PaccoPronto (Italy),2023-06-22,431,1498.484
PaccoPronto (Italy),2023-06-23,460,1557.064
PaccoPronto (Italy),2023-06-24,86,240.86
PaccoPronto (Italy),2023-06-25,77,259.059
PaccoPronto (Italy),2023-06-26,410,1814.733
PaccoPronto (Italy),2023-06-27,485,2245.511
PaccoPronto (Italy),2023-06-28,410,1788.01
PaccoPronto (Italy),2023-06-29,404,1477.309
PaccoPronto (Italy),2023-06-30,433,1556.687
PaccoPronto (Italy),2023-07-01,68,204.026
PaccoPronto (Italy),2023-07-02,122,525.439
PaccoPronto (Italy),2023-07-03,541,2056.261
PaccoPronto (Italy),2023-07-04,461,1751.185
PaccoPronto (Italy),2023-07-05,457,1811.321
PaccoPronto (Italy),2023-07-06,455,1888.0430000000001
PaccoPronto (Italy),2023-07-07,489,1812.871
PaccoPronto (Italy),2023-07-08,48,174.47
PaccoPronto (Italy),2023-07-09,100,410.959
PaccoPronto (Italy),2023-07-10,458,2081.567
PaccoPronto (Italy),2023-07-11,443,1477.676
PaccoPronto (Italy),2023-07-12,515,2069.281
PaccoPronto (Italy),2023-07-13,468,2210.543
PaccoPronto (Italy),2023-07-14,399,1768.057
PaccoPronto (Italy),2023-07-15,32,81.16
PaccoPronto (Italy),2023-07-16,104,411.433
PaccoPronto (Italy),2023-07-17,621,2378.173
PaccoPronto (Italy),2023-07-18,523,1768.928
PaccoPronto (Italy),2023-07-19,477,1936.139
PaccoPronto (Italy),2023-07-20,404,1344.554
PaccoPronto (Italy),2023-07-21,339,1485.62
PaccoPronto (Italy),2023-07-22,38,112.46000000000001
PaccoPronto (Italy),2023-07-23,99,291.394
PaccoPronto (Italy),2023-07-24,499,1912.0430000000001
PaccoPronto (Italy),2023-07-25,472,2131.1730000000002
PaccoPronto (Italy),2023-07-26,409,1525.836
PaccoPronto (Italy),2023-07-27,405,1438.704
PaccoPronto (Italy),2023-07-28,321,1202.028
PaccoPronto (Italy),2023-07-29,62,232.708
PaccoPronto (Italy),2023-07-30,94,346.775
PaccoPronto (Italy),2023-07-31,482,1758.49
PaccoPronto (Italy),2023-08-01,522,2020.501
PaccoPronto (Italy),2023-08-02,406,1439.334
PaccoPronto (Italy),2023-08-03,371,1466.393
PaccoPronto (Italy),2023-08-04,371,1301.419
PaccoPronto (Italy),2023-08-05,36,83.67
PaccoPronto (Italy),2023-08-06,98,283.305
PaccoPronto (Italy),2023-08-07,557,1728.977
PaccoPronto (Italy),2023-08-08,506,2076.833
PaccoPronto (Italy),2023-08-09,409,1666.914
PaccoPronto (Italy),2023-08-10,402,1629.208
PaccoPronto (Italy),2023-08-11,370,1344.461
PaccoPronto (Italy),2023-08-12,42,104.599
PaccoPronto (Italy),2023-08-13,87,228.719
PaccoPronto (Italy),2023-08-14,526,2036.153
PaccoPronto (Italy),2023-08-15,369,1497.712
PaccoPronto (Italy),2023-08-16,427,1728.545
PaccoPronto (Italy),2023-08-17,377,1275.162
PaccoPronto (Italy),2023-08-18,365,1286.614
PaccoPronto (Italy),2023-08-19,24,85.006
PaccoPronto (Italy),2023-08-20,83,180.975
PaccoPronto (Italy),2023-08-21,509,1748.651
PaccoPronto (Italy),2023-08-22,445,1628.715
PaccoPronto (Italy),2023-08-23,377,1256.535
PaccoPronto (Italy),2023-08-24,372,1486.174
PaccoPronto (Italy),2023-08-25,468,1454.298
PaccoPronto (Italy),2023-08-26,39,137.38
PaccoPronto (Italy),2023-08-27,85,184.001
PaccoPronto (Italy),2023-08-28,570,2080.426
PaccoPronto (Italy),2023-08-29,561,2064.557
PaccoPronto (Italy),2023-08-30,500,1817.85
PaccoPronto (Italy),2023-08-31,448,1570.239
PaccoPronto (Italy),2023-09-01,400,1585.247
PaccoPronto (Italy),2023-09-02,37,107.955
PaccoPronto (Italy),2023-09-03,96,304.557
PaccoPronto (Italy),2023-09-04,528,1998.609
PaccoPronto (Italy),2023-09-05,490,1823.123
PaccoPronto (Italy),2023-09-06,401,1583.468
PaccoPronto (Italy),2023-09-07,347,1315.538
PaccoPronto (Italy),2023-09-08,451,1672.544
PaccoPronto (Italy),2023-09-09,26,85.68
PaccoPronto (Italy),2023-09-10,89,287.219
PaccoPronto (Italy),2023-09-11,527,2030.182
PaccoPronto (Italy),2023-09-12,484,2088.854
PaccoPronto (Italy),2023-09-13,414,1506.566
PaccoPronto (Italy),2023-09-14,392,1435.804
PaccoPronto (Italy),2023-09-15,415,1562.41
PaccoPronto (Italy),2023-09-16,49,142.35999999999999
PaccoPronto (Italy),2023-09-17,124,386.26
PaccoPronto (Italy),2023-09-18,553,2198.513
PaccoPronto (Italy),2023-09-19,501,1886.927
PaccoPronto (Italy),2023-09-20,405,1363.632
PaccoPronto (Italy),2023-09-21,438,1738.517
PaccoPronto (Italy),2023-09-22,435,1688.242
PaccoPronto (Italy),2023-09-23,29,45.8
PaccoPronto (Italy),2023-09-24,103,257.537
PaccoPronto (Italy),2023-09-25,627,2543.75
PaccoPronto (Italy),2023-09-26,498,1896.714
PaccoPronto (Italy),2023-09-27,482,2062.757
PaccoPronto (Italy),2023-09-28,448,1884.581
PaccoPronto (Italy),2023-09-29,439,1671.284
PaccoPronto (Italy),2023-09-30,36,62.04
PaccoPronto (Italy),2023-10-01,98,319.517
PaccoPronto (Italy),2023-10-02,627,2376.291
PaccoPronto (Italy),2023-10-03,508,2153.978
PaccoPronto (Italy),2023-10-04,486,2198.808
PaccoPronto (Italy),2023-10-05,431,1529.564
PaccoPronto (Italy),2023-10-06,460,1726.988
PaccoPronto (Italy),2023-10-07,42,58.44
PaccoPronto (Italy),2023-10-08,131,805.35
PaccoPronto (Italy),2023-10-09,614,2447.634
PaccoPronto (Italy),2023-10-10,538,2436.922
PaccoPronto (Italy),2023-10-11,477,1937.428
PaccoPronto (Italy),2023-10-12,409,1839.996
PaccoPronto (Italy),2023-10-13,386,1292.743
PaccoPronto (Italy),2023-10-14,80,327.2
PaccoPronto (Italy),2023-10-15,120,386.544
PaccoPronto (Italy),2023-10-16,642,2519.728
PaccoPronto (Italy),2023-10-17,572,2314.337
PaccoPronto (Italy),2023-10-18,481,2070.581
PaccoPronto (Italy),2023-10-19,427,1470.0140000000001
PaccoPronto (Italy),2023-10-20,413,1591.725
PaccoPronto (Italy),2023-10-21,25,66.625
PaccoPronto (Italy),2023-10-22,110,303.096
PaccoPronto (Italy),2023-10-23,574,2335.873
PaccoPronto (Italy),2023-10-24,444,1697.145
PaccoPronto (Italy),2023-10-25,484,2093.454
PaccoPronto (Italy),2023-10-26,355,1519.961
PaccoPronto (Italy),2023-10-27,397,1403.855
PaccoPronto (Italy),2023-10-28,43,118.93
PaccoPronto (Italy),2023-10-29,105,384.9
PaccoPronto (Italy),2023-10-30,592,2370.401
PaccoPronto (Italy),2023-10-31,490,2168.613
PaccoPronto (Italy),2023-11-01,399,1636.278
PaccoPronto (Italy),2023-11-02,389,1523.219
PaccoPronto (Italy),2023-11-03,460,1941.251
PaccoPronto (Italy),2023-11-04,60,157.023
PaccoPronto (Italy),2023-11-05,116,362.555
PaccoPronto (Italy),2023-11-06,616,2373.462
PaccoPronto (Italy),2023-11-07,545,2279.766
PaccoPronto (Italy),2023-11-08,461,1884.2740000000001
PaccoPronto (Italy),2023-11-09,419,1416.715
PaccoPronto (Italy),2023-11-10,461,1891.868
PaccoPronto (Italy),2023-11-11,54,144.721
PaccoPronto (Italy),2023-11-12,126,414.792
PaccoPronto (Italy),2023-11-13,771,2895.578
PaccoPronto (Italy),2023-11-14,584,2182.134
PaccoPronto (Italy),2023-11-15,579,2211.955
PaccoPronto (Italy),2023-11-16,510,1939.599
PaccoPronto (Italy),2023-11-17,564,2157.4519999999998
PaccoPronto (Italy),2023-11-18,73,171.349
PaccoPronto (Italy),2023-11-19,173,574.433
PaccoPronto (Italy),2023-11-20,944,3091.889
PaccoPronto (Italy),2023-11-21,775,2981.997
PaccoPronto (Italy),2023-11-22,624,2367.561
PaccoPronto (Italy),2023-11-23,618,2030.628
PaccoPronto (Italy),2023-11-24,608,1891.563
PaccoPronto (Italy),2023-11-25,221,773.421
PaccoPronto (Italy),2023-11-26,170,720.4110000000001
PaccoPronto (Italy),2023-11-27,697,2749.964
PaccoPronto (Italy),2023-11-28,956,3365.628
PaccoPronto (Italy),2023-11-29,727,2970.897
PaccoPronto (Italy),2023-11-30,768,2780.06
PaccoPronto (Italy),2023-12-01,634,2390.272
PaccoPronto (Italy),2023-12-02,83,308.023
PaccoPronto (Italy),2023-12-03,235,717.2139999999999
PaccoPronto (Italy),2023-12-04,754,2824.249
PaccoPronto (Italy),2023-12-05,725,2334.075
PaccoPronto (Italy),2023-12-06,735,2370.52
PaccoPronto (Italy),2023-12-07,690,2317.275
PaccoPronto (Italy),2023-12-08,629,2191.7690000000002
PaccoPronto (Italy),2023-12-09,82,313.902
PaccoPronto (Italy),2023-12-10,194,692.018
PaccoPronto (Italy),2023-12-11,913,3127.261
PaccoPronto (Italy),2023-12-12,821,2679.013
PaccoPronto (Italy),2023-12-13,805,2843.6
PaccoPronto (Italy),2023-12-14,705,2565.864
PaccoPronto (Italy),2023-12-15,743,2764.679
PaccoPronto (Italy),2023-12-16,82,209.48
PaccoPronto (Italy),2023-12-17,316,1069.277
PaccoPronto (Italy),2023-12-18,739,2269.462
PaccoPronto (Italy),2023-12-19,685,2527.951
PaccoPronto (Italy),2023-12-20,610,2537.407
PaccoPronto (Italy),2023-12-21,482,2123.929
PaccoPronto (Italy),2023-12-22,405,1240.917
PaccoPronto (Italy),2023-12-23,27,41.02
PaccoPronto (Italy),2023-12-26,152,395.659
PaccoPronto (Italy),2023-12-27,664,2875.556
PaccoPronto (Italy),2023-12-28,563,1734.854
PaccoPronto (Italy),2023-12-29,467,1533.795
PaccoPronto (Italy),2023-12-30,37,116.6
PaccoPronto (Italy),2024-01-01,94,225.881
PaccoPronto (Italy),2024-01-02,683,2410.9230000000002
PaccoPronto (Italy),2024-01-03,642,2198.668
PaccoPronto (Italy),2024-01-04,535,1836.454
PaccoPronto (Italy),2024-01-05,486,1696.73
PaccoPronto (Italy),2024-01-06,59,138.541
PaccoPronto (Italy),2024-01-07,130,453.638
PaccoPronto (Italy),2024-01-08,654,2227.623
PaccoPronto (Italy),2024-01-09,696,2549.644
PaccoPronto (Italy),2024-01-10,573,1959.16
PaccoPronto (Italy),2024-01-11,457,1579.468
PaccoPronto (Italy),2024-01-12,525,1759.368
PaccoPronto (Italy),2024-01-13,47,210.685
PaccoPronto (Italy),2024-01-14,138,438.612
PaccoPronto (Italy),2024-01-15,772,2923.815
PaccoPronto (Italy),2024-01-16,579,2217.055
PaccoPronto (Italy),2024-01-17,527,1715.506
PaccoPronto (Italy),2024-01-18,507,1730.096
PaccoPronto (Italy),2024-01-19,551,1783.963
PaccoPronto (Italy),2024-01-20,71,167.025
PaccoPronto (Italy),2024-01-21,132,357.731
PaccoPronto (Italy),2024-01-22,630,2028.5240000000001
PaccoPronto (Italy),2024-01-23,567,2019.176
PaccoPronto (Italy),2024-01-24,576,1770.502
PaccoPronto (Italy),2024-01-25,565,1963.295
PaccoPronto (Italy),2024-01-26,520,1708.952
PaccoPronto (Italy),2024-01-27,87,233.749
PaccoPronto (Italy),2024-01-28,135,541.102
PaccoPronto (Italy),2024-01-29,689,2566.765
PaccoPronto (Italy),2024-01-30,648,2105.854
PaccoPronto (Italy),2024-01-31,575,1975.369
PaccoPronto (Italy),2024-02-01,508,1778.861
PaccoPronto (Italy),2024-02-02,449,1642.708
PaccoPronto (Italy),2024-02-03,76,194.903
PaccoPronto (Italy),2024-02-04,162,469.84
PaccoPronto (Italy),2024-02-05,691,2923.949
PaccoPronto (Italy),2024-02-06,645,2450.955
PaccoPronto (Italy),2024-02-07,531,1978.636
PaccoPronto (Italy),2024-02-08,507,1835.669
PaccoPronto (Italy),2024-02-09,484,1949.959
PaccoPronto (Italy),2024-02-10,66,168.999
PaccoPronto (Italy),2024-02-11,193,717.8580000000001
PaccoPronto (Italy),2024-02-12,655,2464.426
PaccoPronto (Italy),2024-02-13,550,1904.234
PaccoPronto (Italy),2024-02-14,498,2051.454
PaccoPronto (Italy),2024-02-15,510,1922.759
PaccoPronto (Italy),2024-02-16,530,2157.655
PaccoPronto (Italy),2024-02-17,40,95.89999999999999
PaccoPronto (Italy),2024-02-18,137,406.937
PaccoPronto (Italy),2024-02-19,696,2553.193
PaccoPronto (Italy),2024-02-20,527,1728.374
PaccoPronto (Italy),2024-02-21,464,1603.067
PaccoPronto (Italy),2024-02-22,449,1580.035
PaccoPronto (Italy),2024-02-23,445,1513.66
PaccoPronto (Italy),2024-02-24,50,134.394
PaccoPronto (Italy),2024-02-25,156,713.561
PaccoPronto (Italy),2024-02-26,636,2163.781
PaccoPronto (Italy),2024-02-27,655,2422.167
PaccoPronto (Italy),2024-02-28,526,1888.937
PaccoPronto (Italy),2024-02-29,477,1546.38
PaccoPronto (Italy),2024-03-01,495,1712.349
PaccoPronto (Italy),2024-03-02,58,107.201
PaccoPronto (Italy),2024-03-03,126,358.348
PaccoPronto (Italy),2024-03-04,751,3427.306
PaccoPronto (Italy),2024-03-05,652,2430.384
PaccoPronto (Italy),2024-03-06,562,2298.048
PaccoPronto (Italy),2024-03-07,519,1706.871
PaccoPronto (Italy),2024-03-08,463,1786.605
PaccoPronto (Italy),2024-03-09,73,209.941
PaccoPronto (Italy),2024-03-10,162,544.124
PaccoPronto (Italy),2024-03-11,740,2573.448
PaccoPronto (Italy),2024-03-12,727,2684.504
PaccoPronto (Italy),2024-03-13,490,2053.99
PaccoPronto (Italy),2024-03-14,484,1684.657
PaccoPronto (Italy),2024-03-15,487,1766.556
PaccoPronto (Italy),2024-03-16,67,167.26
PaccoPronto (Italy),2024-03-17,172,642.089
PaccoPronto (Italy),2024-03-18,730,2500.623
PaccoPronto (Italy),2024-03-19,680,2077.446
PaccoPronto (Italy),2024-03-20,570,2363.796
PaccoPronto (Italy),2024-03-21,446,1444.381
PaccoPronto (Italy),2024-03-22,491,1770.521
PaccoPronto (Italy),2024-03-23,61,162.047
PaccoPronto (Italy),2024-03-24,141,508.233
PaccoPronto (Italy),2024-03-25,628,2218.963
PaccoPronto (Italy),2024-03-26,705,2781.999
PaccoPronto (Italy),2024-03-27,578,2016.892
PaccoPronto (Italy),2024-03-28,487,1782.6
PaccoPronto (Italy),2024-03-29,412,1572.473
PaccoPronto (Italy),2024-03-30,44,93.299
PaccoPronto (Italy),2024-04-01,182,707.649
PaccoPronto (Italy),2024-04-02,602,2397.873
PaccoPronto (Italy),2024-04-03,746,2559.794
PaccoPronto (Italy),2024-04-04,620,2293.696
PaccoPronto (Italy),2024-04-05,464,1938.374
PaccoPronto (Italy),2024-04-06,92,330.87
PaccoPronto (Italy),2024-04-07,173,475.34000000000003
PaccoPronto (Italy),2024-04-08,592,2465.766
PaccoPronto (Italy),2024-04-09,613,2796.288
PaccoPronto (Italy),2024-04-10,526,1668.708
PaccoPronto (Italy),2024-04-11,514,2270.051
PaccoPronto (Italy),2024-04-12,504,1964.338
PaccoPronto (Italy),2024-04-13,80,249.933
PaccoPronto (Italy),2024-04-14,156,452.375
PaccoPronto (Italy),2024-04-15,651,2356.004
PaccoPronto (Italy),2024-04-16,606,2137.241
PaccoPronto (Italy),2024-04-17,493,1643.701
PaccoPronto (Italy),2024-04-18,547,2171.303
PaccoPronto (Italy),2024-04-19,480,1632.268
PaccoPronto (Italy),2024-04-20,51,142.81
PaccoPronto (Italy),2024-04-21,129,287.006
PaccoPronto (Italy),2024-04-22,693,2013.84
PaccoPronto (Italy),2024-04-23,586,1918.489
PaccoPronto (Italy),2024-04-24,452,1278.763
PaccoPronto (Italy),2024-04-25,457,1481.46
PaccoPronto (Italy),2024-04-26,458,1654.017
PaccoPronto (Italy),2024-04-27,50,130.33
PaccoPronto (Italy),2024-04-28,78,218.754
PaccoPronto (Italy),2024-04-29,546,1889.858
PaccoPronto (Italy),2024-04-30,543,1815.271
PaccoPronto (Italy),2024-05-01,393,1487.115
PaccoPronto (Italy),2024-05-02,443,1413.179
PaccoPronto (Italy),2024-05-03,426,1243.665
PaccoPronto (Italy),2024-05-04,72,181.879
PaccoPronto (Italy),2024-05-05,126,344.423
PaccoPronto (Italy),2024-05-06,610,2566.922
PaccoPronto (Italy),2024-05-07,610,1959.093
PaccoPronto (Italy),2024-05-08,548,1900.847
PaccoPronto (Italy),2024-05-09,76,177.695
PaccoPronto (Italy),2024-05-10,429,1620.562
PaccoPronto (Italy),2024-05-11,39,67.28
PaccoPronto (Italy),2024-05-12,177,536.773
PaccoPronto (Italy),2024-05-13,584,2108.715
PaccoPronto (Italy),2024-05-14,681,2685.446
PaccoPronto (Italy),2024-05-15,568,2018.415
PaccoPronto (Italy),2024-05-16,453,1439.089
PaccoPronto (Italy),2024-05-17,515,1755.869
PaccoPronto (Italy),2024-05-18,57,171.56
PaccoPronto (Italy),2024-05-20,182,727.276
PaccoPronto (Italy),2024-05-21,639,2252.126
PaccoPronto (Italy),2024-05-22,654,2309.61
PaccoPronto (Italy),2024-05-23,486,1554.993
PaccoPronto (Italy),2024-05-24,404,1348.827
PaccoPronto (Italy),2024-05-25,55,132.44
PaccoPronto (Italy),2024-05-26,145,447.467
PaccoPronto (Italy),2024-05-27,477,1527.548
PaccoPronto (Italy),2024-05-28,468,1613.141
PaccoPronto (Italy),2024-05-29,524,1838.201
PaccoPronto (Italy),2024-05-30,474,1648.384
PaccoPronto (Italy),2024-05-31,479,1814.877
PaccoPronto (Italy),2024-06-01,75,233.93800000000002
PaccoPronto (Italy),2024-06-02,143,594.312
PaccoPronto (Italy),2024-06-03,601,2073.666
PaccoPronto (Italy),2024-06-04,537,1979.14
PaccoPronto (Italy),2024-06-05,579,1835.134
PaccoPronto (Italy),2024-06-06,494,1618.546
PaccoPronto (Italy),2024-06-07,460,1755.238
PaccoPronto (Italy),2024-06-08,70,253.16
PaccoPronto (Italy),2024-06-09,192,592.914
PaccoPronto (Italy),2024-06-10,603,1891.758
PaccoPronto (Italy),2024-06-11,628,2061.202
PaccoPronto (Italy),2024-06-12,602,2402.233
PaccoPronto (Italy),2024-06-13,555,1927.114
PaccoPronto (Italy),2024-06-14,443,1587.199
PaccoPronto (Italy),2024-06-15,46,109.86
PaccoPronto (Italy),2024-06-16,153,397.52
PaccoPronto (Italy),2024-06-17,683,2383.136
PaccoPronto (Italy),2024-06-18,575,2023.153
PaccoPronto (Italy),2024-06-19,535,1910.751
PaccoPronto (Italy),2024-06-20,409,1324.871
PaccoPronto (Italy),2024-06-21,452,1608.199
PaccoPronto (Italy),2024-06-22,54,183.07500000000002
PaccoPronto (Italy),2024-06-23,140,428.408
PaccoPronto (Italy),2024-06-24,574,1872.761
PaccoPronto (Italy),2024-06-25,522,2086.097
PaccoPronto (Italy),2024-06-26,400,1364.561
PaccoPronto (Italy),2024-06-27,480,1600.199
PaccoPronto (Italy),2024-06-28,482,1761.279
PaccoPronto (Italy),2024-06-29,42,59.441
PaccoPronto (Italy),2024-06-30,186,745.798
PaccoPronto (Italy),2024-07-01,598,1982.423
PaccoPronto (Italy),2024-07-02,639,2579.943
PaccoPronto (Italy),2024-07-03,495,1696.934
PaccoPronto (Italy),2024-07-04,556,2070.908
PaccoPronto (Italy),2024-07-05,476,1809.3220000000001
PaccoPronto (Italy),2024-07-06,82,319.94
PaccoPronto (Italy),2024-07-07,122,431.858
PaccoPronto (Italy),2024-07-08,565,1974.523
PaccoPronto (Italy),2024-07-09,629,2370.167
PaccoPronto (Italy),2024-07-10,513,1997.234
PaccoPronto (Italy),2024-07-11,478,1550.497
PaccoPronto (Italy),2024-07-12,475,1756.9470000000001
PaccoPronto (Italy),2024-07-13,42,53.879999999999995
PaccoPronto (Italy),2024-07-14,105,374.695
PaccoPronto (Italy),2024-07-15,559,2019.808
PaccoPronto (Italy),2024-07-16,535,1903.8609999999999
PaccoPronto (Italy),2024-07-17,502,1689.843
PaccoPronto (Italy),2024-07-18,493,1771.489
PaccoPronto (Italy),2024-07-19,483,1842.144
PaccoPronto (Italy),2024-07-20,52,90.36
PaccoPronto (Italy),2024-07-21,112,452.877
PaccoPronto (Italy),2024-07-22,621,2102.516
PaccoPronto (Italy),2024-07-23,516,2035.294
PaccoPronto (Italy),2024-07-24,534,2244.285
PaccoPronto (Italy),2024-07-25,470,1604.387
PaccoPronto (Italy),2024-07-26,418,1264.978
PaccoPronto (Italy),2024-07-27,109,292.747
PaccoPronto (Italy),2024-07-28,154,649.9540000000001
PaccoPronto (Italy),2024-07-29,534,1619.541
PaccoPronto (Italy),2024-07-30,537,2112.628
PaccoPronto (Italy),2024-07-31,473,1625.263
PaccoPronto (Italy),2024-08-01,530,1520.283
PaccoPronto (Italy),2024-08-02,459,1192.983
PaccoPronto (Italy),2024-08-03,61,223.714
PaccoPronto (Italy),2024-08-04,150,404.954
PaccoPronto (Italy),2024-08-05,462,1901.84
PaccoPronto (Italy),2024-08-06,417,1290.922
PaccoPronto (Italy),2024-08-07,391,1320.442
PaccoPronto (Italy),2024-08-08,431,1589.398
PaccoPronto (Italy),2024-08-09,381,1045.142
PaccoPronto (Italy),2024-08-10,45,83.3
PaccoPronto (Italy),2024-08-11,84,284.836
PaccoPronto (Italy),2024-08-12,392,1191.121
PaccoPronto (Italy),2024-08-13,359,1013.923
PaccoPronto (Italy),2024-08-14,397,1285.482
PaccoPronto (Italy),2024-08-15,297,860.286
PaccoPronto (Italy),2024-08-16,317,1144.935
PaccoPronto (Italy),2024-08-17,43,102.92
PaccoPronto (Italy),2024-08-18,111,292.774
PaccoPronto (Italy),2024-08-19,511,1743.431
PaccoPronto (Italy),2024-08-20,373,1201.91
PaccoPronto (Italy),2024-08-21,358,1053.878
PaccoPronto (Italy),2024-08-22,344,819.087
PaccoPronto (Italy),2024-08-23,313,1302.558
PaccoPronto (Italy),2024-08-24,47,90.765
PaccoPronto (Italy),2024-08-25,92,174.287
PaccoPronto (Italy),2024-08-26,370,1089.026
PaccoPronto (Italy),2024-08-27,368,876.806
PaccoPronto (Italy),2024-08-28,353,1257.762
PaccoPronto (Italy),2024-08-29,376,1188.677
PaccoPronto (Italy),2024-08-30,323,1104.566
PaccoPronto (Italy),2024-08-31,67,163.458
PaccoPronto (Italy),2024-09-01,91,273.815
PaccoPronto (Italy),2024-09-02,591,2096.283
PaccoPronto (Italy),2024-09-03,426,1124.6970000000001
PaccoPronto (Italy),2024-09-04,447,1635.773
PaccoPronto (Italy),2024-09-05,435,1382.064
PaccoPronto (Italy),2024-09-06,469,1529.481
PaccoPronto (Italy),2024-09-07,72,171.46
PaccoPronto (Italy),2024-09-08,131,358.455
PaccoPronto (Italy),2024-09-09,481,1382.494
PaccoPronto (Italy),2024-09-10,491,1511.507
PaccoPronto (Italy),2024-09-11,465,1612.01
PaccoPronto (Italy),2024-09-12,416,1363.203
PaccoPronto (Italy),2024-09-13,574,2133.126
PaccoPronto (Italy),2024-09-14,71,186.57
PaccoPronto (Italy),2024-09-15,124,491.25600000000003
PaccoPronto (Italy),2024-09-16,536,1631.591
PaccoPronto (Italy),2024-09-17,524,1780.41
PaccoPronto (Italy),2024-09-18,476,1485.304
PaccoPronto (Italy),2024-09-19,451,1693.545
PaccoPronto (Italy),2024-09-20,325,858.455
PaccoPronto (Italy),2024-09-21,66,134.4
PaccoPronto (Italy),2024-09-22,80,321.358
PaccoPronto (Italy),2024-09-23,508,1427.316
PaccoPronto (Italy),2024-09-24,480,1347.983
PaccoPronto (Italy),2024-09-25,497,1610.773
PaccoPronto (Italy),2024-09-26,391,1269.244
PaccoPronto (Italy),2024-09-27,370,1151.599
PaccoPronto (Italy),2024-09-28,51,91.69
PaccoPronto (Italy),2024-09-29,86,164.02
PaccoPronto (Italy),2024-09-30,465,1593.018
PaccoPronto (Italy),2024-10-01,497,1496.653
PaccoPronto (Italy),2024-10-02,518,1501.376
PaccoPronto (Italy),2024-10-03,487,1617.622
PaccoPronto (Italy),2024-10-04,435,1371.41
PaccoPronto (Italy),2024-10-05,86,307.223
PaccoPronto (Italy),2024-10-06,84,228.467
PaccoPronto (Italy),2024-10-07,595,2490.023
PaccoPronto (Italy),2024-10-08,511,1446.666
PaccoPronto (Italy),2024-10-09,543,1857.68
PaccoPronto (Italy),2024-10-10,468,1674.398
PaccoPronto (Italy),2024-10-11,364,1079.225
PaccoPronto (Italy),2024-10-12,75,142.09
PaccoPronto (Italy),2024-10-13,118,267.513
PaccoPronto (Italy),2024-10-14,598,1466.19
PaccoPronto (Italy),2024-10-15,501,1200.033
PaccoPronto (Italy),2024-10-16,511,1705.131
PaccoPronto (Italy),2024-10-17,425,1415.386
PaccoPronto (Italy),2024-10-18,373,1319.741
PaccoPronto (Italy),2024-10-19,77,211.864
PaccoPronto (Italy),2024-10-20,82,281.038
PaccoPronto (Italy),2024-10-21,541,1647.051
PaccoPronto (Italy),2024-10-22,471,1492.564
PaccoPronto (Italy),2024-10-23,451,1454.6680000000001
PaccoPronto (Italy),2024-10-24,395,1153.665
PaccoPronto (Italy),2024-10-25,329,1236.846
PaccoPronto (Italy),2024-10-26,57,128.72
PaccoPronto (Italy),2024-10-27,112,224.314
PaccoPronto (Italy),2024-10-28,484,1247.47
PaccoPronto (Italy),2024-10-29,498,1845.886
PaccoPronto (Italy),2024-10-30,441,1461.591
PaccoPronto (Italy),2024-10-31,435,1352.942
PaccoPronto (Italy),2024-11-01,353,1034.913
PaccoPronto (Italy),2024-11-02,51,174.76000000000002
PaccoPronto (Italy),2024-11-03,106,240.48499999999999
PaccoPronto (Italy),2024-11-04,669,1665.473
PaccoPronto (Italy),2024-11-05,475,1316.2450000000001
PaccoPronto (Italy),2024-11-06,474,1538.727
PaccoPronto (Italy),2024-11-07,412,1060.717
PaccoPronto (Italy),2024-11-08,395,981.867
PaccoPronto (Italy),2024-11-09,57,152.779
PaccoPronto (Italy),2024-11-10,139,299.18
PaccoPronto (Italy),2024-11-11,745,2150.475
PaccoPronto (Italy),2024-11-12,643,1986.549
PaccoPronto (Italy),2024-11-13,476,1345.205
PaccoPronto (Italy),2024-11-14,470,1631.261
PaccoPronto (Italy),2024-11-15,588,1619.295
PaccoPronto (Italy),2024-11-16,55,76.65
PaccoPronto (Italy),2024-11-17,134,263.627
PaccoPronto (Italy),2024-11-18,583,1749.81
PaccoPronto (Italy),2024-11-19,555,1998.554
PaccoPronto (Italy),2024-11-20,460,1506.949
PaccoPronto (Italy),2024-11-21,443,1156.53
PaccoPronto (Italy),2024-11-22,531,1393.832
PaccoPronto (Italy),2024-11-23,80,273.84
PaccoPronto (Italy),2024-11-24,177,353.96
PaccoPronto (Italy),2024-11-25,599,1933.635
PaccoPronto (Italy),2024-11-26,604,1609.849
PaccoPronto (Italy),2024-11-27,583,1816.482
PaccoPronto (Italy),2024-11-28,543,1679.2740000000001
PaccoPronto (Italy),2024-11-29,697,2247.461
PaccoPronto (Italy),2024-11-30,247,674.34
PaccoPronto (Italy),2024-12-01,252,748.933
PaccoPronto (Italy),2024-12-02,668,2260.717
PaccoPronto (Italy),2024-12-03,751,2175.246
PaccoPronto (Italy),2024-12-04,708,2133.782
PaccoPronto (Italy),2024-12-05,733,2216.157
PaccoPronto (Italy),2024-12-06,675,1970.801
PaccoPronto (Italy),2024-12-07,95,216.41
PaccoPronto (Italy),2024-12-08,227,675.77
PaccoPronto (Italy),2024-12-09,722,2197.134
PaccoPronto (Italy),2024-12-10,699,2179.287
PaccoPronto (Italy),2024-12-11,762,2560.282
PaccoPronto (Italy),2024-12-12,726,2298.779
PaccoPronto (Italy),2024-12-13,735,1923.97
PaccoPronto (Italy),2024-12-14,84,252.42000000000002
PaccoPronto (Italy),2024-12-15,210,609.0
PaccoPronto (Italy),2024-12-16,798,2422.28
PaccoPronto (Italy),2024-12-17,754,2387.803
PaccoPronto (Italy),2024-12-18,647,2364.061
PaccoPronto (Italy),2024-12-19,530,1512.022
PaccoPronto (Italy),2024-12-20,449,1189.609
PaccoPronto (Italy),2024-12-21,48,90.853
PaccoPronto (Italy),2024-12-22,95,291.704
PaccoPronto (Italy),2024-12-23,431,1356.163
PaccoPronto (Italy),2024-12-24,316,993.301
PaccoPronto (Italy),2024-12-25,37,44.519999999999996
PaccoPronto (Italy),2024-12-26,31,98.793
PaccoPronto (Italy),2024-12-27,377,1065.692
PaccoPronto (Italy),2024-12-28,75,131.757
PaccoPronto (Italy),2024-12-29,172,562.502
PaccoPronto (Italy),2024-12-30,472,1534.299
PaccoPronto (Italy),2024-12-31,326,1061.777
PaccoPronto (Italy),2025-01-02,412,1349.236
PaccoPronto (Italy),2025-01-03,385,1114.968
PaccoPronto (Italy),2025-01-04,85,195.12
PaccoPronto (Italy),2025-01-05,80,144.293
PaccoPronto (Italy),2025-01-06,549,1756.262
PaccoPronto (Italy),2025-01-07,513,1679.095
PaccoPronto (Italy),2025-01-08,434,1407.593
PaccoPronto (Italy),2025-01-09,382,1539.103
PaccoPronto (Italy),2025-01-10,368,1102.832
PaccoPronto (Italy),2025-01-11,47,98.85000000000001
PaccoPronto (Italy),2025-01-12,98,183.373
PaccoPronto (Italy),2025-01-13,535,1638.154
PaccoPronto (Italy),2025-01-14,472,1458.681
PaccoPronto (Italy),2025-01-15,454,1505.975
PaccoPronto (Italy),2025-01-16,367,1297.281
PaccoPronto (Italy),2025-01-17,366,1345.743
PaccoPronto (Italy),2025-01-18,66,155.074
PaccoPronto (Italy),2025-01-19,86,172.228
PaccoPronto (Italy),2025-01-20,495,1426.0
PaccoPronto (Italy),2025-01-21,443,1154.792
PaccoPronto (Italy),2025-01-22,365,1105.996
PaccoPronto (Italy),2025-01-23,284,962.594
PaccoPronto (Italy),2025-01-24,350,937.389
PaccoPronto (Italy),2025-01-25,54,115.175
PaccoPronto (Italy),2025-01-26,66,95.888
PaccoPronto (Italy),2025-01-27,437,1300.931
PaccoPronto (Italy),2025-01-28,494,2054.695
PaccoPronto (Italy),2025-01-29,355,996.852
PaccoPronto (Italy),2025-01-30,366,1136.213
PaccoPronto (Italy),2025-01-31,368,1093.99
PaccoPronto (Italy),2025-02-01,33,93.609
PaccoPronto (Italy),2025-02-02,75,140.7
PaccoPronto (Italy),2025-02-03,499,1481.38
PaccoPronto (Italy),2025-02-04,462,1579.235
PaccoPronto (Italy),2025-02-05,435,1209.619
PaccoPronto (Italy),2025-02-06,379,953.771
PaccoPronto (Italy),2025-02-07,375,998.38
PaccoPronto (Italy),2025-02-08,50,103.178
PaccoPronto (Italy),2025-02-09,75,146.52100000000002
PaccoPronto (Italy),2025-02-10,483,1470.431
PaccoPronto (Italy),2025-02-11,503,1738.695
PaccoPronto (Italy),2025-02-12,395,1197.624
PaccoPronto (Italy),2025-02-13,363,1251.679
PaccoPronto (Italy),2025-02-14,316,981.733
PaccoPronto (Italy),2025-02-15,52,137.841
PaccoPronto (Italy),2025-02-16,88,207.538
PaccoPronto (Italy),2025-02-17,487,1503.414
PaccoPronto (Italy),2025-02-18,473,1613.393
PaccoPronto (Italy),2025-02-19,432,1232.103
PaccoPronto (Italy),2025-02-20,310,1232.605
PaccoPronto (Italy),2025-02-21,353,1417.924
PaccoPronto (Italy),2025-02-22,65,151.32
PaccoPronto (Italy),2025-02-23,82,101.704
PaccoPronto (Italy),2025-02-24,475,1410.975
PaccoPronto (Italy),2025-02-25,469,1657.685
PaccoPronto (Italy),2025-02-26,395,1431.295
PaccoPronto (Italy),2025-02-27,382,1456.065
PaccoPronto (Italy),2025-02-28,408,1075.779
PaccoPronto (Italy),2025-03-01,49,109.77799999999999
PaccoPronto (Italy),2025-03-02,92,271.016
PaccoPronto (Italy),2025-03-03,565,1516.453
PaccoPronto (Italy),2025-03-04,410,1340.287
PaccoPronto (Italy),2025-03-05,400,1229.237
PaccoPronto (Italy),2025-03-06,355,1172.422
PaccoPronto (Italy),2025-03-07,348,958.219
PaccoPronto (Italy),2025-03-08,34,59.312
PaccoPronto (Italy),2025-03-09,67,163.389
PaccoPronto (Italy),2025-03-10,547,1873.807
PaccoPronto (Italy),2025-03-11,440,1221.702
PaccoPronto (Italy),2025-03-12,467,1875.748
PaccoPronto (Italy),2025-03-13,432,1372.162
PaccoPronto (Italy),2025-03-14,448,954.58
PaccoPronto (Italy),2025-03-15,41,128.418
PaccoPronto (Italy),2025-03-16,95,238.091
PaccoPronto (Italy),2025-03-17,619,1735.396
PaccoPronto (Italy),2025-03-18,534,1368.843
PaccoPronto (Italy),2025-03-19,482,1472.6680000000001
PaccoPronto (Italy),2025-03-20,399,1080.456
PaccoPronto (Italy),2025-03-21,428,1229.997
PaccoPronto (Italy),2025-03-22,66,81.867
PaccoPronto (Italy),2025-03-23,79,119.225
PaccoPronto (Italy),2025-03-24,521,1737.6680000000001
PaccoPronto (Italy),2025-03-25,531,1316.742
PaccoPronto (Italy),2025-03-26,439,1006.313
PaccoPronto (Italy),2025-03-27,432,1469.11
PaccoPronto (Italy),2025-03-28,477,1246.277
PaccoPronto (Italy),2025-03-29,95,179.959
PaccoPronto (Italy),2025-03-30,85,248.082
PaccoPronto (Italy),2025-03-31,653,2277.693
PaccoPronto (Italy),2025-04-01,667,1755.802
PaccoPronto (Italy),2025-04-02,572,1688.232
PaccoPronto (Italy),2025-04-03,469,1302.994
PaccoPronto (Italy),2025-04-04,481,1273.147
PaccoPronto (Italy),2025-04-05,84,137.26999999999998
PaccoPronto (Italy),2025-04-06,104,277.505
PaccoPronto (Italy),2025-04-07,537,1311.243
PaccoPronto (Italy),2025-04-08,664,1536.282
PaccoPronto (Italy),2025-04-09,461,1297.235
PaccoPronto (Italy),2025-04-10,421,970.925
PaccoPronto (Italy),2025-04-11,493,1529.873
PaccoPronto (Italy),2025-04-12,55,156.825
PaccoPronto (Italy),2025-04-13,65,213.919
PaccoPronto (Italy),2025-04-14,678,1899.449
PaccoPronto (Italy),2025-04-15,79,198.705
Parcelly (United Kingdom),2018-12-01,5,4.62
Parcelly (United Kingdom),2018-12-02,8,27.24
Parcelly (United Kingdom),2018-12-03,41,171.715
Parcelly (United Kingdom),2018-12-04,57,100.24000000000001
Parcelly (United Kingdom),2018-12-05,39,55.720000000000006
Parcelly (United Kingdom),2018-12-06,43,156.51
Parcelly (United Kingdom),2018-12-07,23,50.7
Parcelly (United Kingdom),2018-12-08,5,11.26
Parcelly (United Kingdom),2018-12-09,6,17.2
Parcelly (United Kingdom),2018-12-10,41,68.58
Parcelly (United Kingdom),2018-12-11,66,179.715
Parcelly (United Kingdom),2018-12-12,58,161.105
Parcelly (United Kingdom),2018-12-13,63,186.431
Parcelly (United Kingdom),2018-12-14,70,194.42000000000002
Parcelly (United Kingdom),2018-12-15,24,63.32
Parcelly (United Kingdom),2018-12-16,16,42.46
Parcelly (United Kingdom),2018-12-17,132,402.01
Parcelly (United Kingdom),2018-12-18,217,637.51
Parcelly (United Kingdom),2018-12-19,289,779.621
Parcelly (United Kingdom),2018-12-20,532,1617.315
Parcelly (United Kingdom),2018-12-21,865,2197.446
Parcelly (United Kingdom),2018-12-22,55,204.415
Parcelly (United Kingdom),2018-12-23,177,462.76
Parcelly (United Kingdom),2018-12-24,466,1199.35
Parcelly (United Kingdom),2018-12-25,4,3.0799999999999996
Parcelly (United Kingdom),2018-12-26,35,29.54
Parcelly (United Kingdom),2018-12-27,1204,2984.785
Parcelly (United Kingdom),2018-12-28,1678,4819.895
Parcelly (United Kingdom),2018-12-29,239,1291.78
Parcelly (United Kingdom),2018-12-30,1856,4078.562
Parcelly (United Kingdom),2018-12-31,4475,9367.126
Parcelly (United Kingdom),2019-01-01,94,171.08
Parcelly (United Kingdom),2019-01-02,7089,15588.578
Parcelly (United Kingdom),2019-01-03,6403,15519.779
Parcelly (United Kingdom),2019-01-04,6717,15343.901
Parcelly (United Kingdom),2019-01-05,271,843.94
Parcelly (United Kingdom),2019-01-06,1206,2209.6
Parcelly (United Kingdom),2019-01-07,8449,20149.456
Parcelly (United Kingdom),2019-01-08,6377,15739.69
Parcelly (United Kingdom),2019-01-09,6752,15662.257
Parcelly (United Kingdom),2019-01-10,6283,16706.884
Parcelly (United Kingdom),2019-01-11,5437,14637.95
Parcelly (United Kingdom),2019-01-12,214,662.6
Parcelly (United Kingdom),2019-01-13,1369,2187.26
Parcelly (United Kingdom),2019-01-14,7491,19723.905
Parcelly (United Kingdom),2019-01-15,5643,15548.076000000001
Parcelly (United Kingdom),2019-01-16,5338,12185.704
Parcelly (United Kingdom),2019-01-17,4872,13340.807
Parcelly (United Kingdom),2019-01-18,4372,11593.447
Parcelly (United Kingdom),2019-01-19,224,696.241
Parcelly (United Kingdom),2019-01-20,1108,2068.12
Parcelly (United Kingdom),2019-01-21,7070,16598.823
Parcelly (United Kingdom),2019-01-22,4718,12777.221
Parcelly (United Kingdom),2019-01-23,5927,14907.77
Parcelly (United Kingdom),2019-01-24,5949,12721.464
Parcelly (United Kingdom),2019-01-25,4921,10992.228
Parcelly (United Kingdom),2019-01-26,361,610.195
Parcelly (United Kingdom),2019-01-27,1743,3544.98
Parcelly (United Kingdom),2019-01-28,7027,16463.381
Parcelly (United Kingdom),2019-01-29,5820,15226.134
Parcelly (United Kingdom),2019-01-30,4327,12242.947
Parcelly (United Kingdom),2019-01-31,5467,12407.88
Parcelly (United Kingdom),2019-02-01,4974,13742.339
Parcelly (United Kingdom),2019-02-02,156,465.425
Parcelly (United Kingdom),2019-02-03,1206,2337.8
Parcelly (United Kingdom),2019-02-04,6673,16226.854
Parcelly (United Kingdom),2019-02-05,5656,13216.673
Parcelly (United Kingdom),2019-02-06,5342,12054.08
Parcelly (United Kingdom),2019-02-07,4746,10887.969
Parcelly (United Kingdom),2019-02-08,4866,10867.083
Parcelly (United Kingdom),2019-02-09,284,851.481
Parcelly (United Kingdom),2019-02-10,1042,2274.96
Parcelly (United Kingdom),2019-02-11,7461,17345.818
Parcelly (United Kingdom),2019-02-12,5716,13896.694
Parcelly (United Kingdom),2019-02-13,5031,11530.71
Parcelly (United Kingdom),2019-02-14,5077,11321.558
Parcelly (United Kingdom),2019-02-15,4778,11630.283
Parcelly (United Kingdom),2019-02-16,194,476.8
Parcelly (United Kingdom),2019-02-17,1139,2010.142
Parcelly (United Kingdom),2019-02-18,7210,20352.759
Parcelly (United Kingdom),2019-02-19,5354,13971.034
Parcelly (United Kingdom),2019-02-20,4719,11515.306
Parcelly (United Kingdom),2019-02-21,4793,11908.585
Parcelly (United Kingdom),2019-02-22,4127,11745.412
Parcelly (United Kingdom),2019-02-23,243,763.441
Parcelly (United Kingdom),2019-02-24,917,1964.98
Parcelly (United Kingdom),2019-02-25,7206,18838.939
Parcelly (United Kingdom),2019-02-26,5202,12721.686
Parcelly (United Kingdom),2019-02-27,5062,12704.485
Parcelly (United Kingdom),2019-02-28,4749,13194.111
Parcelly (United Kingdom),2019-03-01,4523,12727.147
Parcelly (United Kingdom),2019-03-02,156,443.96
Parcelly (United Kingdom),2019-03-03,841,1604.5
Parcelly (United Kingdom),2019-03-04,7440,19663.836
Parcelly (United Kingdom),2019-03-05,5293,13005.338
Parcelly (United Kingdom),2019-03-06,5183,12798.439
Parcelly (United Kingdom),2019-03-07,5040,13172.298
Parcelly (United Kingdom),2019-03-08,4112,11073.27
Parcelly (United Kingdom),2019-03-09,527,672.18
Parcelly (United Kingdom),2019-03-10,1002,1760.665
Parcelly (United Kingdom),2019-03-11,7361,19005.96
Parcelly (United Kingdom),2019-03-12,6517,16020.092
Parcelly (United Kingdom),2019-03-13,5137,14714.392
Parcelly (United Kingdom),2019-03-14,4409,13059.596
Parcelly (United Kingdom),2019-03-15,4406,12421.608
Parcelly (United Kingdom),2019-03-16,169,532.482
Parcelly (United Kingdom),2019-03-17,1300,3003.06
Parcelly (United Kingdom),2019-03-18,7508,20372.483
Parcelly (United Kingdom),2019-03-19,5276,14500.368
Parcelly (United Kingdom),2019-03-20,4404,12296.456
Parcelly (United Kingdom),2019-03-21,4689,12777.641
Parcelly (United Kingdom),2019-03-22,4343,12192.827
Parcelly (United Kingdom),2019-03-23,203,981.67
Parcelly (United Kingdom),2019-03-24,1836,3397.302
Parcelly (United Kingdom),2019-03-25,6801,19479.365
Parcelly (United Kingdom),2019-03-26,5515,14894.917
Parcelly (United Kingdom),2019-03-27,5094,12585.959
Parcelly (United Kingdom),2019-03-28,4652,13507.916
Parcelly (United Kingdom),2019-03-29,4345,11475.453
Parcelly (United Kingdom),2019-03-30,214,602.361
Parcelly (United Kingdom),2019-03-31,1202,2685.544
Parcelly (United Kingdom),2019-04-01,7174,19482.352
Parcelly (United Kingdom),2019-04-02,5882,16320.971
Parcelly (United Kingdom),2019-04-03,5673,12218.297
Parcelly (United Kingdom),2019-04-04,5076,11806.061
Parcelly (United Kingdom),2019-04-05,4443,11103.918
Parcelly (United Kingdom),2019-04-06,161,364.455
Parcelly (United Kingdom),2019-04-07,1190,2909.542
Parcelly (United Kingdom),2019-04-08,6901,18108.971
Parcelly (United Kingdom),2019-04-09,6025,15475.44
Parcelly (United Kingdom),2019-04-10,5515,13658.65
Parcelly (United Kingdom),2019-04-11,5283,13350.192
Parcelly (United Kingdom),2019-04-12,4253,11347.309
Parcelly (United Kingdom),2019-04-13,96,337.405
Parcelly (United Kingdom),2019-04-14,1222,2477.604
Parcelly (United Kingdom),2019-04-15,7558,21222.928
Parcelly (United Kingdom),2019-04-16,6095,15852.928
Parcelly (United Kingdom),2019-04-17,4894,12227.239
Parcelly (United Kingdom),2019-04-18,3864,12084.033
Parcelly (United Kingdom),2019-04-19,3057,9894.009
Parcelly (United Kingdom),2019-04-20,216,432.82
Parcelly (United Kingdom),2019-04-21,1,0.0
Parcelly (United Kingdom),2019-04-22,1960,5810.62
Parcelly (United Kingdom),2019-04-23,6760,18431.708
Parcelly (United Kingdom),2019-04-24,5896,16622.082
Parcelly (United Kingdom),2019-04-25,5689,14319.399
Parcelly (United Kingdom),2019-04-26,5061,12577.139
Parcelly (United Kingdom),2019-04-27,132,339.71999999999997
Parcelly (United Kingdom),2019-04-28,698,1770.307
Parcelly (United Kingdom),2019-04-29,7035,18201.704
Parcelly (United Kingdom),2019-04-30,6258,16900.053
Parcelly (United Kingdom),2019-05-01,4838,13861.136
Parcelly (United Kingdom),2019-05-02,4662,13874.299
Parcelly (United Kingdom),2019-05-03,4981,12255.027
Parcelly (United Kingdom),2019-05-04,407,578.277
Parcelly (United Kingdom),2019-05-05,989,2019.0
Parcelly (United Kingdom),2019-05-06,8126,20587.202
Parcelly (United Kingdom),2019-05-07,6142,15286.638
Parcelly (United Kingdom),2019-05-08,5416,14834.27
Parcelly (United Kingdom),2019-05-09,4936,12210.408
Parcelly (United Kingdom),2019-05-10,4980,12393.248
Parcelly (United Kingdom),2019-05-11,166,437.36
Parcelly (United Kingdom),2019-05-12,879,2279.363
Parcelly (United Kingdom),2019-05-13,7821,20869.379
Parcelly (United Kingdom),2019-05-14,5517,15135.711
Parcelly (United Kingdom),2019-05-15,4713,13816.396
Parcelly (United Kingdom),2019-05-16,5371,13819.77
Parcelly (United Kingdom),2019-05-17,4505,11659.022
Parcelly (United Kingdom),2019-05-18,175,370.53
Parcelly (United Kingdom),2019-05-19,1076,2659.603
Parcelly (United Kingdom),2019-05-20,7662,19626.187
Parcelly (United Kingdom),2019-05-21,5413,14382.049
Parcelly (United Kingdom),2019-05-22,5670,12103.05
Parcelly (United Kingdom),2019-05-23,4966,11473.314
Parcelly (United Kingdom),2019-05-24,4934,12092.053
Parcelly (United Kingdom),2019-05-25,226,403.78000000000003
Parcelly (United Kingdom),2019-05-26,1571,3939.961
Parcelly (United Kingdom),2019-05-27,7011,19003.57
Parcelly (United Kingdom),2019-05-28,5994,18271.889
Parcelly (United Kingdom),2019-05-29,6147,17083.584
Parcelly (United Kingdom),2019-05-30,1124,820.023
Parcelly (United Kingdom),2019-05-31,6518,16270.751
Parcelly (United Kingdom),2019-06-01,484,671.146
Parcelly (United Kingdom),2019-06-02,1484,6455.384
Parcelly (United Kingdom),2019-06-03,8022,21736.065
Parcelly (United Kingdom),2019-06-04,6677,20476.093
Parcelly (United Kingdom),2019-06-05,6694,21180.158
Parcelly (United Kingdom),2019-06-06,5368,18503.369
Parcelly (United Kingdom),2019-06-07,5008,14858.441
Parcelly (United Kingdom),2019-06-08,128,192.731
Parcelly (United Kingdom),2019-06-10,2288,9007.121
Parcelly (United Kingdom),2019-06-11,8274,21103.961
Parcelly (United Kingdom),2019-06-12,7056,18881.38
Parcelly (United Kingdom),2019-06-13,6199,18424.418
Parcelly (United Kingdom),2019-06-14,5270,13551.868
Parcelly (United Kingdom),2019-06-15,317,379.54
Parcelly (United Kingdom),2019-06-16,1096,5271.463
Parcelly (United Kingdom),2019-06-17,7996,22034.704
Parcelly (United Kingdom),2019-06-18,6136,15730.554
Parcelly (United Kingdom),2019-06-19,5848,17994.866
Parcelly (United Kingdom),2019-06-20,4967,15043.297
Parcelly (United Kingdom),2019-06-21,4580,12865.057
Parcelly (United Kingdom),2019-06-22,227,691.304
Parcelly (United Kingdom),2019-06-23,1048,3628.523
Parcelly (United Kingdom),2019-06-24,7088,19454.393
Parcelly (United Kingdom),2019-06-25,6153,17855.108
Parcelly (United Kingdom),2019-06-26,5660,15092.01
Parcelly (United Kingdom),2019-06-27,6034,20459.659
Parcelly (United Kingdom),2019-06-28,5393,16411.808
Parcelly (United Kingdom),2019-06-29,276,430.56
Parcelly (United Kingdom),2019-06-30,1082,4925.043
Parcelly (United Kingdom),2019-07-01,8004,26327.303
Parcelly (United Kingdom),2019-07-02,6806,19129.691
Parcelly (United Kingdom),2019-07-03,6404,18534.583
Parcelly (United Kingdom),2019-07-04,6030,22174.753
Parcelly (United Kingdom),2019-07-05,5187,17846.673
Parcelly (United Kingdom),2019-07-06,254,713.251
Parcelly (United Kingdom),2019-07-07,1189,3932.011
Parcelly (United Kingdom),2019-07-08,7524,20742.43
Parcelly (United Kingdom),2019-07-09,6433,18070.016
Parcelly (United Kingdom),2019-07-10,5262,13447.106
Parcelly (United Kingdom),2019-07-11,4977,12838.084
Parcelly (United Kingdom),2019-07-12,4489,10435.885
Parcelly (United Kingdom),2019-07-13,100,190.5
Parcelly (United Kingdom),2019-07-14,941,2604.9
Parcelly (United Kingdom),2019-07-15,7570,20278.051
Parcelly (United Kingdom),2019-07-16,6148,18212.968
Parcelly (United Kingdom),2019-07-17,5504,15138.786
Parcelly (United Kingdom),2019-07-18,4490,12300.176
Parcelly (United Kingdom),2019-07-19,4498,19182.765
Parcelly (United Kingdom),2019-07-20,148,294.075
Parcelly (United Kingdom),2019-07-21,1088,5608.461
Parcelly (United Kingdom),2019-07-22,6716,16921.382
Parcelly (United Kingdom),2019-07-23,5872,15777.26
Parcelly (United Kingdom),2019-07-24,4541,11205.319
Parcelly (United Kingdom),2019-07-25,4805,13480.547
Parcelly (United Kingdom),2019-07-26,4437,11768.577
Parcelly (United Kingdom),2019-07-27,172,437.105
Parcelly (United Kingdom),2019-07-28,1441,5057.528
Parcelly (United Kingdom),2019-07-29,7230,20685.447
Parcelly (United Kingdom),2019-07-30,5363,15800.151
Parcelly (United Kingdom),2019-07-31,5006,14467.429
Parcelly (United Kingdom),2019-08-01,4412,11971.97
Parcelly (United Kingdom),2019-08-02,4632,12709.512
Parcelly (United Kingdom),2019-08-03,152,379.13
Parcelly (United Kingdom),2019-08-04,1115,3157.82
Parcelly (United Kingdom),2019-08-05,7176,19649.024
Parcelly (United Kingdom),2019-08-06,5202,14171.61
Parcelly (United Kingdom),2019-08-07,5054,13043.926
Parcelly (United Kingdom),2019-08-08,4780,22457.397
Parcelly (United Kingdom),2019-08-09,4119,10989.487
Parcelly (United Kingdom),2019-08-10,171,337.425
Parcelly (United Kingdom),2019-08-11,1114,2490.981
Parcelly (United Kingdom),2019-08-12,6792,19901.502
Parcelly (United Kingdom),2019-08-13,5502,14134.666
Parcelly (United Kingdom),2019-08-14,4699,12319.941
Parcelly (United Kingdom),2019-08-15,4230,12069.025
Parcelly (United Kingdom),2019-08-16,4251,11694.144
Parcelly (United Kingdom),2019-08-17,93,147.811
Parcelly (United Kingdom),2019-08-18,1060,2404.863
Parcelly (United Kingdom),2019-08-19,7140,19849.972
Parcelly (United Kingdom),2019-08-20,6457,26474.296
Parcelly (United Kingdom),2019-08-21,4789,14278.388
Parcelly (United Kingdom),2019-08-22,4253,12420.627
Parcelly (United Kingdom),2019-08-23,4081,10726.722
Parcelly (United Kingdom),2019-08-24,345,761.755
Parcelly (United Kingdom),2019-08-25,885,2078.64
Parcelly (United Kingdom),2019-08-26,6480,18704.745
Parcelly (United Kingdom),2019-08-27,5105,14388.401
Parcelly (United Kingdom),2019-08-28,4694,13443.376
Parcelly (United Kingdom),2019-08-29,5043,13570.469
Parcelly (United Kingdom),2019-08-30,4744,12521.075
Parcelly (United Kingdom),2019-08-31,443,982.992
Parcelly (United Kingdom),2019-09-01,969,1986.125
Parcelly (United Kingdom),2019-09-02,6525,18756.218
Parcelly (United Kingdom),2019-09-03,5785,17571.411
Parcelly (United Kingdom),2019-09-04,5662,16426.611
Parcelly (United Kingdom),2019-09-05,5262,16107.664
Parcelly (United Kingdom),2019-09-06,4718,13498.229
Parcelly (United Kingdom),2019-09-07,563,964.362
Parcelly (United Kingdom),2019-09-08,1175,2400.563
Parcelly (United Kingdom),2019-09-09,6327,18383.152
Parcelly (United Kingdom),2019-09-10,5883,16006.328
Parcelly (United Kingdom),2019-09-11,5431,13791.168
Parcelly (United Kingdom),2019-09-12,4973,14359.494
Parcelly (United Kingdom),2019-09-13,4878,13177.624
Parcelly (United Kingdom),2019-09-14,464,905.913
Parcelly (United Kingdom),2019-09-15,1139,2677.523
Parcelly (United Kingdom),2019-09-16,6186,17566.495
Parcelly (United Kingdom),2019-09-17,5726,14619.263
Parcelly (United Kingdom),2019-09-18,5521,16722.3
Parcelly (United Kingdom),2019-09-19,3082,8635.411
Parcelly (United Kingdom),2019-09-20,4310,10701.966
Parcelly (United Kingdom),2019-09-21,523,1186.111
Parcelly (United Kingdom),2019-09-22,1188,2699.494
Parcelly (United Kingdom),2019-09-23,7082,21105.801
Parcelly (United Kingdom),2019-09-24,5868,16468.525
Parcelly (United Kingdom),2019-09-25,4905,12588.92
Parcelly (United Kingdom),2019-09-26,5083,16115.524
Parcelly (United Kingdom),2019-09-27,4528,11991.64
Parcelly (United Kingdom),2019-09-28,534,1047.475
Parcelly (United Kingdom),2019-09-29,811,1923.54
Parcelly (United Kingdom),2019-09-30,6018,15392.293
Parcelly (United Kingdom),2019-10-01,6487,17601.203
Parcelly (United Kingdom),2019-10-02,5197,14852.208
Parcelly (United Kingdom),2019-10-03,5033,13978.34
Parcelly (United Kingdom),2019-10-04,4232,12545.012
Parcelly (United Kingdom),2019-10-05,600,1176.237
Parcelly (United Kingdom),2019-10-06,903,2084.235
Parcelly (United Kingdom),2019-10-07,6506,18189.992
Parcelly (United Kingdom),2019-10-08,6204,17852.785
Parcelly (United Kingdom),2019-10-09,5037,14698.947
Parcelly (United Kingdom),2019-10-10,4563,14499.712
Parcelly (United Kingdom),2019-10-11,4637,13538.637
Parcelly (United Kingdom),2019-10-12,446,1111.72
Parcelly (United Kingdom),2019-10-13,986,1971.296
Parcelly (United Kingdom),2019-10-14,6435,19191.171
Parcelly (United Kingdom),2019-10-15,5621,16257.682
Parcelly (United Kingdom),2019-10-16,5136,15600.619
Parcelly (United Kingdom),2019-10-17,4666,13725.024
Parcelly (United Kingdom),2019-10-18,4705,15326.268
Parcelly (United Kingdom),2019-10-19,568,1590.64
Parcelly (United Kingdom),2019-10-20,959,1915.566
Parcelly (United Kingdom),2019-10-21,7161,22886.026
Parcelly (United Kingdom),2019-10-22,5865,18760.244
Parcelly (United Kingdom),2019-10-23,5261,16009.194
Parcelly (United Kingdom),2019-10-24,4790,14482.467
Parcelly (United Kingdom),2019-10-25,4369,12748.661
Parcelly (United Kingdom),2019-10-26,372,935.057
Parcelly (United Kingdom),2019-10-27,902,1835.416
Parcelly (United Kingdom),2019-10-28,6675,18051.715
Parcelly (United Kingdom),2019-10-29,6278,19661.994
Parcelly (United Kingdom),2019-10-30,5114,14120.432
Parcelly (United Kingdom),2019-10-31,5011,14375.881
Parcelly (United Kingdom),2019-11-01,4541,12759.635
Parcelly (United Kingdom),2019-11-02,467,1077.175
Parcelly (United Kingdom),2019-11-03,1293,2605.265
Parcelly (United Kingdom),2019-11-04,7768,23115.111
Parcelly (United Kingdom),2019-11-05,6881,19989.796
Parcelly (United Kingdom),2019-11-06,6103,16183.652
Parcelly (United Kingdom),2019-11-07,4908,14329.229
Parcelly (United Kingdom),2019-11-08,5368,14291.233
Parcelly (United Kingdom),2019-11-09,578,1167.58
Parcelly (United Kingdom),2019-11-10,1127,2451.96
Parcelly (United Kingdom),2019-11-11,8103,24817.084
Parcelly (United Kingdom),2019-11-12,7039,19302.277
Parcelly (United Kingdom),2019-11-13,5648,15139.116
Parcelly (United Kingdom),2019-11-14,5494,15803.934
Parcelly (United Kingdom),2019-11-15,5676,14728.504
Parcelly (United Kingdom),2019-11-16,521,1416.261
Parcelly (United Kingdom),2019-11-17,1466,4966.266
Parcelly (United Kingdom),2019-11-18,8187,22730.832
Parcelly (United Kingdom),2019-11-19,6419,17559.484
Parcelly (United Kingdom),2019-11-20,6057,15195.723
Parcelly (United Kingdom),2019-11-21,5980,16487.392
Parcelly (United Kingdom),2019-11-22,5994,14905.913
Parcelly (United Kingdom),2019-11-23,580,1129.015
Parcelly (United Kingdom),2019-11-24,2065,5766.549
Parcelly (United Kingdom),2019-11-25,8160,22077.501
Parcelly (United Kingdom),2019-11-26,7321,19665.085
Parcelly (United Kingdom),2019-11-27,6405,16928.338
Parcelly (United Kingdom),2019-11-28,6306,17252.492
Parcelly (United Kingdom),2019-11-29,7926,20254.767
Parcelly (United Kingdom),2019-11-30,1123,3117.75
Parcelly (United Kingdom),2019-12-01,2804,9632.715
Parcelly (United Kingdom),2019-12-02,9141,24535.751
Parcelly (United Kingdom),2019-12-03,10379,25898.05
Parcelly (United Kingdom),2019-12-04,8614,22837.671
Parcelly (United Kingdom),2019-12-05,7531,19571.227
Parcelly (United Kingdom),2019-12-06,5693,17496.395
Parcelly (United Kingdom),2019-12-07,1071,2212.746
Parcelly (United Kingdom),2019-12-08,1658,6292.291
Parcelly (United Kingdom),2019-12-09,9394,23861.273
Parcelly (United Kingdom),2019-12-10,9301,24603.836
Parcelly (United Kingdom),2019-12-11,7968,22118.541
Parcelly (United Kingdom),2019-12-12,7452,22885.013
Parcelly (United Kingdom),2019-12-13,7673,22082.279
Parcelly (United Kingdom),2019-12-14,1072,2445.04
Parcelly (United Kingdom),2019-12-15,2335,7869.03
Parcelly (United Kingdom),2019-12-16,9809,26805.778
Parcelly (United Kingdom),2019-12-17,9314,25990.734
Parcelly (United Kingdom),2019-12-18,8142,23710.356
Parcelly (United Kingdom),2019-12-19,6718,17741.866
Parcelly (United Kingdom),2019-12-20,5071,13152.563
Parcelly (United Kingdom),2019-12-21,956,1738.79
Parcelly (United Kingdom),2019-12-22,1202,3755.397
Parcelly (United Kingdom),2019-12-23,5802,15502.988
Parcelly (United Kingdom),2019-12-24,3425,8637.5
Parcelly (United Kingdom),2019-12-25,647,540.841
Parcelly (United Kingdom),2019-12-26,478,472.529
Parcelly (United Kingdom),2019-12-27,4794,15081.372
Parcelly (United Kingdom),2019-12-28,1132,2429.77
Parcelly (United Kingdom),2019-12-29,1343,3880.928
Parcelly (United Kingdom),2019-12-30,6888,17994.583
Parcelly (United Kingdom),2019-12-31,3470,8372.597
Parcelly (United Kingdom),2020-01-01,59,83.725
Parcelly (United Kingdom),2020-01-02,5799,16283.785
Parcelly (United Kingdom),2020-01-03,5015,13324.172
Parcelly (United Kingdom),2020-01-04,693,1244.414
Parcelly (United Kingdom),2020-01-05,1085,2406.19
Parcelly (United Kingdom),2020-01-06,6892,20797.717
Parcelly (United Kingdom),2020-01-07,6691,17799.372
Parcelly (United Kingdom),2020-01-08,5378,13843.534
Parcelly (United Kingdom),2020-01-09,5107,14719.92
Parcelly (United Kingdom),2020-01-10,4915,13601.912
Parcelly (United Kingdom),2020-01-11,504,967.983
Parcelly (United Kingdom),2020-01-12,961,2059.819
Parcelly (United Kingdom),2020-01-13,7550,21653.949
Parcelly (United Kingdom),2020-01-14,5546,15211.932
Parcelly (United Kingdom),2020-01-15,5316,14978.763
Parcelly (United Kingdom),2020-01-16,4591,12923.615
Parcelly (United Kingdom),2020-01-17,4519,11463.095
Parcelly (United Kingdom),2020-01-18,490,1103.299
Parcelly (United Kingdom),2020-01-19,892,1677.496
Parcelly (United Kingdom),2020-01-20,6897,20670.559
Parcelly (United Kingdom),2020-01-21,6377,18490.938
Parcelly (United Kingdom),2020-01-22,4755,13957.252
Parcelly (United Kingdom),2020-01-23,5019,15873.278
Parcelly (United Kingdom),2020-01-24,4776,14529.64
Parcelly (United Kingdom),2020-01-25,708,1195.93
Parcelly (United Kingdom),2020-01-26,848,1793.4569999999999
Parcelly (United Kingdom),2020-01-27,7004,20575.145
Parcelly (United Kingdom),2020-01-28,5924,16692.396
Parcelly (United Kingdom),2020-01-29,4929,14096.289
Parcelly (United Kingdom),2020-01-30,4552,14307.04
Parcelly (United Kingdom),2020-01-31,4903,13658.115
Parcelly (United Kingdom),2020-02-01,510,1202.804
Parcelly (United Kingdom),2020-02-02,829,2220.044
Parcelly (United Kingdom),2020-02-03,7861,22594.807
Parcelly (United Kingdom),2020-02-04,6464,19141.122
Parcelly (United Kingdom),2020-02-05,5058,14630.916
Parcelly (United Kingdom),2020-02-06,4692,13535.694
Parcelly (United Kingdom),2020-02-07,4266,12054.544
Parcelly (United Kingdom),2020-02-08,475,919.968
Parcelly (United Kingdom),2020-02-09,931,2114.216
Parcelly (United Kingdom),2020-02-10,7227,19750.893
Parcelly (United Kingdom),2020-02-11,6081,18078.696
Parcelly (United Kingdom),2020-02-12,4788,13099.785
Parcelly (United Kingdom),2020-02-13,4741,14276.462
Parcelly (United Kingdom),2020-02-14,4327,12285.86
Parcelly (United Kingdom),2020-02-15,749,1804.682
Parcelly (United Kingdom),2020-02-16,779,1740.186
Parcelly (United Kingdom),2020-02-17,7577,22568.77
Parcelly (United Kingdom),2020-02-18,6054,17653.794
Parcelly (United Kingdom),2020-02-19,5237,12515.219
Parcelly (United Kingdom),2020-02-20,5020,13458.425
Parcelly (United Kingdom),2020-02-21,4494,12547.031
Parcelly (United Kingdom),2020-02-22,622,1146.215
Parcelly (United Kingdom),2020-02-23,794,1386.673
Parcelly (United Kingdom),2020-02-24,6640,17922.945
Parcelly (United Kingdom),2020-02-25,5454,16208.424
Parcelly (United Kingdom),2020-02-26,5091,13501.188
Parcelly (United Kingdom),2020-02-27,5664,17682.325
Parcelly (United Kingdom),2020-02-28,4947,17949.644
Parcelly (United Kingdom),2020-02-29,548,1360.569
Parcelly (United Kingdom),2020-03-01,1014,2690.045
Parcelly (United Kingdom),2020-03-02,7657,22445.05
Parcelly (United Kingdom),2020-03-03,6358,19515.709
Parcelly (United Kingdom),2020-03-04,6071,16154.256
Parcelly (United Kingdom),2020-03-05,5463,16064.107
Parcelly (United Kingdom),2020-03-06,5226,15357.831
Parcelly (United Kingdom),2020-03-07,618,1220.125
Parcelly (United Kingdom),2020-03-08,934,2486.461
Parcelly (United Kingdom),2020-03-09,8068,23948.067
Parcelly (United Kingdom),2020-03-10,6200,17004.573
Parcelly (United Kingdom),2020-03-11,5325,15508.089
Parcelly (United Kingdom),2020-03-12,5723,17115.558
Parcelly (United Kingdom),2020-03-13,4974,16297.503
Parcelly (United Kingdom),2020-03-14,618,1083.691
Parcelly (United Kingdom),2020-03-15,944,1887.021
Parcelly (United Kingdom),2020-03-16,7187,25767.357
Parcelly (United Kingdom),2020-03-17,5640,19270.302
Parcelly (United Kingdom),2020-03-18,4924,15047.327
Parcelly (United Kingdom),2020-03-19,5537,16980.240999999998
Parcelly (United Kingdom),2020-03-20,4920,16650.766
Parcelly (United Kingdom),2020-03-21,478,755.419
Parcelly (United Kingdom),2020-03-22,979,2716.278
Parcelly (United Kingdom),2020-03-23,7104,23081.998
Parcelly (United Kingdom),2020-03-24,7087,22429.368
Parcelly (United Kingdom),2020-03-25,5543,16794.915
Parcelly (United Kingdom),2020-03-26,6489,20907.586
Parcelly (United Kingdom),2020-03-27,5268,14889.416
Parcelly (United Kingdom),2020-03-28,664,1811.559
Parcelly (United Kingdom),2020-03-29,1139,2189.986
Parcelly (United Kingdom),2020-03-30,7194,20357.377
Parcelly (United Kingdom),2020-03-31,8231,25950.502
Parcelly (United Kingdom),2020-04-01,6351,17648.043
Parcelly (United Kingdom),2020-04-02,6314,18633.869
Parcelly (United Kingdom),2020-04-03,6387,19460.965
Parcelly (United Kingdom),2020-04-04,1095,3616.245
Parcelly (United Kingdom),2020-04-05,1683,4564.662
Parcelly (United Kingdom),2020-04-06,8288,21395.024
Parcelly (United Kingdom),2020-04-07,9805,29151.79
Parcelly (United Kingdom),2020-04-08,8414,22656.625
Parcelly (United Kingdom),2020-04-09,7322,18526.14
Parcelly (United Kingdom),2020-04-10,6065,20125.682
Parcelly (United Kingdom),2020-04-11,856,1348.917
Parcelly (United Kingdom),2020-04-12,197,166.12
Parcelly (United Kingdom),2020-04-13,3239,6221.347
Parcelly (United Kingdom),2020-04-14,8397,22911.954
Parcelly (United Kingdom),2020-04-15,8553,22644.697
Parcelly (United Kingdom),2020-04-16,8286,23938.975
Parcelly (United Kingdom),2020-04-17,7680,22306.74
Parcelly (United Kingdom),2020-04-18,1144,4206.558
Parcelly (United Kingdom),2020-04-19,2387,5641.443
Parcelly (United Kingdom),2020-04-20,8101,21848.076
Parcelly (United Kingdom),2020-04-21,9432,27361.101
Parcelly (United Kingdom),2020-04-22,8078,25773.781
Parcelly (United Kingdom),2020-04-23,6805,19721.771
Parcelly (United Kingdom),2020-04-24,6557,20277.998
Parcelly (United Kingdom),2020-04-25,780,2130.346
Parcelly (United Kingdom),2020-04-26,1771,5004.705
Parcelly (United Kingdom),2020-04-27,2666,10641.512
Parcelly (United Kingdom),2020-04-28,8892,23566.347
Parcelly (United Kingdom),2020-04-29,7818,21100.097
Parcelly (United Kingdom),2020-04-30,8363,24780.194
Parcelly (United Kingdom),2020-05-01,7234,20217.278
Parcelly (United Kingdom),2020-05-02,1413,4529.728
Parcelly (United Kingdom),2020-05-03,2942,10704.942
Parcelly (United Kingdom),2020-05-04,8625,23016.811
Parcelly (United Kingdom),2020-05-05,2964,6517.038
Parcelly (United Kingdom),2020-05-06,7518,21850.246
Parcelly (United Kingdom),2020-05-07,9132,23393.218
Parcelly (United Kingdom),2020-05-08,7971,20975.28
Parcelly (United Kingdom),2020-05-09,1094,4216.01
Parcelly (United Kingdom),2020-05-10,2357,6562.758
Parcelly (United Kingdom),2020-05-11,8495,24912.543
Parcelly (United Kingdom),2020-05-12,8576,23868.275
Parcelly (United Kingdom),2020-05-13,7609,19849.871
Parcelly (United Kingdom),2020-05-14,7062,21204.834
Parcelly (United Kingdom),2020-05-15,5795,17192.831
Parcelly (United Kingdom),2020-05-16,731,1726.812
Parcelly (United Kingdom),2020-05-17,1813,5704.281
Parcelly (United Kingdom),2020-05-18,8444,22580.169
Parcelly (United Kingdom),2020-05-19,8316,22179.128
Parcelly (United Kingdom),2020-05-20,6716,18276.018
Parcelly (United Kingdom),2020-05-21,1481,2434.332
Parcelly (United Kingdom),2020-05-22,5937,15408.872
Parcelly (United Kingdom),2020-05-23,1146,3338.247
Parcelly (United Kingdom),2020-05-24,2559,7249.143
Parcelly (United Kingdom),2020-05-25,6488,19111.225
Parcelly (United Kingdom),2020-05-26,6093,15963.072
Parcelly (United Kingdom),2020-05-27,7619,21380.007
Parcelly (United Kingdom),2020-05-28,6944,18901.405
Parcelly (United Kingdom),2020-05-29,6845,18539.045
Parcelly (United Kingdom),2020-05-30,1164,2994.732
Parcelly (United Kingdom),2020-05-31,152,118.201
Parcelly (United Kingdom),2020-06-01,3615,10283.355
Parcelly (United Kingdom),2020-06-02,8135,22862.633
Parcelly (United Kingdom),2020-06-03,7792,20257.19
Parcelly (United Kingdom),2020-06-04,7944,21569.782
Parcelly (United Kingdom),2020-06-05,7254,18891.853
Parcelly (United Kingdom),2020-06-06,1146,2854.507
Parcelly (United Kingdom),2020-06-07,1945,4807.019
Parcelly (United Kingdom),2020-06-08,9050,26348.618
Parcelly (United Kingdom),2020-06-09,7916,20997.341
Parcelly (United Kingdom),2020-06-10,6919,18477.954
Parcelly (United Kingdom),2020-06-11,5990,16059.451
Parcelly (United Kingdom),2020-06-12,5592,15616.678
Parcelly (United Kingdom),2020-06-13,613,1624.353
Parcelly (United Kingdom),2020-06-14,1341,3793.793
Parcelly (United Kingdom),2020-06-15,8541,24894.808
Parcelly (United Kingdom),2020-06-16,7812,23696.684
Parcelly (United Kingdom),2020-06-17,6250,17326.089
Parcelly (United Kingdom),2020-06-18,6389,17198.596
Parcelly (United Kingdom),2020-06-19,5327,15615.81
Parcelly (United Kingdom),2020-06-20,657,1657.357
Parcelly (United Kingdom),2020-06-21,1510,4475.47
Parcelly (United Kingdom),2020-06-22,8245,20177.912
Parcelly (United Kingdom),2020-06-23,6715,19659.298
Parcelly (United Kingdom),2020-06-24,5809,15873.222
Parcelly (United Kingdom),2020-06-25,5362,15334.476
Parcelly (United Kingdom),2020-06-26,5005,14663.357
Parcelly (United Kingdom),2020-06-27,666,1412.838
Parcelly (United Kingdom),2020-06-28,1063,2519.38
Parcelly (United Kingdom),2020-06-29,7470,20976.954
Parcelly (United Kingdom),2020-06-30,7238,19880.746
Parcelly (United Kingdom),2020-07-01,6572,16578.289
Parcelly (United Kingdom),2020-07-02,6065,16446.574
Parcelly (United Kingdom),2020-07-03,5782,16477.26
Parcelly (United Kingdom),2020-07-04,581,1370.585
Parcelly (United Kingdom),2020-07-05,1050,2227.841
Parcelly (United Kingdom),2020-07-06,8179,20835.159
Parcelly (United Kingdom),2020-07-07,7350,21851.644
Parcelly (United Kingdom),2020-07-08,6025,15016.241
Parcelly (United Kingdom),2020-07-09,5885,16823.333
Parcelly (United Kingdom),2020-07-10,5461,14053.061
Parcelly (United Kingdom),2020-07-11,674,1267.167
Parcelly (United Kingdom),2020-07-12,1194,2644.493
Parcelly (United Kingdom),2020-07-13,8527,24578.053
Parcelly (United Kingdom),2020-07-14,6561,19150.492
Parcelly (United Kingdom),2020-07-15,5612,13925.93
Parcelly (United Kingdom),2020-07-16,5403,15225.203
Parcelly (United Kingdom),2020-07-17,5377,14342.998
Parcelly (United Kingdom),2020-07-18,482,822.123
Parcelly (United Kingdom),2020-07-19,1062,2994.048
Parcelly (United Kingdom),2020-07-20,8266,23500.989
Parcelly (United Kingdom),2020-07-21,6271,18316.753
Parcelly (United Kingdom),2020-07-22,5528,14002.539
Parcelly (United Kingdom),2020-07-23,5277,16190.514
Parcelly (United Kingdom),2020-07-24,4965,14902.882
Parcelly (United Kingdom),2020-07-25,769,1433.749
Parcelly (United Kingdom),2020-07-26,991,2364.504
Parcelly (United Kingdom),2020-07-27,7563,20746.462
Parcelly (United Kingdom),2020-07-28,6530,20690.671
Parcelly (United Kingdom),2020-07-29,5620,16789.972
Parcelly (United Kingdom),2020-07-30,5193,16111.956
Parcelly (United Kingdom),2020-07-31,4918,15718.48
Parcelly (United Kingdom),2020-08-01,576,1400.584
Parcelly (United Kingdom),2020-08-02,1296,3157.021
Parcelly (United Kingdom),2020-08-03,7827,23298.045
Parcelly (United Kingdom),2020-08-04,6588,19498.418
Parcelly (United Kingdom),2020-08-05,5771,16229.384
Parcelly (United Kingdom),2020-08-06,5270,15159.383
Parcelly (United Kingdom),2020-08-07,4469,13698.163
Parcelly (United Kingdom),2020-08-08,767,1441.039
Parcelly (United Kingdom),2020-08-09,1178,3300.501
Parcelly (United Kingdom),2020-08-10,7254,21965.88
Parcelly (United Kingdom),2020-08-11,6253,18028.409
Parcelly (United Kingdom),2020-08-12,5509,14636.704
Parcelly (United Kingdom),2020-08-13,4997,15801.996
Parcelly (United Kingdom),2020-08-14,4847,13168.642
Parcelly (United Kingdom),2020-08-15,564,1141.244
Parcelly (United Kingdom),2020-08-16,1004,3083.028
Parcelly (United Kingdom),2020-08-17,7513,20827.276
Parcelly (United Kingdom),2020-08-18,6467,19961.537
Parcelly (United Kingdom),2020-08-19,5594,16118.055
Parcelly (United Kingdom),2020-08-20,5546,15810.126
Parcelly (United Kingdom),2020-08-21,6301,19640.36
Parcelly (United Kingdom),2020-08-22,601,1260.656
Parcelly (United Kingdom),2020-08-23,1189,2439.763
Parcelly (United Kingdom),2020-08-24,5806,17546.95
Parcelly (United Kingdom),2020-08-25,8667,25425.736
Parcelly (United Kingdom),2020-08-26,6557,19702.489
Parcelly (United Kingdom),2020-08-27,6625,19664.555
Parcelly (United Kingdom),2020-08-28,7092,21097.238
Parcelly (United Kingdom),2020-08-29,763,1818.939
Parcelly (United Kingdom),2020-08-30,1105,1909.134
Parcelly (United Kingdom),2020-08-31,8290,26499.151
Parcelly (United Kingdom),2020-09-01,6595,19133.639
Parcelly (United Kingdom),2020-09-02,6030,17784.869
Parcelly (United Kingdom),2020-09-03,1125,2490.369
Parcelly (United Kingdom),2020-09-04,414,866.853
Parcelly (United Kingdom),2020-09-05,67,74.636
Parcelly (United Kingdom),2020-09-06,1337,3506.069
Parcelly (United Kingdom),2020-09-07,7717,23095.497
Parcelly (United Kingdom),2020-09-08,7784,23520.63
Parcelly (United Kingdom),2020-09-09,6477,17628.577
Parcelly (United Kingdom),2020-09-10,6290,18042.527
Parcelly (United Kingdom),2020-09-11,5840,17305.84
Parcelly (United Kingdom),2020-09-12,854,1496.172
Parcelly (United Kingdom),2020-09-13,1487,3263.004
Parcelly (United Kingdom),2020-09-14,8072,24904.484
Parcelly (United Kingdom),2020-09-15,6920,19288.85
Parcelly (United Kingdom),2020-09-16,5973,19129.141
Parcelly (United Kingdom),2020-09-17,5784,17287.715
Parcelly (United Kingdom),2020-09-18,5847,17294.969
Parcelly (United Kingdom),2020-09-19,2142,2993.02
Parcelly (United Kingdom),2020-09-20,3222,5756.104
Parcelly (United Kingdom),2020-09-21,8638,25944.341
Parcelly (United Kingdom),2020-09-22,6858,21666.566
Parcelly (United Kingdom),2020-09-23,6431,18274.891
Parcelly (United Kingdom),2020-09-24,6336,18039.587
Parcelly (United Kingdom),2020-09-25,6036,21392.868
Parcelly (United Kingdom),2020-09-26,1216,2374.328
Parcelly (United Kingdom),2020-09-27,1662,2909.877
Parcelly (United Kingdom),2020-09-28,9036,25785.497
Parcelly (United Kingdom),2020-09-29,8867,26983.429
Parcelly (United Kingdom),2020-09-30,7162,22665.684
Parcelly (United Kingdom),2020-10-01,6704,20455.265
Parcelly (United Kingdom),2020-10-02,7503,17169.294
Parcelly (United Kingdom),2020-10-03,1711,2626.838
Parcelly (United Kingdom),2020-10-04,3196,4941.483
Parcelly (United Kingdom),2020-10-05,9705,26431.385
Parcelly (United Kingdom),2020-10-06,8499,24260.744
Parcelly (United Kingdom),2020-10-07,7596,22021.193
Parcelly (United Kingdom),2020-10-08,6752,21912.881
Parcelly (United Kingdom),2020-10-09,5896,18475.005
Parcelly (United Kingdom),2020-10-10,863,1464.913
Parcelly (United Kingdom),2020-10-11,1169,3038.902
Parcelly (United Kingdom),2020-10-12,8786,28256.656
Parcelly (United Kingdom),2020-10-13,8630,26046.09
Parcelly (United Kingdom),2020-10-14,7091,22695.062
Parcelly (United Kingdom),2020-10-15,6790,22531.575
Parcelly (United Kingdom),2020-10-16,6134,20138.6
Parcelly (United Kingdom),2020-10-17,937,2651.276
Parcelly (United Kingdom),2020-10-18,1424,4199.795
Parcelly (United Kingdom),2020-10-19,9360,29206.288
Parcelly (United Kingdom),2020-10-20,7954,24818.018
Parcelly (United Kingdom),2020-10-21,6241,20381.369
Parcelly (United Kingdom),2020-10-22,7163,23926.743
Parcelly (United Kingdom),2020-10-23,5730,18246.26
Parcelly (United Kingdom),2020-10-24,1041,2328.738
Parcelly (United Kingdom),2020-10-25,1545,5238.271
Parcelly (United Kingdom),2020-10-26,8748,25991.168
Parcelly (United Kingdom),2020-10-27,8331,26167.02
Parcelly (United Kingdom),2020-10-28,6647,20662.394
Parcelly (United Kingdom),2020-10-29,6965,24848.668
Parcelly (United Kingdom),2020-10-30,6248,19912.875
Parcelly (United Kingdom),2020-10-31,934,2009.47
Parcelly (United Kingdom),2020-11-01,1824,6747.009
Parcelly (United Kingdom),2020-11-02,8277,24371.966
Parcelly (United Kingdom),2020-11-03,8295,25820.091
Parcelly (United Kingdom),2020-11-04,8189,23285.538
Parcelly (United Kingdom),2020-11-05,8101,21572.448
Parcelly (United Kingdom),2020-11-06,6556,18272.463
Parcelly (United Kingdom),2020-11-07,765,1472.815
Parcelly (United Kingdom),2020-11-08,1677,5436.597
Parcelly (United Kingdom),2020-11-09,8555,24479.818
Parcelly (United Kingdom),2020-11-10,9355,28050.688
Parcelly (United Kingdom),2020-11-11,7952,23063.678
Parcelly (United Kingdom),2020-11-12,8020,26360.794
Parcelly (United Kingdom),2020-11-13,7510,20908.995
Parcelly (United Kingdom),2020-11-14,1024,1772.682
Parcelly (United Kingdom),2020-11-15,2336,9664.185
Parcelly (United Kingdom),2020-11-16,9144,26650.871
Parcelly (United Kingdom),2020-11-17,9024,26614.093
Parcelly (United Kingdom),2020-11-18,8076,24062.799
Parcelly (United Kingdom),2020-11-19,8429,24547.181
Parcelly (United Kingdom),2020-11-20,7233,22300.063
Parcelly (United Kingdom),2020-11-21,971,2385.472
Parcelly (United Kingdom),2020-11-22,3516,11651.044
Parcelly (United Kingdom),2020-11-23,9745,28988.149
Parcelly (United Kingdom),2020-11-24,9317,24580.855
Parcelly (United Kingdom),2020-11-25,8263,22219.579
Parcelly (United Kingdom),2020-11-26,8970,26223.941
Parcelly (United Kingdom),2020-11-27,11471,32487.027
Parcelly (United Kingdom),2020-11-28,1537,3707.489
Parcelly (United Kingdom),2020-11-29,4786,17299.917
Parcelly (United Kingdom),2020-11-30,11381,29022.235
Parcelly (United Kingdom),2020-12-01,12486,32783.868
Parcelly (United Kingdom),2020-12-02,11217,24382.665
Parcelly (United Kingdom),2020-12-03,10430,26465.154
Parcelly (United Kingdom),2020-12-04,10447,30626.554
Parcelly (United Kingdom),2020-12-05,1716,3849.825
Parcelly (United Kingdom),2020-12-06,5825,20589.183
Parcelly (United Kingdom),2020-12-07,10568,28241.976
Parcelly (United Kingdom),2020-12-08,13335,41027.165
Parcelly (United Kingdom),2020-12-09,11617,31980.439
Parcelly (United Kingdom),2020-12-10,11264,32726.485
Parcelly (United Kingdom),2020-12-11,10311,31357.785
Parcelly (United Kingdom),2020-12-12,1628,3745.24
Parcelly (United Kingdom),2020-12-13,5605,20402.049
Parcelly (United Kingdom),2020-12-14,12454,33909.042
Parcelly (United Kingdom),2020-12-15,12735,32586.098
Parcelly (United Kingdom),2020-12-16,12046,30257.099
Parcelly (United Kingdom),2020-12-17,9449,25081.452
Parcelly (United Kingdom),2020-12-18,8274,23598.454
Parcelly (United Kingdom),2020-12-19,1583,4647.064
Parcelly (United Kingdom),2020-12-20,3640,12627.161
Parcelly (United Kingdom),2020-12-21,7580,23358.807
Parcelly (United Kingdom),2020-12-22,7667,23689.682
Parcelly (United Kingdom),2020-12-23,6473,18761.168
Parcelly (United Kingdom),2020-12-24,5167,15975.312
Parcelly (United Kingdom),2020-12-25,89,142.893
Parcelly (United Kingdom),2020-12-26,229,308.568
Parcelly (United Kingdom),2020-12-27,1959,8440.117
Parcelly (United Kingdom),2020-12-28,7447,22319.792
Parcelly (United Kingdom),2020-12-29,7928,23638.796
Parcelly (United Kingdom),2020-12-30,7550,23654.157
Parcelly (United Kingdom),2020-12-31,4109,12362.848
Parcelly (United Kingdom),2021-01-01,469,1295.661
Parcelly (United Kingdom),2021-01-02,529,647.175
Parcelly (United Kingdom),2021-01-03,2019,5321.332
Parcelly (United Kingdom),2021-01-04,9251,28109.565
Parcelly (United Kingdom),2021-01-05,8727,25018.854
Parcelly (United Kingdom),2021-01-06,7717,21504.602
Parcelly (United Kingdom),2021-01-07,7657,22439.725
Parcelly (United Kingdom),2021-01-08,6806,22004.455
Parcelly (United Kingdom),2021-01-09,856,2165.871
Parcelly (United Kingdom),2021-01-10,1488,5319.565
Parcelly (United Kingdom),2021-01-11,7714,24485.694
Parcelly (United Kingdom),2021-01-12,8251,25923.701
Parcelly (United Kingdom),2021-01-13,6986,19511.168
Parcelly (United Kingdom),2021-01-14,6308,20638.001
Parcelly (United Kingdom),2021-01-15,7117,22269.987
Parcelly (United Kingdom),2021-01-16,982,2309.927
Parcelly (United Kingdom),2021-01-17,1675,4939.442
Parcelly (United Kingdom),2021-01-18,8858,25090.367
Parcelly (United Kingdom),2021-01-19,9008,23897.47
Parcelly (United Kingdom),2021-01-20,7264,20878.243
Parcelly (United Kingdom),2021-01-21,7624,24138.758
Parcelly (United Kingdom),2021-01-22,7210,22653.314
Parcelly (United Kingdom),2021-01-23,1110,2889.607
Parcelly (United Kingdom),2021-01-24,2028,6244.04
Parcelly (United Kingdom),2021-01-25,9160,27875.673
Parcelly (United Kingdom),2021-01-26,8758,27528.12
Parcelly (United Kingdom),2021-01-27,8559,25269.567
Parcelly (United Kingdom),2021-01-28,7750,23722.423
Parcelly (United Kingdom),2021-01-29,7999,24407.764
Parcelly (United Kingdom),2021-01-30,1134,2609.09
Parcelly (United Kingdom),2021-01-31,1787,6436.002
Parcelly (United Kingdom),2021-02-01,8637,27109.218
Parcelly (United Kingdom),2021-02-02,10892,29330.186
Parcelly (United Kingdom),2021-02-03,9109,24638.658
Parcelly (United Kingdom),2021-02-04,8725,24371.171
Parcelly (United Kingdom),2021-02-05,7373,23141.254
Parcelly (United Kingdom),2021-02-06,1005,2339.355
Parcelly (United Kingdom),2021-02-07,343,953.712
Parcelly (United Kingdom),2021-02-08,5010,15289.955
Parcelly (United Kingdom),2021-02-09,7349,18006.936
Parcelly (United Kingdom),2021-02-10,8093,20659.887
Parcelly (United Kingdom),2021-02-11,8367,25858.551
Parcelly (United Kingdom),2021-02-12,8946,24967.502
Parcelly (United Kingdom),2021-02-13,1188,3679.5
Parcelly (United Kingdom),2021-02-14,2254,7357.577
Parcelly (United Kingdom),2021-02-15,9158,29470.894
Parcelly (United Kingdom),2021-02-16,9968,27314.429
Parcelly (United Kingdom),2021-02-17,8522,25557.158
Parcelly (United Kingdom),2021-02-18,7978,26713.595
Parcelly (United Kingdom),2021-02-19,7835,23943.273
Parcelly (United Kingdom),2021-02-20,970,2958.157
Parcelly (United Kingdom),2021-02-21,3012,10648.184
Parcelly (United Kingdom),2021-02-22,10295,31234.939
Parcelly (United Kingdom),2021-02-23,9644,30620.577
Parcelly (United Kingdom),2021-02-24,8779,25738.097
Parcelly (United Kingdom),2021-02-25,8136,25817.136
Parcelly (United Kingdom),2021-02-26,7885,25927.667
Parcelly (United Kingdom),2021-02-27,1162,2175.42
Parcelly (United Kingdom),2021-02-28,2329,6548.76
Parcelly (United Kingdom),2021-03-01,10513,32122.108
Parcelly (United Kingdom),2021-03-02,10121,29031.442
Parcelly (United Kingdom),2021-03-03,9244,26417.1
Parcelly (United Kingdom),2021-03-04,9431,29903.526
Parcelly (United Kingdom),2021-03-05,8334,25277.298
Parcelly (United Kingdom),2021-03-06,1031,2233.145
Parcelly (United Kingdom),2021-03-07,2367,8535.002
Parcelly (United Kingdom),2021-03-08,10134,33227.901
Parcelly (United Kingdom),2021-03-09,10183,31134.038
Parcelly (United Kingdom),2021-03-10,8331,27488.308
Parcelly (United Kingdom),2021-03-11,8263,24758.68
Parcelly (United Kingdom),2021-03-12,7571,23910.822
Parcelly (United Kingdom),2021-03-13,837,1995.656
Parcelly (United Kingdom),2021-03-14,2414,7300.009
Parcelly (United Kingdom),2021-03-15,10636,31631.728
Parcelly (United Kingdom),2021-03-16,10473,33255.491
Parcelly (United Kingdom),2021-03-17,8285,24832.261
Parcelly (United Kingdom),2021-03-18,7527,23911.843
Parcelly (United Kingdom),2021-03-19,7135,22269.932
Parcelly (United Kingdom),2021-03-20,820,1816.776
Parcelly (United Kingdom),2021-03-21,2605,7344.772
Parcelly (United Kingdom),2021-03-22,10705,31474.344
Parcelly (United Kingdom),2021-03-23,10047,35204.463
Parcelly (United Kingdom),2021-03-24,9047,28876.161
Parcelly (United Kingdom),2021-03-25,7782,26567.209
Parcelly (United Kingdom),2021-03-26,8003,25498.833
Parcelly (United Kingdom),2021-03-27,1138,3126.603
Parcelly (United Kingdom),2021-03-28,2747,8289.794
Parcelly (United Kingdom),2021-03-29,10758,34725.206
Parcelly (United Kingdom),2021-03-30,11401,32865.137
Parcelly (United Kingdom),2021-03-31,8997,26005.771
Parcelly (United Kingdom),2021-04-01,8246,26568.016
Parcelly (United Kingdom),2021-04-02,7497,23937.889
Parcelly (United Kingdom),2021-04-03,1189,2421.297
Parcelly (United Kingdom),2021-04-04,1384,5006.389
Parcelly (United Kingdom),2021-04-05,3188,10218.295
Parcelly (United Kingdom),2021-04-06,10902,32713.016
Parcelly (United Kingdom),2021-04-07,10711,30888.704
Parcelly (United Kingdom),2021-04-08,10370,30463.847
Parcelly (United Kingdom),2021-04-09,9277,30100.671
Parcelly (United Kingdom),2021-04-10,1174,3263.401
Parcelly (United Kingdom),2021-04-11,2456,8764.938
Parcelly (United Kingdom),2021-04-12,10970,33005.842
Parcelly (United Kingdom),2021-04-13,10584,29453.046
Parcelly (United Kingdom),2021-04-14,9416,27909.058
Parcelly (United Kingdom),2021-04-15,9252,29013.004
Parcelly (United Kingdom),2021-04-16,8298,25428.936
Parcelly (United Kingdom),2021-04-17,1216,2706.586
Parcelly (United Kingdom),2021-04-18,2462,8491.991
Parcelly (United Kingdom),2021-04-19,10428,32742.913
Parcelly (United Kingdom),2021-04-20,11022,32070.624
Parcelly (United Kingdom),2021-04-21,8083,26835.877
Parcelly (United Kingdom),2021-04-22,8029,22500.845
Parcelly (United Kingdom),2021-04-23,7340,22583.985
Parcelly (United Kingdom),2021-04-24,1095,1772.841
Parcelly (United Kingdom),2021-04-25,2369,9786.971
Parcelly (United Kingdom),2021-04-26,10752,33016.294
Parcelly (United Kingdom),2021-04-27,3104,6127.959
Parcelly (United Kingdom),2021-04-28,9379,32435.662
Parcelly (United Kingdom),2021-04-29,10163,31578.464
Parcelly (United Kingdom),2021-04-30,9360,28516.201
Parcelly (United Kingdom),2021-05-01,1967,4457.343
Parcelly (United Kingdom),2021-05-02,3355,9660.05
Parcelly (United Kingdom),2021-05-03,12637,43038.775
Parcelly (United Kingdom),2021-05-04,12217,36435.681
Parcelly (United Kingdom),2021-05-05,10557,31403.609
Parcelly (United Kingdom),2021-05-06,8991,27453.446
Parcelly (United Kingdom),2021-05-07,8823,27237.244
Parcelly (United Kingdom),2021-05-08,1072,1949.079
Parcelly (United Kingdom),2021-05-09,2349,7993.508
Parcelly (United Kingdom),2021-05-10,11436,38632.668
Parcelly (United Kingdom),2021-05-11,11076,28723.052
Parcelly (United Kingdom),2021-05-12,9161,26902.832
Parcelly (United Kingdom),2021-05-13,1816,2267.781
Parcelly (United Kingdom),2021-05-14,9782,30376.234
Parcelly (United Kingdom),2021-05-15,1873,3113.496
Parcelly (United Kingdom),2021-05-16,3010,9899.79
Parcelly (United Kingdom),2021-05-17,13346,36230.605
Parcelly (United Kingdom),2021-05-18,11662,33269.431
Parcelly (United Kingdom),2021-05-19,8995,26005.451
Parcelly (United Kingdom),2021-05-20,7725,24927.838
Parcelly (United Kingdom),2021-05-21,8090,23499.191
Parcelly (United Kingdom),2021-05-22,1121,2999.221
Parcelly (United Kingdom),2021-05-23,1981,7574.699
Parcelly (United Kingdom),2021-05-24,3309,10622.297
Parcelly (United Kingdom),2021-05-25,12404,34533.798
Parcelly (United Kingdom),2021-05-26,10721,30878.977
Parcelly (United Kingdom),2021-05-27,9807,34645.384
Parcelly (United Kingdom),2021-05-28,8994,29207.101
Parcelly (United Kingdom),2021-05-29,1483,5122.968
Parcelly (United Kingdom),2021-05-30,3221,10628.719000000001
Parcelly (United Kingdom),2021-05-31,10149,33405.594
Parcelly (United Kingdom),2021-06-01,10328,33152.633
Parcelly (United Kingdom),2021-06-02,8544,27258.942
Parcelly (United Kingdom),2021-06-03,8276,27692.13
Parcelly (United Kingdom),2021-06-04,8070,25133.122
Parcelly (United Kingdom),2021-06-05,1638,3223.362
Parcelly (United Kingdom),2021-06-06,1907,5769.107
Parcelly (United Kingdom),2021-06-07,10450,33394.55
Parcelly (United Kingdom),2021-06-08,10418,32210.936
Parcelly (United Kingdom),2021-06-09,8823,26009.678
Parcelly (United Kingdom),2021-06-10,7203,22203.667
Parcelly (United Kingdom),2021-06-11,7869,24745.984
Parcelly (United Kingdom),2021-06-12,1061,2934.776
Parcelly (United Kingdom),2021-06-13,2003,7926.173
Parcelly (United Kingdom),2021-06-14,11749,33449.953
Parcelly (United Kingdom),2021-06-15,9903,28036.499
Parcelly (United Kingdom),2021-06-16,8209,24952.784
Parcelly (United Kingdom),2021-06-17,7834,24691.489
Parcelly (United Kingdom),2021-06-18,8036,24828.096
Parcelly (United Kingdom),2021-06-19,1069,3745.67
Parcelly (United Kingdom),2021-06-20,1719,5231.44
Parcelly (United Kingdom),2021-06-21,11782,37744.069
Parcelly (United Kingdom),2021-06-22,11137,30105.275
Parcelly (United Kingdom),2021-06-23,9046,26146.054
Parcelly (United Kingdom),2021-06-24,7170,21596.11
Parcelly (United Kingdom),2021-06-25,7088,22329.559
Parcelly (United Kingdom),2021-06-26,919,3184.11
Parcelly (United Kingdom),2021-06-27,1691,4890.938
Parcelly (United Kingdom),2021-06-28,10955,32008.954
Parcelly (United Kingdom),2021-06-29,9548,29544.829
Parcelly (United Kingdom),2021-06-30,8017,26228.89
Parcelly (United Kingdom),2021-07-01,8299,24391.061
Parcelly (United Kingdom),2021-07-02,9448,23595.247
Parcelly (United Kingdom),2021-07-03,1125,2233.611
Parcelly (United Kingdom),2021-07-04,2000,5422.035
Parcelly (United Kingdom),2021-07-05,11206,30638.43
Parcelly (United Kingdom),2021-07-06,9608,27366.242
Parcelly (United Kingdom),2021-07-07,8492,23713.392
Parcelly (United Kingdom),2021-07-08,7984,23250.379
Parcelly (United Kingdom),2021-07-09,8104,23550.637
Parcelly (United Kingdom),2021-07-10,1090,2201.03
Parcelly (United Kingdom),2021-07-11,2207,5967.07
Parcelly (United Kingdom),2021-07-12,10998,29764.003
Parcelly (United Kingdom),2021-07-13,8905,28719.258
Parcelly (United Kingdom),2021-07-14,8113,23068.478
Parcelly (United Kingdom),2021-07-15,8108,23003.98
Parcelly (United Kingdom),2021-07-16,7866,23777.869
Parcelly (United Kingdom),2021-07-17,967,2499.789
Parcelly (United Kingdom),2021-07-18,2106,5566.575
Parcelly (United Kingdom),2021-07-19,10426,31464.962
Parcelly (United Kingdom),2021-07-20,9094,28522.309
Parcelly (United Kingdom),2021-07-21,6838,19819.037
Parcelly (United Kingdom),2021-07-22,6710,20058.245
Parcelly (United Kingdom),2021-07-23,6449,20594.835
Parcelly (United Kingdom),2021-07-24,1012,2533.455
Parcelly (United Kingdom),2021-07-25,1819,4356.893
Parcelly (United Kingdom),2021-07-26,10136,29453.074
Parcelly (United Kingdom),2021-07-27,8771,23398.023
Parcelly (United Kingdom),2021-07-28,8245,21370.5
Parcelly (United Kingdom),2021-07-29,6957,20023.522
Parcelly (United Kingdom),2021-07-30,6369,18948.291
Parcelly (United Kingdom),2021-07-31,911,2150.7309999999998
Parcelly (United Kingdom),2021-08-01,2002,5447.863
Parcelly (United Kingdom),2021-08-02,10120,26924.607
Parcelly (United Kingdom),2021-08-03,9003,25303.358
Parcelly (United Kingdom),2021-08-04,7387,22638.31
Parcelly (United Kingdom),2021-08-05,7181,20157.449
Parcelly (United Kingdom),2021-08-06,7563,24747.552
Parcelly (United Kingdom),2021-08-07,1040,2448.113
Parcelly (United Kingdom),2021-08-08,2037,4575.524
Parcelly (United Kingdom),2021-08-09,11377,38005.486
Parcelly (United Kingdom),2021-08-10,9298,30904.784
Parcelly (United Kingdom),2021-08-11,8029,24878.902000000002
Parcelly (United Kingdom),2021-08-12,14518,25033.43
Parcelly (United Kingdom),2021-08-13,6686,19887.737
Parcelly (United Kingdom),2021-08-14,784,1914.842
Parcelly (United Kingdom),2021-08-15,1496,4795.775
Parcelly (United Kingdom),2021-08-16,10508,32253.473
Parcelly (United Kingdom),2021-08-17,8450,23870.769
Parcelly (United Kingdom),2021-08-18,7852,22948.482
Parcelly (United Kingdom),2021-08-19,7499,24173.54
Parcelly (United Kingdom),2021-08-20,6465,21499.4
Parcelly (United Kingdom),2021-08-21,1219,2912.5389999999998
Parcelly (United Kingdom),2021-08-22,1834,5150.0960000000005
Parcelly (United Kingdom),2021-08-23,10129,31187.572
Parcelly (United Kingdom),2021-08-24,8178,23517.929
Parcelly (United Kingdom),2021-08-25,7200,21628.575
Parcelly (United Kingdom),2021-08-26,6706,20284.206
Parcelly (United Kingdom),2021-08-27,7442,21133.806
Parcelly (United Kingdom),2021-08-28,1198,2082.253
Parcelly (United Kingdom),2021-08-29,1982,5742.765
Parcelly (United Kingdom),2021-08-30,10791,31164.078
Parcelly (United Kingdom),2021-08-31,9736,29427.984
Parcelly (United Kingdom),2021-09-01,10005,28257.635
Parcelly (United Kingdom),2021-09-02,7633,25552.156
Parcelly (United Kingdom),2021-09-03,7965,25139.343
Parcelly (United Kingdom),2021-09-04,2027,5424.252
Parcelly (United Kingdom),2021-09-05,1989,5929.854
Parcelly (United Kingdom),2021-09-06,10169,30631.035
Parcelly (United Kingdom),2021-09-07,8896,27286.245
Parcelly (United Kingdom),2021-09-08,7540,22867.882
Parcelly (United Kingdom),2021-09-09,7797,22865.46
Parcelly (United Kingdom),2021-09-10,7349,20522.096
Parcelly (United Kingdom),2021-09-11,1160,3934.659
Parcelly (United Kingdom),2021-09-12,1783,4599.786
Parcelly (United Kingdom),2021-09-13,10388,29898.327
Parcelly (United Kingdom),2021-09-14,9414,27528.344
Parcelly (United Kingdom),2021-09-15,9215,27981.122
Parcelly (United Kingdom),2021-09-16,7319,20503.122
Parcelly (United Kingdom),2021-09-17,7080,20391.502
Parcelly (United Kingdom),2021-09-18,1166,2703.5480000000002
Parcelly (United Kingdom),2021-09-19,1955,5605.745
Parcelly (United Kingdom),2021-09-20,10633,31410.93
Parcelly (United Kingdom),2021-09-21,8349,24505.546
Parcelly (United Kingdom),2021-09-22,7822,22206.364
Parcelly (United Kingdom),2021-09-23,8315,22812.827
Parcelly (United Kingdom),2021-09-24,7431,20736.006
Parcelly (United Kingdom),2021-09-25,1292,3588.986
Parcelly (United Kingdom),2021-09-26,2426,5409.951
Parcelly (United Kingdom),2021-09-27,9874,30293.818
Parcelly (United Kingdom),2021-09-28,9499,27289.847
Parcelly (United Kingdom),2021-09-29,7658,21889.619
Parcelly (United Kingdom),2021-09-30,7285,22349.589
Parcelly (United Kingdom),2021-10-01,8385,29859.871
Parcelly (United Kingdom),2021-10-02,1050,2047.439
Parcelly (United Kingdom),2021-10-03,1796,5492.877
Parcelly (United Kingdom),2021-10-04,10914,35117.058
Parcelly (United Kingdom),2021-10-05,9508,27206.784
Parcelly (United Kingdom),2021-10-06,8574,25176.364
Parcelly (United Kingdom),2021-10-07,8097,26505.886
Parcelly (United Kingdom),2021-10-08,8140,27255.77
Parcelly (United Kingdom),2021-10-09,1475,2879.163
Parcelly (United Kingdom),2021-10-10,2044,4905.2
Parcelly (United Kingdom),2021-10-11,11336,34516.739
Parcelly (United Kingdom),2021-10-12,9096,29746.71
Parcelly (United Kingdom),2021-10-13,9255,29151.137
Parcelly (United Kingdom),2021-10-14,9024,26684.502
Parcelly (United Kingdom),2021-10-15,7854,23986.648
Parcelly (United Kingdom),2021-10-16,727,1702.119
Parcelly (United Kingdom),2021-10-17,1646,5451.912
Parcelly (United Kingdom),2021-10-18,11704,34533.457
Parcelly (United Kingdom),2021-10-19,10438,31686.373
Parcelly (United Kingdom),2021-10-20,8498,27976.593
Parcelly (United Kingdom),2021-10-21,6923,19871.045
Parcelly (United Kingdom),2021-10-22,7625,22300.347
Parcelly (United Kingdom),2021-10-23,1263,3569.904
Parcelly (United Kingdom),2021-10-24,1940,5774.64
Parcelly (United Kingdom),2021-10-25,10065,30356.75
Parcelly (United Kingdom),2021-10-26,9597,24939.919
Parcelly (United Kingdom),2021-10-27,8433,27877.26
Parcelly (United Kingdom),2021-10-28,7795,26975.505
Parcelly (United Kingdom),2021-10-29,8043,25625.327
Parcelly (United Kingdom),2021-10-30,1479,3000.121
Parcelly (United Kingdom),2021-10-31,2038,6933.789
Parcelly (United Kingdom),2021-11-01,9650,30180.689
Parcelly (United Kingdom),2021-11-02,10718,30699.338
Parcelly (United Kingdom),2021-11-03,9183,26349.972
Parcelly (United Kingdom),2021-11-04,8524,26542.506
Parcelly (United Kingdom),2021-11-05,8301,28651.181
Parcelly (United Kingdom),2021-11-06,1872,3546.764
Parcelly (United Kingdom),2021-11-07,2156,7199.077
Parcelly (United Kingdom),2021-11-08,11150,35884.857
Parcelly (United Kingdom),2021-11-09,11007,32185.541
Parcelly (United Kingdom),2021-11-10,9242,28123.925
Parcelly (United Kingdom),2021-11-11,9046,29209.356
Parcelly (United Kingdom),2021-11-12,9002,27972.404
Parcelly (United Kingdom),2021-11-13,1671,4237.465
Parcelly (United Kingdom),2021-11-14,3646,9779.894
Parcelly (United Kingdom),2021-11-15,12868,41106.142
Parcelly (United Kingdom),2021-11-16,12153,35160.486
Parcelly (United Kingdom),2021-11-17,9975,30442.152000000002
Parcelly (United Kingdom),2021-11-18,9094,28323.465
Parcelly (United Kingdom),2021-11-19,8523,25892.915
Parcelly (United Kingdom),2021-11-20,2068,4479.731
Parcelly (United Kingdom),2021-11-21,3561,11091.765
Parcelly (United Kingdom),2021-11-22,12122,35088.718
Parcelly (United Kingdom),2021-11-23,12457,38885.04
Parcelly (United Kingdom),2021-11-24,10921,31883.295
Parcelly (United Kingdom),2021-11-25,9704,30814.368
Parcelly (United Kingdom),2021-11-26,11929,35094.892
Parcelly (United Kingdom),2021-11-27,3666,8345.657
Parcelly (United Kingdom),2021-11-28,5103,21955.876
Parcelly (United Kingdom),2021-11-29,14049,41611.008
Parcelly (United Kingdom),2021-11-30,15260,41168.98
Parcelly (United Kingdom),2021-12-01,12373,34129.149
Parcelly (United Kingdom),2021-12-02,11741,33937.677
Parcelly (United Kingdom),2021-12-03,11804,34017.254
Parcelly (United Kingdom),2021-12-04,2652,5754.951
Parcelly (United Kingdom),2021-12-05,3202,10834.586
Parcelly (United Kingdom),2021-12-06,14389,42187.004
Parcelly (United Kingdom),2021-12-07,14680,41043.682
Parcelly (United Kingdom),2021-12-08,12647,37900.166
Parcelly (United Kingdom),2021-12-09,13309,39489.825
Parcelly (United Kingdom),2021-12-10,11784,35146.542
Parcelly (United Kingdom),2021-12-11,1877,3782.246
Parcelly (United Kingdom),2021-12-12,4465,16734.365
Parcelly (United Kingdom),2021-12-13,17008,45303.715000000004
Parcelly (United Kingdom),2021-12-14,15461,45458.017
Parcelly (United Kingdom),2021-12-15,13134,38572.384
Parcelly (United Kingdom),2021-12-16,11412,34199.601
Parcelly (United Kingdom),2021-12-17,11074,36208.55
Parcelly (United Kingdom),2021-12-18,2147,4136.629
Parcelly (United Kingdom),2021-12-19,3143,12726.434
Parcelly (United Kingdom),2021-12-20,11541,32522.986
Parcelly (United Kingdom),2021-12-21,10567,28604.497
Parcelly (United Kingdom),2021-12-22,8213,24252.873
Parcelly (United Kingdom),2021-12-23,7415,24686.3
Parcelly (United Kingdom),2021-12-24,5316,17034.305
Parcelly (United Kingdom),2021-12-25,155,166.62199999999999
Parcelly (United Kingdom),2021-12-26,1348,5454.06
Parcelly (United Kingdom),2021-12-27,8789,26539.486
Parcelly (United Kingdom),2021-12-28,8668,27166.812
Parcelly (United Kingdom),2021-12-29,7535,22608.555
Parcelly (United Kingdom),2021-12-30,7925,24337.467
Parcelly (United Kingdom),2021-12-31,4786,13515.18
Parcelly (United Kingdom),2022-01-01,112,118.975
Parcelly (United Kingdom),2022-01-02,1495,5954.194
Parcelly (United Kingdom),2022-01-03,10943,30892.693
Parcelly (United Kingdom),2022-01-04,11294,30547.317
Parcelly (United Kingdom),2022-01-05,9735,27117.036
Parcelly (United Kingdom),2022-01-06,8824,28363.442
Parcelly (United Kingdom),2022-01-07,8364,25326.239
Parcelly (United Kingdom),2022-01-08,1679,2400.15
Parcelly (United Kingdom),2022-01-09,1970,4753.264
Parcelly (United Kingdom),2022-01-10,10906,34136.419
Parcelly (United Kingdom),2022-01-11,12601,35534.795
Parcelly (United Kingdom),2022-01-12,10055,30174.107
Parcelly (United Kingdom),2022-01-13,9128,29270.764
Parcelly (United Kingdom),2022-01-14,8448,27446.2
Parcelly (United Kingdom),2022-01-15,1499,2950.089
Parcelly (United Kingdom),2022-01-16,2452,6870.78
Parcelly (United Kingdom),2022-01-17,11633,35737.068
Parcelly (United Kingdom),2022-01-18,11648,36874.564
Parcelly (United Kingdom),2022-01-19,9232,24718.169
Parcelly (United Kingdom),2022-01-20,8436,27323.271
Parcelly (United Kingdom),2022-01-21,8442,25241.695
Parcelly (United Kingdom),2022-01-22,1477,2518.982
Parcelly (United Kingdom),2022-01-23,2486,6705.074
Parcelly (United Kingdom),2022-01-24,12345,40058.579
Parcelly (United Kingdom),2022-01-25,10894,33610.535
Parcelly (United Kingdom),2022-01-26,8504,25247.93
Parcelly (United Kingdom),2022-01-27,8614,24521.612
Parcelly (United Kingdom),2022-01-28,9295,26965.523
Parcelly (United Kingdom),2022-01-29,1846,3370.513
Parcelly (United Kingdom),2022-01-30,2678,6356.21
Parcelly (United Kingdom),2022-01-31,13001,37849.317
Parcelly (United Kingdom),2022-02-01,8888,30585.958
Parcelly (United Kingdom),2022-02-02,12612,34657.997
Parcelly (United Kingdom),2022-02-03,9134,27724.992
Parcelly (United Kingdom),2022-02-04,8855,28829.028
Parcelly (United Kingdom),2022-02-05,1441,2236.428
Parcelly (United Kingdom),2022-02-06,3478,9461.501
Parcelly (United Kingdom),2022-02-07,12635,33573.18
Parcelly (United Kingdom),2022-02-08,11434,33345.438
Parcelly (United Kingdom),2022-02-09,9682,27430.008
Parcelly (United Kingdom),2022-02-10,8611,25415.773
Parcelly (United Kingdom),2022-02-11,8733,27566.477
Parcelly (United Kingdom),2022-02-12,1413,2489.932
Parcelly (United Kingdom),2022-02-13,2855,6616.979
Parcelly (United Kingdom),2022-02-14,12656,35116.855
Parcelly (United Kingdom),2022-02-15,11314,34719.628
Parcelly (United Kingdom),2022-02-16,9367,25968.667
Parcelly (United Kingdom),2022-02-17,8009,22781.307
Parcelly (United Kingdom),2022-02-18,5468,14679.209
Parcelly (United Kingdom),2022-02-19,1237,1843.504
Parcelly (United Kingdom),2022-02-20,4050,12094.155
Parcelly (United Kingdom),2022-02-21,13439,38679.986
Parcelly (United Kingdom),2022-02-22,10701,34461.41
Parcelly (United Kingdom),2022-02-23,8381,26506.499
Parcelly (United Kingdom),2022-02-24,7424,21420.863
Parcelly (United Kingdom),2022-02-25,6921,24512.845
Parcelly (United Kingdom),2022-02-26,1430,3369.585
Parcelly (United Kingdom),2022-02-27,2576,5670.137
Parcelly (United Kingdom),2022-02-28,10810,31927.273
Parcelly (United Kingdom),2022-03-01,7626,25378.882
Parcelly (United Kingdom),2022-03-02,7977,24524.537
Parcelly (United Kingdom),2022-03-03,9723,25758.158
Parcelly (United Kingdom),2022-03-04,7796,25246.562
Parcelly (United Kingdom),2022-03-05,1269,3620.209
Parcelly (United Kingdom),2022-03-06,2641,7175.256
Parcelly (United Kingdom),2022-03-07,12808,38217.324
Parcelly (United Kingdom),2022-03-08,10489,27422.558
Parcelly (United Kingdom),2022-03-09,9596,27666.432
Parcelly (United Kingdom),2022-03-10,8415,26986.296
Parcelly (United Kingdom),2022-03-11,7140,22028.684
Parcelly (United Kingdom),2022-03-12,1816,3067.36
Parcelly (United Kingdom),2022-03-13,2392,6332.799
Parcelly (United Kingdom),2022-03-14,11991,35363.959
Parcelly (United Kingdom),2022-03-15,10702,29191.691
Parcelly (United Kingdom),2022-03-16,8848,25217.668
Parcelly (United Kingdom),2022-03-17,8131,23923.158
Parcelly (United Kingdom),2022-03-18,8140,25199.449
Parcelly (United Kingdom),2022-03-19,1768,3315.308
Parcelly (United Kingdom),2022-03-20,2359,5869.837
Parcelly (United Kingdom),2022-03-21,12102,34911.968
Parcelly (United Kingdom),2022-03-22,10058,29412.712
Parcelly (United Kingdom),2022-03-23,8908,27430.021
Parcelly (United Kingdom),2022-03-24,8139,24180.377
Parcelly (United Kingdom),2022-03-25,7992,24149.954999999998
Parcelly (United Kingdom),2022-03-26,1386,3745.092
Parcelly (United Kingdom),2022-03-27,2952,6001.228
Parcelly (United Kingdom),2022-03-28,12321,35751.752
Parcelly (United Kingdom),2022-03-29,10454,31680.72
Parcelly (United Kingdom),2022-03-30,9243,29125.372
Parcelly (United Kingdom),2022-03-31,9377,28000.788
Parcelly (United Kingdom),2022-04-01,8891,29331.548
Parcelly (United Kingdom),2022-04-02,1280,2879.223
Parcelly (United Kingdom),2022-04-03,2191,4857.007
Parcelly (United Kingdom),2022-04-04,13925,39959.585
Parcelly (United Kingdom),2022-04-05,10850,31056.76
Parcelly (United Kingdom),2022-04-06,9393,26919.229
Parcelly (United Kingdom),2022-04-07,8325,25923.935
Parcelly (United Kingdom),2022-04-08,8793,26920.137
Parcelly (United Kingdom),2022-04-09,1413,3489.678
Parcelly (United Kingdom),2022-04-10,2389,6167.188
Parcelly (United Kingdom),2022-04-11,12670,37821.611
Parcelly (United Kingdom),2022-04-12,10382,31414.528
Parcelly (United Kingdom),2022-04-13,7782,24211.997
Parcelly (United Kingdom),2022-04-14,7375,23265.121
Parcelly (United Kingdom),2022-04-15,6138,19222.207
Parcelly (United Kingdom),2022-04-16,1282,3636.33
Parcelly (United Kingdom),2022-04-17,117,98.834
Parcelly (United Kingdom),2022-04-18,3591,8893.911
Parcelly (United Kingdom),2022-04-19,11941,36996.755
Parcelly (United Kingdom),2022-04-20,10488,29517.138
Parcelly (United Kingdom),2022-04-21,8664,24120.805
Parcelly (United Kingdom),2022-04-22,8954,31195.904
Parcelly (United Kingdom),2022-04-23,1416,2797.862
Parcelly (United Kingdom),2022-04-24,2355,6374.968
Parcelly (United Kingdom),2022-04-25,12089,37505.699
Parcelly (United Kingdom),2022-04-26,11216,34772.438
Parcelly (United Kingdom),2022-04-27,2019,4388.0960000000005
Parcelly (United Kingdom),2022-04-28,9170,32131.791
Parcelly (United Kingdom),2022-04-29,9277,28695.631
Parcelly (United Kingdom),2022-04-30,1404,3180.964
Parcelly (United Kingdom),2022-05-01,2982,7258.098
Parcelly (United Kingdom),2022-05-02,11967,33772.535
Parcelly (United Kingdom),2022-05-03,11491,31857.377
Parcelly (United Kingdom),2022-05-04,9237,27224.491
Parcelly (United Kingdom),2022-05-05,8798,26602.628
Parcelly (United Kingdom),2022-05-06,7879,22373.253
Parcelly (United Kingdom),2022-05-07,1143,1912.944
Parcelly (United Kingdom),2022-05-08,2219,5476.592
Parcelly (United Kingdom),2022-05-09,12697,34592.713
Parcelly (United Kingdom),2022-05-10,10933,31282.45
Parcelly (United Kingdom),2022-05-11,9823,26537.959
Parcelly (United Kingdom),2022-05-12,8413,23484.748
Parcelly (United Kingdom),2022-05-13,7940,23220.693
Parcelly (United Kingdom),2022-05-14,950,1631.704
Parcelly (United Kingdom),2022-05-15,2659,5787.569
Parcelly (United Kingdom),2022-05-16,11776,36998.983
Parcelly (United Kingdom),2022-05-17,10178,30087.499
Parcelly (United Kingdom),2022-05-18,9537,29859.73
Parcelly (United Kingdom),2022-05-19,7962,27719.298
Parcelly (United Kingdom),2022-05-20,7660,25658.071
Parcelly (United Kingdom),2022-05-21,793,1665.97
Parcelly (United Kingdom),2022-05-22,3804,8246.766
Parcelly (United Kingdom),2022-05-23,12340,38214.491
Parcelly (United Kingdom),2022-05-24,9414,28085.876
Parcelly (United Kingdom),2022-05-25,8069,24578.953
Parcelly (United Kingdom),2022-05-26,1455,2838.745
Parcelly (United Kingdom),2022-05-27,7396,25944.325
Parcelly (United Kingdom),2022-05-28,1024,2650.15
Parcelly (United Kingdom),2022-05-29,3237,9309.227
Parcelly (United Kingdom),2022-05-30,10928,33019.388
Parcelly (United Kingdom),2022-05-31,11392,35117.65
Parcelly (United Kingdom),2022-06-01,8910,26735.905
Parcelly (United Kingdom),2022-06-02,7906,24851.618
Parcelly (United Kingdom),2022-06-03,7710,22447.966
Parcelly (United Kingdom),2022-06-04,893,1715.618
Parcelly (United Kingdom),2022-06-05,177,19.997
Parcelly (United Kingdom),2022-06-06,3466,8917.15
Parcelly (United Kingdom),2022-06-07,12020,32434.584
Parcelly (United Kingdom),2022-06-08,10313,27274.097
Parcelly (United Kingdom),2022-06-09,9985,26683.928
Parcelly (United Kingdom),2022-06-10,7760,24065.166
Parcelly (United Kingdom),2022-06-11,1020,2483.993
Parcelly (United Kingdom),2022-06-12,2170,5732.388
Parcelly (United Kingdom),2022-06-13,12232,29012.567
Parcelly (United Kingdom),2022-06-14,10627,28807.367
Parcelly (United Kingdom),2022-06-15,8149,20197.173
Parcelly (United Kingdom),2022-06-16,7789,21766.559
Parcelly (United Kingdom),2022-06-17,7571,22053.064
Parcelly (United Kingdom),2022-06-18,973,1771.29
Parcelly (United Kingdom),2022-06-19,2040,6500.593
Parcelly (United Kingdom),2022-06-20,14067,34295.924
Parcelly (United Kingdom),2022-06-21,9862,28470.871
Parcelly (United Kingdom),2022-06-22,8006,21883.931
Parcelly (United Kingdom),2022-06-23,7269,20807.568
Parcelly (United Kingdom),2022-06-24,7020,21761.483
Parcelly (United Kingdom),2022-06-25,894,1817.052
Parcelly (United Kingdom),2022-06-26,1608,4100.621
Parcelly (United Kingdom),2022-06-27,11228,28253.431
Parcelly (United Kingdom),2022-06-28,9051,26132.05
Parcelly (United Kingdom),2022-06-29,8362,24021.395
Parcelly (United Kingdom),2022-06-30,7809,22788.745
Parcelly (United Kingdom),2022-07-01,7726,21650.708
Parcelly (United Kingdom),2022-07-02,795,1862.598
Parcelly (United Kingdom),2022-07-03,1802,5317.222
Parcelly (United Kingdom),2022-07-04,12358,30519.876
Parcelly (United Kingdom),2022-07-05,9953,28155.527
Parcelly (United Kingdom),2022-07-06,7902,22216.353
Parcelly (United Kingdom),2022-07-07,7752,22786.235
Parcelly (United Kingdom),2022-07-08,7156,18874.246
Parcelly (United Kingdom),2022-07-09,936,1824.981
Parcelly (United Kingdom),2022-07-10,1755,4959.55
Parcelly (United Kingdom),2022-07-11,11210,28826.053
Parcelly (United Kingdom),2022-07-12,10439,30784.181
Parcelly (United Kingdom),2022-07-13,8733,25565.948
Parcelly (United Kingdom),2022-07-14,7919,23561.681
Parcelly (United Kingdom),2022-07-15,7219,22307.788
Parcelly (United Kingdom),2022-07-16,861,1426.368
Parcelly (United Kingdom),2022-07-17,1619,4149.94
Parcelly (United Kingdom),2022-07-18,10272,28374.968
Parcelly (United Kingdom),2022-07-19,8999,25143.1
Parcelly (United Kingdom),2022-07-20,7795,21193.46
Parcelly (United Kingdom),2022-07-21,7096,20613.655
Parcelly (United Kingdom),2022-07-22,6288,17504.334
Parcelly (United Kingdom),2022-07-23,980,1873.691
Parcelly (United Kingdom),2022-07-24,1583,4061.407
Parcelly (United Kingdom),2022-07-25,9116,24613.344
Parcelly (United Kingdom),2022-07-26,9117,24740.299
Parcelly (United Kingdom),2022-07-27,7291,20589.475
Parcelly (United Kingdom),2022-07-28,7871,24189.187
Parcelly (United Kingdom),2022-07-29,7143,20511.68
Parcelly (United Kingdom),2022-07-30,1079,1809.717
Parcelly (United Kingdom),2022-07-31,1574,4134.859
Parcelly (United Kingdom),2022-08-01,9983,26978.125
Parcelly (United Kingdom),2022-08-02,9005,23928.065
Parcelly (United Kingdom),2022-08-03,6998,19516.125
Parcelly (United Kingdom),2022-08-04,6485,20027.935
Parcelly (United Kingdom),2022-08-05,6846,20143.115
Parcelly (United Kingdom),2022-08-06,838,1843.706
Parcelly (United Kingdom),2022-08-07,1422,3851.061
Parcelly (United Kingdom),2022-08-08,10369,28342.888
Parcelly (United Kingdom),2022-08-09,8760,25993.095
Parcelly (United Kingdom),2022-08-10,7165,21021.598
Parcelly (United Kingdom),2022-08-11,6906,21144.704
Parcelly (United Kingdom),2022-08-12,6208,18713.573
Parcelly (United Kingdom),2022-08-13,799,1407.838
Parcelly (United Kingdom),2022-08-14,1614,5534.764
Parcelly (United Kingdom),2022-08-15,9445,28815.066
Parcelly (United Kingdom),2022-08-16,8601,23954.771
Parcelly (United Kingdom),2022-08-17,6507,20222.962
Parcelly (United Kingdom),2022-08-18,6600,20751.362
Parcelly (United Kingdom),2022-08-19,6428,20379.928
Parcelly (United Kingdom),2022-08-20,761,1553.143
Parcelly (United Kingdom),2022-08-21,1552,4047.342
Parcelly (United Kingdom),2022-08-22,10145,28622.156
Parcelly (United Kingdom),2022-08-23,7897,23478.575
Parcelly (United Kingdom),2022-08-24,6737,19691.856
Parcelly (United Kingdom),2022-08-25,6245,20862.532
Parcelly (United Kingdom),2022-08-26,5971,18317.18
Parcelly (United Kingdom),2022-08-27,825,1590.024
Parcelly (United Kingdom),2022-08-28,1429,4121.324
Parcelly (United Kingdom),2022-08-29,9280,28619.342
Parcelly (United Kingdom),2022-08-30,8013,22750.748
Parcelly (United Kingdom),2022-08-31,7055,21976.282
Parcelly (United Kingdom),2022-09-01,7527,21783.676
Parcelly (United Kingdom),2022-09-02,6687,19073.049
Parcelly (United Kingdom),2022-09-03,1224,3097.879
Parcelly (United Kingdom),2022-09-04,1392,3270.109
Parcelly (United Kingdom),2022-09-05,10022,25777.262
Parcelly (United Kingdom),2022-09-06,10106,28107.134000000002
Parcelly (United Kingdom),2022-09-07,7322,22453.68
Parcelly (United Kingdom),2022-09-08,7329,21592.193
Parcelly (United Kingdom),2022-09-09,7059,22204.262
Parcelly (United Kingdom),2022-09-10,1047,2315.609
Parcelly (United Kingdom),2022-09-11,1596,4170.984
Parcelly (United Kingdom),2022-09-12,10910,30571.417
Parcelly (United Kingdom),2022-09-13,9390,29013.211
Parcelly (United Kingdom),2022-09-14,7651,20545.495
Parcelly (United Kingdom),2022-09-15,7392,22396.013
Parcelly (United Kingdom),2022-09-16,7041,21241.226
Parcelly (United Kingdom),2022-09-17,1208,2135.885
Parcelly (United Kingdom),2022-09-18,2407,6437.465
Parcelly (United Kingdom),2022-09-19,11499,31014.75
Parcelly (United Kingdom),2022-09-20,9026,27719.086
Parcelly (United Kingdom),2022-09-21,7382,21345.348
Parcelly (United Kingdom),2022-09-22,7208,22405.331
Parcelly (United Kingdom),2022-09-23,6923,21621.718
Parcelly (United Kingdom),2022-09-24,835,1544.784
Parcelly (United Kingdom),2022-09-25,1386,3855.155
Parcelly (United Kingdom),2022-09-26,10024,25836.358
Parcelly (United Kingdom),2022-09-27,9379,28107.362
Parcelly (United Kingdom),2022-09-28,8062,22241.811
Parcelly (United Kingdom),2022-09-29,7258,19724.126
Parcelly (United Kingdom),2022-09-30,8326,25735.146
Parcelly (United Kingdom),2022-10-01,967,1972.834
Parcelly (United Kingdom),2022-10-02,1825,4703.995
Parcelly (United Kingdom),2022-10-03,11888,37554.487
Parcelly (United Kingdom),2022-10-04,9922,29435.455
Parcelly (United Kingdom),2022-10-05,8132,23936.444
Parcelly (United Kingdom),2022-10-06,7721,25186.983
Parcelly (United Kingdom),2022-10-07,7743,27348.252
Parcelly (United Kingdom),2022-10-08,895,1541.557
Parcelly (United Kingdom),2022-10-09,2076,5701.235
Parcelly (United Kingdom),2022-10-10,11341,30686.562
Parcelly (United Kingdom),2022-10-11,8989,26160.345
Parcelly (United Kingdom),2022-10-12,7236,23024.655
Parcelly (United Kingdom),2022-10-13,7613,22950.577
Parcelly (United Kingdom),2022-10-14,7010,20519.106
Parcelly (United Kingdom),2022-10-15,1073,3132.913
Parcelly (United Kingdom),2022-10-16,1812,6184.699
Parcelly (United Kingdom),2022-10-17,11615,31124.658
Parcelly (United Kingdom),2022-10-18,9915,33453.581
Parcelly (United Kingdom),2022-10-19,7716,25288.025
Parcelly (United Kingdom),2022-10-20,7088,24303.258
Parcelly (United Kingdom),2022-10-21,6830,23558.54
Parcelly (United Kingdom),2022-10-22,773,1198.26
Parcelly (United Kingdom),2022-10-23,1784,7554.2609999999995
Parcelly (United Kingdom),2022-10-24,10984,32676.237
Parcelly (United Kingdom),2022-10-25,9200,26654.782
Parcelly (United Kingdom),2022-10-26,7582,21785.889
Parcelly (United Kingdom),2022-10-27,7434,22765.989
Parcelly (United Kingdom),2022-10-28,7259,24895.634
Parcelly (United Kingdom),2022-10-29,780,942.561
Parcelly (United Kingdom),2022-10-30,1915,5805.26
Parcelly (United Kingdom),2022-10-31,11544,35565.749
Parcelly (United Kingdom),2022-11-01,8259,27065.893
Parcelly (United Kingdom),2022-11-02,9104,25179.188
Parcelly (United Kingdom),2022-11-03,7819,21471.939
Parcelly (United Kingdom),2022-11-04,7962,26670.924
Parcelly (United Kingdom),2022-11-05,1157,1395.965
Parcelly (United Kingdom),2022-11-06,1818,6170.253
Parcelly (United Kingdom),2022-11-07,12561,35179.017
Parcelly (United Kingdom),2022-11-08,9660,28225.379
Parcelly (United Kingdom),2022-11-09,8562,27208.203
Parcelly (United Kingdom),2022-11-10,7759,22562.789
Parcelly (United Kingdom),2022-11-11,6874,23469.532
Parcelly (United Kingdom),2022-11-12,1164,2171.022
Parcelly (United Kingdom),2022-11-13,1689,6202.206
Parcelly (United Kingdom),2022-11-14,11370,34741.854
Parcelly (United Kingdom),2022-11-15,10767,31795.517
Parcelly (United Kingdom),2022-11-16,8549,25699.846
Parcelly (United Kingdom),2022-11-17,8179,25687.967
Parcelly (United Kingdom),2022-11-18,8964,28335.146
Parcelly (United Kingdom),2022-11-19,1208,2484.637
Parcelly (United Kingdom),2022-11-20,3428,11006.001
Parcelly (United Kingdom),2022-11-21,12609,38202.852
Parcelly (United Kingdom),2022-11-22,11977,32336.348
Parcelly (United Kingdom),2022-11-23,9091,25335.869
Parcelly (United Kingdom),2022-11-24,9389,27441.928
Parcelly (United Kingdom),2022-11-25,11348,34544.262
Parcelly (United Kingdom),2022-11-26,2909,7593.517
Parcelly (United Kingdom),2022-11-27,3336,11034.823
Parcelly (United Kingdom),2022-11-28,13693,39688.861
Parcelly (United Kingdom),2022-11-29,12809,33755.76
Parcelly (United Kingdom),2022-11-30,11893,30699.043
Parcelly (United Kingdom),2022-12-01,10540,25033.581
Parcelly (United Kingdom),2022-12-02,10012,27999.18
Parcelly (United Kingdom),2022-12-03,2384,6072.974
Parcelly (United Kingdom),2022-12-04,3893,12654.801
Parcelly (United Kingdom),2022-12-05,12352,32105.622
Parcelly (United Kingdom),2022-12-06,12398,36061.791
Parcelly (United Kingdom),2022-12-07,12094,35072.553
Parcelly (United Kingdom),2022-12-08,10132,28170.739
Parcelly (United Kingdom),2022-12-09,11067,32818.249
Parcelly (United Kingdom),2022-12-10,1728,3179.7
Parcelly (United Kingdom),2022-12-11,3313,13948.526
Parcelly (United Kingdom),2022-12-12,14398,34967.455
Parcelly (United Kingdom),2022-12-13,15837,42584.534
Parcelly (United Kingdom),2022-12-14,12070,32234.464
Parcelly (United Kingdom),2022-12-15,11232,28580.029
Parcelly (United Kingdom),2022-12-16,10939,29127.999
Parcelly (United Kingdom),2022-12-17,1305,1695.349
Parcelly (United Kingdom),2022-12-18,4092,15194.919
Parcelly (United Kingdom),2022-12-19,12453,37627.523
Parcelly (United Kingdom),2022-12-20,11270,30817.544
Parcelly (United Kingdom),2022-12-21,8985,24113.475
Parcelly (United Kingdom),2022-12-22,8090,21105.185
Parcelly (United Kingdom),2022-12-23,6643,20166.175
Parcelly (United Kingdom),2022-12-24,631,1463.8
Parcelly (United Kingdom),2022-12-25,55,14.494
Parcelly (United Kingdom),2022-12-26,1369,2460.068
Parcelly (United Kingdom),2022-12-27,9345,29988.615999999998
Parcelly (United Kingdom),2022-12-28,7940,22247.927
Parcelly (United Kingdom),2022-12-29,7130,21756.06
Parcelly (United Kingdom),2022-12-30,6426,17983.741
Parcelly (United Kingdom),2022-12-31,779,1340.778
Parcelly (United Kingdom),2023-01-01,87,35.54
Parcelly (United Kingdom),2023-01-02,7588,23767.481
Parcelly (United Kingdom),2023-01-03,8741,25786.802
Parcelly (United Kingdom),2023-01-04,6772,20548.240999999998
Parcelly (United Kingdom),2023-01-05,6540,18802.05
Parcelly (United Kingdom),2023-01-06,6485,21590.637
Parcelly (United Kingdom),2023-01-07,761,1472.93
Parcelly (United Kingdom),2023-01-08,1645,6591.598
Parcelly (United Kingdom),2023-01-09,10031,33241.963
Parcelly (United Kingdom),2023-01-10,8647,25628.178
Parcelly (United Kingdom),2023-01-11,7692,23181.676
Parcelly (United Kingdom),2023-01-12,6417,18214.269
Parcelly (United Kingdom),2023-01-13,6490,19122.445
Parcelly (United Kingdom),2023-01-14,666,1320.922
Parcelly (United Kingdom),2023-01-15,1482,4991.168
Parcelly (United Kingdom),2023-01-16,9988,28548.238
Parcelly (United Kingdom),2023-01-17,8059,25204.985
Parcelly (United Kingdom),2023-01-18,6577,18906.562
Parcelly (United Kingdom),2023-01-19,6084,18825.254
Parcelly (United Kingdom),2023-01-20,5492,17341.003
Parcelly (United Kingdom),2023-01-21,652,1284.192
Parcelly (United Kingdom),2023-01-22,1309,4307.06
Parcelly (United Kingdom),2023-01-23,9144,27260.346
Parcelly (United Kingdom),2023-01-24,7918,22918.53
Parcelly (United Kingdom),2023-01-25,6911,20524.463
Parcelly (United Kingdom),2023-01-26,6110,18013.977
Parcelly (United Kingdom),2023-01-27,5918,17035.993
Parcelly (United Kingdom),2023-01-28,548,1392.535
Parcelly (United Kingdom),2023-01-29,1466,5854.992
Parcelly (United Kingdom),2023-01-30,10141,29688.602
Parcelly (United Kingdom),2023-01-31,8316,23747.796
Parcelly (United Kingdom),2023-02-01,7243,23060.624
Parcelly (United Kingdom),2023-02-02,6690,18426.089
Parcelly (United Kingdom),2023-02-03,6483,20740.614
Parcelly (United Kingdom),2023-02-04,872,1637.693
Parcelly (United Kingdom),2023-02-05,1703,5258.389
Parcelly (United Kingdom),2023-02-06,9439,27732.255
Parcelly (United Kingdom),2023-02-07,7615,21640.121
Parcelly (United Kingdom),2023-02-08,6260,18791.134
Parcelly (United Kingdom),2023-02-09,5955,17650.692
Parcelly (United Kingdom),2023-02-10,5316,14838.044
Parcelly (United Kingdom),2023-02-11,758,1047.056
Parcelly (United Kingdom),2023-02-12,1767,6587.003
Parcelly (United Kingdom),2023-02-13,10580,29123.834
Parcelly (United Kingdom),2023-02-14,8968,22927.089
Parcelly (United Kingdom),2023-02-15,7394,20666.778
Parcelly (United Kingdom),2023-02-16,6510,21015.488
Parcelly (United Kingdom),2023-02-17,6444,19463.395
Parcelly (United Kingdom),2023-02-18,714,1300.054
Parcelly (United Kingdom),2023-02-19,1938,8383.494
Parcelly (United Kingdom),2023-02-20,10432,30625.888
Parcelly (United Kingdom),2023-02-21,8130,24472.116
Parcelly (United Kingdom),2023-02-22,7005,21525.686
Parcelly (United Kingdom),2023-02-23,6366,18657.929
Parcelly (United Kingdom),2023-02-24,6666,22935.83
Parcelly (United Kingdom),2023-02-25,631,1404.918
Parcelly (United Kingdom),2023-02-26,2041,5803.38
Parcelly (United Kingdom),2023-02-27,10977,33070.212
Parcelly (United Kingdom),2023-02-28,10157,24899.542
Parcelly (United Kingdom),2023-03-01,8388,23339.931
Parcelly (United Kingdom),2023-03-02,8161,22841.484
Parcelly (United Kingdom),2023-03-03,7545,20483.874
Parcelly (United Kingdom),2023-03-04,1212,1568.229
Parcelly (United Kingdom),2023-03-05,1888,5544.611
Parcelly (United Kingdom),2023-03-06,11917,32473.217
Parcelly (United Kingdom),2023-03-07,10066,30267.266
Parcelly (United Kingdom),2023-03-08,8292,22273.199
Parcelly (United Kingdom),2023-03-09,7536,20971.763
Parcelly (United Kingdom),2023-03-10,7296,19446.256
Parcelly (United Kingdom),2023-03-11,1052,1698.195
Parcelly (United Kingdom),2023-03-12,2043,6718.895
Parcelly (United Kingdom),2023-03-13,11814,33288.805
Parcelly (United Kingdom),2023-03-14,9518,28075.932
Parcelly (United Kingdom),2023-03-15,8163,22625.045
Parcelly (United Kingdom),2023-03-16,7686,23232.432
Parcelly (United Kingdom),2023-03-17,7602,20101.383
Parcelly (United Kingdom),2023-03-18,839,1838.534
Parcelly (United Kingdom),2023-03-19,1953,7411.332
Parcelly (United Kingdom),2023-03-20,10648,31250.815
Parcelly (United Kingdom),2023-03-21,8813,27123.577
Parcelly (United Kingdom),2023-03-22,9255,22603.996
Parcelly (United Kingdom),2023-03-23,8071,20637.273
Parcelly (United Kingdom),2023-03-24,7768,19273.175
Parcelly (United Kingdom),2023-03-25,1050,2299.977
Parcelly (United Kingdom),2023-03-26,2748,7142.606
Parcelly (United Kingdom),2023-03-27,11739,34567.907
Parcelly (United Kingdom),2023-03-28,9983,26608.095
Parcelly (United Kingdom),2023-03-29,8739,23448.271
Parcelly (United Kingdom),2023-03-30,8237,21097.785
Parcelly (United Kingdom),2023-03-31,8116,21496.314
Parcelly (United Kingdom),2023-04-01,958,1964.718
Parcelly (United Kingdom),2023-04-02,2073,7436.118
Parcelly (United Kingdom),2023-04-03,12183,32880.861
Parcelly (United Kingdom),2023-04-04,10501,28233.469
Parcelly (United Kingdom),2023-04-05,8376,23036.732
Parcelly (United Kingdom),2023-04-06,6390,19953.628
Parcelly (United Kingdom),2023-04-07,6213,17151.364
Parcelly (United Kingdom),2023-04-08,708,1034.18
Parcelly (United Kingdom),2023-04-09,107,159.064
Parcelly (United Kingdom),2023-04-10,2969,7347.226
Parcelly (United Kingdom),2023-04-11,10614,28315.291
Parcelly (United Kingdom),2023-04-12,10416,28581.287
Parcelly (United Kingdom),2023-04-13,9991,24109.454
Parcelly (United Kingdom),2023-04-14,8266,22120.583
Parcelly (United Kingdom),2023-04-15,1271,2410.812
Parcelly (United Kingdom),2023-04-16,2137,6377.374
Parcelly (United Kingdom),2023-04-17,12765,33495.412
Parcelly (United Kingdom),2023-04-18,10334,25133.66
Parcelly (United Kingdom),2023-04-19,8705,20862.769
Parcelly (United Kingdom),2023-04-20,7903,19974.837
Parcelly (United Kingdom),2023-04-21,7704,21179.376
Parcelly (United Kingdom),2023-04-22,752,1452.348
Parcelly (United Kingdom),2023-04-23,1871,3990.09
Parcelly (United Kingdom),2023-04-24,11692,31835.085
Parcelly (United Kingdom),2023-04-25,10500,30811.446
Parcelly (United Kingdom),2023-04-26,8692,24311.427
Parcelly (United Kingdom),2023-04-27,2408,2547.287
Parcelly (United Kingdom),2023-04-28,8619,25216.336
Parcelly (United Kingdom),2023-04-29,1102,2165.372
Parcelly (United Kingdom),2023-04-30,2852,9093.210000000001
Parcelly (United Kingdom),2023-05-01,10347,28293.537
Parcelly (United Kingdom),2023-05-02,10655,27653.807
Parcelly (United Kingdom),2023-05-03,10627,24656.458
Parcelly (United Kingdom),2023-05-04,9160,20635.814
Parcelly (United Kingdom),2023-05-05,8784,22412.419
Parcelly (United Kingdom),2023-05-06,980,1589.564
Parcelly (United Kingdom),2023-05-07,2141,6178.012
Parcelly (United Kingdom),2023-05-08,11887,32237.257
Parcelly (United Kingdom),2023-05-09,10723,31099.121
Parcelly (United Kingdom),2023-05-10,9573,23278.718
Parcelly (United Kingdom),2023-05-11,7566,22805.957
Parcelly (United Kingdom),2023-05-12,8231,24765.795000000002
Parcelly (United Kingdom),2023-05-13,775,1290.505
Parcelly (United Kingdom),2023-05-14,2085,7987.259
Parcelly (United Kingdom),2023-05-15,11206,30623.816
Parcelly (United Kingdom),2023-05-16,10595,31137.074
Parcelly (United Kingdom),2023-05-17,8745,21848.76
Parcelly (United Kingdom),2023-05-18,1472,2691.263
Parcelly (United Kingdom),2023-05-19,8852,22900.903
Parcelly (United Kingdom),2023-05-20,1023,2593.339
Parcelly (United Kingdom),2023-05-21,2535,8676.787
Parcelly (United Kingdom),2023-05-22,11865,30911.86
Parcelly (United Kingdom),2023-05-23,9935,24308.158
Parcelly (United Kingdom),2023-05-24,8603,23925.612
Parcelly (United Kingdom),2023-05-25,7895,19919.675
Parcelly (United Kingdom),2023-05-26,7406,17674.87
Parcelly (United Kingdom),2023-05-27,1099,3635.399
Parcelly (United Kingdom),2023-05-28,128,85.691
Parcelly (United Kingdom),2023-05-29,3179,6819.664
Parcelly (United Kingdom),2023-05-30,11527,32220.173
Parcelly (United Kingdom),2023-05-31,10085,28511.857
Parcelly (United Kingdom),2023-06-01,10099,26767.448
Parcelly (United Kingdom),2023-06-02,8984,23872.458
Parcelly (United Kingdom),2023-06-03,1337,3046.222
Parcelly (United Kingdom),2023-06-04,2061,5762.867
Parcelly (United Kingdom),2023-06-05,11059,30072.923
Parcelly (United Kingdom),2023-06-06,10026,24933.11
Parcelly (United Kingdom),2023-06-07,9100,24181.054
Parcelly (United Kingdom),2023-06-08,7669,18445.238
Parcelly (United Kingdom),2023-06-09,8262,23757.945
Parcelly (United Kingdom),2023-06-10,1009,3183.832
Parcelly (United Kingdom),2023-06-11,2161,7186.667
Parcelly (United Kingdom),2023-06-12,11339,28811.103
Parcelly (United Kingdom),2023-06-13,9693,23703.719
Parcelly (United Kingdom),2023-06-14,9336,23366.859
Parcelly (United Kingdom),2023-06-15,7905,22003.246
Parcelly (United Kingdom),2023-06-16,8436,23524.492
Parcelly (United Kingdom),2023-06-17,1216,3028.707
Parcelly (United Kingdom),2023-06-18,2375,6718.301
Parcelly (United Kingdom),2023-06-19,11877,31037.534
Parcelly (United Kingdom),2023-06-20,9573,26845.618
Parcelly (United Kingdom),2023-06-21,8510,21752.183
Parcelly (United Kingdom),2023-06-22,8730,21979.045
Parcelly (United Kingdom),2023-06-23,8252,18022.197
Parcelly (United Kingdom),2023-06-24,1060,2885.919
Parcelly (United Kingdom),2023-06-25,1502,4941.664
Parcelly (United Kingdom),2023-06-26,12026,28047.063
Parcelly (United Kingdom),2023-06-27,9637,24703.422
Parcelly (United Kingdom),2023-06-28,8869,20984.447
Parcelly (United Kingdom),2023-06-29,9501,24156.959
Parcelly (United Kingdom),2023-06-30,9101,21946.605
Parcelly (United Kingdom),2023-07-01,1300,2605.533
Parcelly (United Kingdom),2023-07-02,1849,5272.891
Parcelly (United Kingdom),2023-07-03,12126,29070.541
Parcelly (United Kingdom),2023-07-04,10297,26171.794
Parcelly (United Kingdom),2023-07-05,9014,23516.622
Parcelly (United Kingdom),2023-07-06,8586,20105.155
Parcelly (United Kingdom),2023-07-07,7941,20693.847
Parcelly (United Kingdom),2023-07-08,632,1316.795
Parcelly (United Kingdom),2023-07-09,1920,5792.886
Parcelly (United Kingdom),2023-07-10,12675,31908.213
Parcelly (United Kingdom),2023-07-11,10424,24783.661
Parcelly (United Kingdom),2023-07-12,10773,22781.098
Parcelly (United Kingdom),2023-07-13,8478,20177.899
Parcelly (United Kingdom),2023-07-14,8009,19084.218
Parcelly (United Kingdom),2023-07-15,726,1470.127
Parcelly (United Kingdom),2023-07-16,1856,5686.938
Parcelly (United Kingdom),2023-07-17,12838,31679.884
Parcelly (United Kingdom),2023-07-18,8949,23326.174
Parcelly (United Kingdom),2023-07-19,8399,21553.497
Parcelly (United Kingdom),2023-07-20,7227,19469.728
Parcelly (United Kingdom),2023-07-21,6859,19574.1
Parcelly (United Kingdom),2023-07-22,689,1908.301
Parcelly (United Kingdom),2023-07-23,1622,4822.238
Parcelly (United Kingdom),2023-07-24,11135,27233.857
Parcelly (United Kingdom),2023-07-25,9185,23498.356
Parcelly (United Kingdom),2023-07-26,7726,20235.379
Parcelly (United Kingdom),2023-07-27,7783,20174.252
Parcelly (United Kingdom),2023-07-28,7048,19384.945
Parcelly (United Kingdom),2023-07-29,860,1923.036
Parcelly (United Kingdom),2023-07-30,1591,4387.606
Parcelly (United Kingdom),2023-07-31,11390,29832.88
Parcelly (United Kingdom),2023-08-01,9894,27267.420000000002
Parcelly (United Kingdom),2023-08-02,8734,20022.76
Parcelly (United Kingdom),2023-08-03,7199,19057.693
Parcelly (United Kingdom),2023-08-04,8187,17731.338
Parcelly (United Kingdom),2023-08-05,1107,2447.517
Parcelly (United Kingdom),2023-08-06,1621,3997.516
Parcelly (United Kingdom),2023-08-07,12451,31368.3
Parcelly (United Kingdom),2023-08-08,8460,21928.346
Parcelly (United Kingdom),2023-08-09,7373,18898.488
Parcelly (United Kingdom),2023-08-10,7480,19162.1
Parcelly (United Kingdom),2023-08-11,6683,18912.848
Parcelly (United Kingdom),2023-08-12,745,1425.181
Parcelly (United Kingdom),2023-08-13,1523,3444.687
Parcelly (United Kingdom),2023-08-14,11307,30972.837
Parcelly (United Kingdom),2023-08-15,7296,19281.395
Parcelly (United Kingdom),2023-08-16,8130,20259.842
Parcelly (United Kingdom),2023-08-17,7437,19583.345
Parcelly (United Kingdom),2023-08-18,7331,19940.264
Parcelly (United Kingdom),2023-08-19,537,1430.864
Parcelly (United Kingdom),2023-08-20,1688,5279.234
Parcelly (United Kingdom),2023-08-21,11129,26789.266
Parcelly (United Kingdom),2023-08-22,8197,20808.598
Parcelly (United Kingdom),2023-08-23,6704,18426.53
Parcelly (United Kingdom),2023-08-24,7508,22564.618
Parcelly (United Kingdom),2023-08-25,7225,18477.205
Parcelly (United Kingdom),2023-08-26,634,1118.592
Parcelly (United Kingdom),2023-08-27,1668,5313.411
Parcelly (United Kingdom),2023-08-28,10473,26997.913
Parcelly (United Kingdom),2023-08-29,9435,24954.114
Parcelly (United Kingdom),2023-08-30,8721,20527.291
Parcelly (United Kingdom),2023-08-31,7660,21772.719
Parcelly (United Kingdom),2023-09-01,8086,21726.897
Parcelly (United Kingdom),2023-09-02,766,1434.0240000000001
Parcelly (United Kingdom),2023-09-03,1622,6297.8
Parcelly (United Kingdom),2023-09-04,11025,28077.038
Parcelly (United Kingdom),2023-09-05,9341,24001.974
Parcelly (United Kingdom),2023-09-06,8644,20560.669
Parcelly (United Kingdom),2023-09-07,6990,17783.857
Parcelly (United Kingdom),2023-09-08,7323,19279.539
Parcelly (United Kingdom),2023-09-09,745,1587.683
Parcelly (United Kingdom),2023-09-10,1686,6229.716
Parcelly (United Kingdom),2023-09-11,10414,25290.483
Parcelly (United Kingdom),2023-09-12,8817,23935.443
Parcelly (United Kingdom),2023-09-13,8190,21189.513
Parcelly (United Kingdom),2023-09-14,7333,20894.699
Parcelly (United Kingdom),2023-09-15,7012,20641.548
Parcelly (United Kingdom),2023-09-16,851,1940.56
Parcelly (United Kingdom),2023-09-17,2754,9597.188
Parcelly (United Kingdom),2023-09-18,10593,27997.458
Parcelly (United Kingdom),2023-09-19,9146,23433.649
Parcelly (United Kingdom),2023-09-20,8745,23222.357
Parcelly (United Kingdom),2023-09-21,7499,21067.167
Parcelly (United Kingdom),2023-09-22,7432,21098.258
Parcelly (United Kingdom),2023-09-23,771,1223.557
Parcelly (United Kingdom),2023-09-24,1572,5087.627
Parcelly (United Kingdom),2023-09-25,10620,29503.803
Parcelly (United Kingdom),2023-09-26,9177,24439.793
Parcelly (United Kingdom),2023-09-27,8613,23500.996
Parcelly (United Kingdom),2023-09-28,7269,20723.799
Parcelly (United Kingdom),2023-09-29,6766,20768.668
Parcelly (United Kingdom),2023-09-30,634,1585.944
Parcelly (United Kingdom),2023-10-01,1737,7101.635
Parcelly (United Kingdom),2023-10-02,10951,26621.574
Parcelly (United Kingdom),2023-10-03,9122,24364.84
Parcelly (United Kingdom),2023-10-04,9196,28337.175
Parcelly (United Kingdom),2023-10-05,7304,20423.968
Parcelly (United Kingdom),2023-10-06,8050,24522.165
Parcelly (United Kingdom),2023-10-07,742,1958.281
Parcelly (United Kingdom),2023-10-08,2466,13850.51
Parcelly (United Kingdom),2023-10-09,11821,31032.413
Parcelly (United Kingdom),2023-10-10,9416,25509.88
Parcelly (United Kingdom),2023-10-11,8290,23294.447
Parcelly (United Kingdom),2023-10-12,7335,19747.206
Parcelly (United Kingdom),2023-10-13,7974,20345.911
Parcelly (United Kingdom),2023-10-14,1101,2631.461
Parcelly (United Kingdom),2023-10-15,1757,6464.563
Parcelly (United Kingdom),2023-10-16,13069,32383.169
Parcelly (United Kingdom),2023-10-17,9946,25588.792
Parcelly (United Kingdom),2023-10-18,8940,24086.065
Parcelly (United Kingdom),2023-10-19,7644,21305.787
Parcelly (United Kingdom),2023-10-20,8436,24012.736
Parcelly (United Kingdom),2023-10-21,534,994.396
Parcelly (United Kingdom),2023-10-22,1935,5793.313
Parcelly (United Kingdom),2023-10-23,11880,33266.404
Parcelly (United Kingdom),2023-10-24,9098,25784.262
Parcelly (United Kingdom),2023-10-25,8490,22540.13
Parcelly (United Kingdom),2023-10-26,7125,21228.499
Parcelly (United Kingdom),2023-10-27,7172,20892.306
Parcelly (United Kingdom),2023-10-28,753,1600.208
Parcelly (United Kingdom),2023-10-29,1888,6013.5470000000005
Parcelly (United Kingdom),2023-10-30,11117,32825.635
Parcelly (United Kingdom),2023-10-31,10256,28435.59
Parcelly (United Kingdom),2023-11-01,7518,23461.682
Parcelly (United Kingdom),2023-11-02,7591,22437.256
Parcelly (United Kingdom),2023-11-03,6776,19527.715
Parcelly (United Kingdom),2023-11-04,1326,3243.247
Parcelly (United Kingdom),2023-11-05,2098,7044.937
Parcelly (United Kingdom),2023-11-06,12168,34768.335
Parcelly (United Kingdom),2023-11-07,10320,29776.753
Parcelly (United Kingdom),2023-11-08,8543,27009.5
Parcelly (United Kingdom),2023-11-09,7791,25199.339
Parcelly (United Kingdom),2023-11-10,7827,23273.434
Parcelly (United Kingdom),2023-11-11,1080,2201.936
Parcelly (United Kingdom),2023-11-12,2459,8581.289
Parcelly (United Kingdom),2023-11-13,13148,39551.878
Parcelly (United Kingdom),2023-11-14,10366,31967.062
Parcelly (United Kingdom),2023-11-15,9227,28425.088
Parcelly (United Kingdom),2023-11-16,8263,26982.293
Parcelly (United Kingdom),2023-11-17,8716,29124.958
Parcelly (United Kingdom),2023-11-18,1216,3443.346
Parcelly (United Kingdom),2023-11-19,3721,10719.379
Parcelly (United Kingdom),2023-11-20,14143,45527.227
Parcelly (United Kingdom),2023-11-21,12510,37709.263
Parcelly (United Kingdom),2023-11-22,10707,32654.034
Parcelly (United Kingdom),2023-11-23,10239,31818.866
Parcelly (United Kingdom),2023-11-24,11446,36438.495
Parcelly (United Kingdom),2023-11-25,4122,10642.498
Parcelly (United Kingdom),2023-11-26,3309,12076.131
Parcelly (United Kingdom),2023-11-27,14721,44056.729
Parcelly (United Kingdom),2023-11-28,15230,46823.778
Parcelly (United Kingdom),2023-11-29,10792,33462.495
Parcelly (United Kingdom),2023-11-30,11058,32499.831
Parcelly (United Kingdom),2023-12-01,11380,32881.964
Parcelly (United Kingdom),2023-12-02,1654,2520.147
Parcelly (United Kingdom),2023-12-03,2738,10976.414
Parcelly (United Kingdom),2023-12-04,14058,37006.3
Parcelly (United Kingdom),2023-12-05,12341,36373.566
Parcelly (United Kingdom),2023-12-06,10692,29753.597
Parcelly (United Kingdom),2023-12-07,9779,26627.42
Parcelly (United Kingdom),2023-12-08,10472,29855.147
Parcelly (United Kingdom),2023-12-09,1941,4577.749
Parcelly (United Kingdom),2023-12-10,2885,11793.499
Parcelly (United Kingdom),2023-12-11,15143,37212.197
Parcelly (United Kingdom),2023-12-12,13168,35429.485
Parcelly (United Kingdom),2023-12-13,11805,31334.41
Parcelly (United Kingdom),2023-12-14,11273,30662.406
Parcelly (United Kingdom),2023-12-15,11526,36673.925
Parcelly (United Kingdom),2023-12-16,1845,4932.623
Parcelly (United Kingdom),2023-12-17,4321,11237.82
Parcelly (United Kingdom),2023-12-18,13857,36437.458
Parcelly (United Kingdom),2023-12-19,12055,33391.737
Parcelly (United Kingdom),2023-12-20,10533,29670.221
Parcelly (United Kingdom),2023-12-21,7702,19969.085
Parcelly (United Kingdom),2023-12-22,6605,20222.576
Parcelly (United Kingdom),2023-12-23,589,938.307
Parcelly (United Kingdom),2023-12-24,149,274.876
Parcelly (United Kingdom),2023-12-25,78,92.333
Parcelly (United Kingdom),2023-12-26,2639,7594.394
Parcelly (United Kingdom),2023-12-27,9537,28010.492
Parcelly (United Kingdom),2023-12-28,9140,26235.867
Parcelly (United Kingdom),2023-12-29,8027,21180.042
Parcelly (United Kingdom),2023-12-30,703,1186.066
Parcelly (United Kingdom),2023-12-31,98,119.847
Parcelly (United Kingdom),2024-01-01,1286,4959.688
Parcelly (United Kingdom),2024-01-02,11622,31556.49
Parcelly (United Kingdom),2024-01-03,10887,29079.709
Parcelly (United Kingdom),2024-01-04,8678,25855.825
Parcelly (United Kingdom),2024-01-05,7566,22168.031
Parcelly (United Kingdom),2024-01-06,990,1804.824
Parcelly (United Kingdom),2024-01-07,2049,6564.7880000000005
Parcelly (United Kingdom),2024-01-08,11293,32887.672
Parcelly (United Kingdom),2024-01-09,9665,26301.874
Parcelly (United Kingdom),2024-01-10,8982,24680.29
Parcelly (United Kingdom),2024-01-11,7087,19313.56
Parcelly (United Kingdom),2024-01-12,7648,21873.583
Parcelly (United Kingdom),2024-01-13,764,1607.182
Parcelly (United Kingdom),2024-01-14,2031,6265.614
Parcelly (United Kingdom),2024-01-15,11272,31501.985
Parcelly (United Kingdom),2024-01-16,9731,27626.127
Parcelly (United Kingdom),2024-01-17,8393,21921.128
Parcelly (United Kingdom),2024-01-18,7411,19934.617
Parcelly (United Kingdom),2024-01-19,7547,19820.807
Parcelly (United Kingdom),2024-01-20,1233,2081.085
Parcelly (United Kingdom),2024-01-21,1797,4201.151
Parcelly (United Kingdom),2024-01-22,11842,33071.627
Parcelly (United Kingdom),2024-01-23,8707,24963.903
Parcelly (United Kingdom),2024-01-24,8493,21698.182
Parcelly (United Kingdom),2024-01-25,7707,20266.237
Parcelly (United Kingdom),2024-01-26,8241,21501.814
Parcelly (United Kingdom),2024-01-27,1297,1971.816
Parcelly (United Kingdom),2024-01-28,2104,6502.371
Parcelly (United Kingdom),2024-01-29,10481,31652.452
Parcelly (United Kingdom),2024-01-30,9412,25930.054
Parcelly (United Kingdom),2024-01-31,8056,21560.4
Parcelly (United Kingdom),2024-02-01,7556,19889.424
Parcelly (United Kingdom),2024-02-02,7021,18575.62
Parcelly (United Kingdom),2024-02-03,975,1774.238
Parcelly (United Kingdom),2024-02-04,2278,6671.594
Parcelly (United Kingdom),2024-02-05,11277,28786.037
Parcelly (United Kingdom),2024-02-06,8997,23395.112
Parcelly (United Kingdom),2024-02-07,7811,18502.151
Parcelly (United Kingdom),2024-02-08,7381,20770.324
Parcelly (United Kingdom),2024-02-09,6737,18246.789
Parcelly (United Kingdom),2024-02-10,754,1783.249
Parcelly (United Kingdom),2024-02-11,2024,5809.243
Parcelly (United Kingdom),2024-02-12,10168,28732.743
Parcelly (United Kingdom),2024-02-13,8180,22560.566
Parcelly (United Kingdom),2024-02-14,7756,20354.828
Parcelly (United Kingdom),2024-02-15,6773,18899.938
Parcelly (United Kingdom),2024-02-16,6833,18612.478
Parcelly (United Kingdom),2024-02-17,770,1607.271
Parcelly (United Kingdom),2024-02-18,2162,6507.406
Parcelly (United Kingdom),2024-02-19,11072,31617.951
Parcelly (United Kingdom),2024-02-20,8566,22883.468
Parcelly (United Kingdom),2024-02-21,7250,20710.774
Parcelly (United Kingdom),2024-02-22,7212,20043.049
Parcelly (United Kingdom),2024-02-23,7107,19824.377
Parcelly (United Kingdom),2024-02-24,1228,1700.633
Parcelly (United Kingdom),2024-02-25,1984,6140.217
Parcelly (United Kingdom),2024-02-26,10994,29513.617
Parcelly (United Kingdom),2024-02-27,9062,23491.372
Parcelly (United Kingdom),2024-02-28,8729,21284.905
Parcelly (United Kingdom),2024-02-29,8697,20903.865999999998
Parcelly (United Kingdom),2024-03-01,7777,20175.03
Parcelly (United Kingdom),2024-03-02,1379,2218.453
Parcelly (United Kingdom),2024-03-03,2219,6773.299
Parcelly (United Kingdom),2024-03-04,13012,34511.638
Parcelly (United Kingdom),2024-03-05,10109,25928.226
Parcelly (United Kingdom),2024-03-06,8246,21780.742
Parcelly (United Kingdom),2024-03-07,7681,20272.132
Parcelly (United Kingdom),2024-03-08,7048,20505.442
Parcelly (United Kingdom),2024-03-09,897,1676.729
Parcelly (United Kingdom),2024-03-10,1984,5952.394
Parcelly (United Kingdom),2024-03-11,12124,36094.953
Parcelly (United Kingdom),2024-03-12,10016,27759.94
Parcelly (United Kingdom),2024-03-13,7739,23135.963
Parcelly (United Kingdom),2024-03-14,7634,25214.468
Parcelly (United Kingdom),2024-03-15,7777,22844.212
Parcelly (United Kingdom),2024-03-16,822,1846.42
Parcelly (United Kingdom),2024-03-17,2129,6466.62
Parcelly (United Kingdom),2024-03-18,12356,37358.855
Parcelly (United Kingdom),2024-03-19,10387,29807.028
Parcelly (United Kingdom),2024-03-20,7669,22144.808
Parcelly (United Kingdom),2024-03-21,7970,23614.274
Parcelly (United Kingdom),2024-03-22,8593,23980.682
Parcelly (United Kingdom),2024-03-23,765,1345.64
Parcelly (United Kingdom),2024-03-24,1579,5140.1
Parcelly (United Kingdom),2024-03-25,11299,33393.26
Parcelly (United Kingdom),2024-03-26,11515,31246.813
Parcelly (United Kingdom),2024-03-27,8374,24170.119
Parcelly (United Kingdom),2024-03-28,8320,22328.96
Parcelly (United Kingdom),2024-03-29,6947,23030.771
Parcelly (United Kingdom),2024-03-30,748,1394.4
Parcelly (United Kingdom),2024-03-31,247,249.965
Parcelly (United Kingdom),2024-04-01,3091,10046.868
Parcelly (United Kingdom),2024-04-02,11192,29995.794
Parcelly (United Kingdom),2024-04-03,11504,30858.84
Parcelly (United Kingdom),2024-04-04,9026,23474.08
Parcelly (United Kingdom),2024-04-05,8231,24753.548
Parcelly (United Kingdom),2024-04-06,1030,2056.529
Parcelly (United Kingdom),2024-04-07,2535,7174.827
Parcelly (United Kingdom),2024-04-08,11581,32115.507
Parcelly (United Kingdom),2024-04-09,9642,25789.544
Parcelly (United Kingdom),2024-04-10,9025,25413.842
Parcelly (United Kingdom),2024-04-11,9136,26672.344
Parcelly (United Kingdom),2024-04-12,8928,25795.244
Parcelly (United Kingdom),2024-04-13,1014,2114.667
Parcelly (United Kingdom),2024-04-14,2454,7805.893
Parcelly (United Kingdom),2024-04-15,12428,31674.303
Parcelly (United Kingdom),2024-04-16,10037,26746.481
Parcelly (United Kingdom),2024-04-17,9110,26144.977
Parcelly (United Kingdom),2024-04-18,8910,20854.420000000002
Parcelly (United Kingdom),2024-04-19,7925,22903.966
Parcelly (United Kingdom),2024-04-20,932,1491.304
Parcelly (United Kingdom),2024-04-21,2350,6920.841
Parcelly (United Kingdom),2024-04-22,11944,30303.198
Parcelly (United Kingdom),2024-04-23,9648,26177.016
Parcelly (United Kingdom),2024-04-24,7473,19126.415
Parcelly (United Kingdom),2024-04-25,7244,19093.899
Parcelly (United Kingdom),2024-04-26,7525,22404.846
Parcelly (United Kingdom),2024-04-27,704,1283.547
Parcelly (United Kingdom),2024-04-28,1397,3417.007
Parcelly (United Kingdom),2024-04-29,11516,32046.576
Parcelly (United Kingdom),2024-04-30,9293,28445.036
Parcelly (United Kingdom),2024-05-01,7109,19957.183
Parcelly (United Kingdom),2024-05-02,7946,22682.026
Parcelly (United Kingdom),2024-05-03,7284,21790.116
Parcelly (United Kingdom),2024-05-04,969,1622.797
Parcelly (United Kingdom),2024-05-05,2072,6178.57
Parcelly (United Kingdom),2024-05-06,12800,34167.889
Parcelly (United Kingdom),2024-05-07,10047,28683.958
Parcelly (United Kingdom),2024-05-08,8889,25136.031
Parcelly (United Kingdom),2024-05-09,1523,2454.78
Parcelly (United Kingdom),2024-05-10,8301,23476.564
Parcelly (United Kingdom),2024-05-11,590,1458.304
Parcelly (United Kingdom),2024-05-12,2178,6438.303
Parcelly (United Kingdom),2024-05-13,11462,30569.75
Parcelly (United Kingdom),2024-05-14,10997,30278.649
Parcelly (United Kingdom),2024-05-15,8277,25359.235
Parcelly (United Kingdom),2024-05-16,7424,19242.345
Parcelly (United Kingdom),2024-05-17,7307,22103.444
Parcelly (United Kingdom),2024-05-18,804,1770.436
Parcelly (United Kingdom),2024-05-19,239,92.465
Parcelly (United Kingdom),2024-05-20,2831,8687.488
Parcelly (United Kingdom),2024-05-21,12622,35555.273
Parcelly (United Kingdom),2024-05-22,10410,30445.624
Parcelly (United Kingdom),2024-05-23,8106,24369.151
Parcelly (United Kingdom),2024-05-24,7788,27773.995
Parcelly (United Kingdom),2024-05-25,900,3039.2110000000002
Parcelly (United Kingdom),2024-05-26,1839,5746.888
Parcelly (United Kingdom),2024-05-27,8970,23719.268
Parcelly (United Kingdom),2024-05-28,9449,33615.68
Parcelly (United Kingdom),2024-05-29,8126,23723.418
Parcelly (United Kingdom),2024-05-30,8250,26331.534
Parcelly (United Kingdom),2024-05-31,8196,29362.865
Parcelly (United Kingdom),2024-06-01,1096,2508.799
Parcelly (United Kingdom),2024-06-02,2457,11969.129
Parcelly (United Kingdom),2024-06-03,11079,31685.605
Parcelly (United Kingdom),2024-06-04,9561,32689.633
Parcelly (United Kingdom),2024-06-05,8848,28560.951
Parcelly (United Kingdom),2024-06-06,7995,25310.456
Parcelly (United Kingdom),2024-06-07,7088,22652.656
Parcelly (United Kingdom),2024-06-08,888,2017.184
Parcelly (United Kingdom),2024-06-09,2532,9488.378
Parcelly (United Kingdom),2024-06-10,11312,28870.418
Parcelly (United Kingdom),2024-06-11,9920,32401.58
Parcelly (United Kingdom),2024-06-12,8828,26463.868
Parcelly (United Kingdom),2024-06-13,7168,21496.267
Parcelly (United Kingdom),2024-06-14,7039,22496.379
Parcelly (United Kingdom),2024-06-15,883,1773.19
Parcelly (United Kingdom),2024-06-16,2158,8767.373
Parcelly (United Kingdom),2024-06-17,11180,30326.372
Parcelly (United Kingdom),2024-06-18,9422,28242.96
Parcelly (United Kingdom),2024-06-19,7793,21943.756
Parcelly (United Kingdom),2024-06-20,7746,21368.148
Parcelly (United Kingdom),2024-06-21,8274,21553.448
Parcelly (United Kingdom),2024-06-22,1240,2038.205
Parcelly (United Kingdom),2024-06-23,2471,10751.574
Parcelly (United Kingdom),2024-06-24,11022,32873.851
Parcelly (United Kingdom),2024-06-25,9340,24899.739
Parcelly (United Kingdom),2024-06-26,8034,20594.92
Parcelly (United Kingdom),2024-06-27,8916,23291.794
Parcelly (United Kingdom),2024-06-28,8569,24865.744
Parcelly (United Kingdom),2024-06-29,1844,4420.659
Parcelly (United Kingdom),2024-06-30,2257,6218.204
Parcelly (United Kingdom),2024-07-01,11693,31254.077
Parcelly (United Kingdom),2024-07-02,10163,27123.163
Parcelly (United Kingdom),2024-07-03,8848,25307.526
Parcelly (United Kingdom),2024-07-04,8171,24353.94
Parcelly (United Kingdom),2024-07-05,7995,24675.251
Parcelly (United Kingdom),2024-07-06,1502,4444.512
Parcelly (United Kingdom),2024-07-07,2261,7186.077
Parcelly (United Kingdom),2024-07-08,10480,29981.957
Parcelly (United Kingdom),2024-07-09,9553,27166.306
Parcelly (United Kingdom),2024-07-10,8998,22163.794
Parcelly (United Kingdom),2024-07-11,8208,23677.058
Parcelly (United Kingdom),2024-07-12,7605,21341.753
Parcelly (United Kingdom),2024-07-13,1208,5797.516
Parcelly (United Kingdom),2024-07-14,2148,7898.052
Parcelly (United Kingdom),2024-07-15,10526,29245.559
Parcelly (United Kingdom),2024-07-16,9341,23926.198
Parcelly (United Kingdom),2024-07-17,8906,22731.352
Parcelly (United Kingdom),2024-07-18,8126,24890.434
Parcelly (United Kingdom),2024-07-19,7235,21418.462
Parcelly (United Kingdom),2024-07-20,1078,3196.238
Parcelly (United Kingdom),2024-07-21,2278,9787.808
Parcelly (United Kingdom),2024-07-22,10476,27490.875
Parcelly (United Kingdom),2024-07-23,8669,24317.428
Parcelly (United Kingdom),2024-07-24,8166,20741.797
Parcelly (United Kingdom),2024-07-25,7122,20392.326
Parcelly (United Kingdom),2024-07-26,7314,19480.094
Parcelly (United Kingdom),2024-07-27,1329,3612.357
Parcelly (United Kingdom),2024-07-28,2583,8258.17
Parcelly (United Kingdom),2024-07-29,10189,27378.403
Parcelly (United Kingdom),2024-07-30,8910,25528.698
Parcelly (United Kingdom),2024-07-31,8262,21342.784
Parcelly (United Kingdom),2024-08-01,8074,22292.126
Parcelly (United Kingdom),2024-08-02,7579,19980.668
Parcelly (United Kingdom),2024-08-03,1135,1649.492
Parcelly (United Kingdom),2024-08-04,2971,8239.149
Parcelly (United Kingdom),2024-08-05,10556,25910.257
Parcelly (United Kingdom),2024-08-06,8863,23782.295
Parcelly (United Kingdom),2024-08-07,7673,18707.868
Parcelly (United Kingdom),2024-08-08,7364,17527.342
Parcelly (United Kingdom),2024-08-09,7012,18099.91
Parcelly (United Kingdom),2024-08-10,1025,1698.033
Parcelly (United Kingdom),2024-08-11,2242,6264.449
Parcelly (United Kingdom),2024-08-12,10139,26771.624
Parcelly (United Kingdom),2024-08-13,8415,21471.014
Parcelly (United Kingdom),2024-08-14,8788,20827.144
Parcelly (United Kingdom),2024-08-15,7088,17596.097
Parcelly (United Kingdom),2024-08-16,6766,19156.424
Parcelly (United Kingdom),2024-08-17,992,1424.18
Parcelly (United Kingdom),2024-08-18,2711,6868.606
Parcelly (United Kingdom),2024-08-19,10726,27265.812
Parcelly (United Kingdom),2024-08-20,8769,21902.324
Parcelly (United Kingdom),2024-08-21,8440,21747.698
Parcelly (United Kingdom),2024-08-22,7939,22882.014
Parcelly (United Kingdom),2024-08-23,7266,19387.209
Parcelly (United Kingdom),2024-08-24,1130,2038.561
Parcelly (United Kingdom),2024-08-25,2388,6297.268
Parcelly (United Kingdom),2024-08-26,9717,24807.691
Parcelly (United Kingdom),2024-08-27,9001,22030.638
Parcelly (United Kingdom),2024-08-28,7460,19157.733
Parcelly (United Kingdom),2024-08-29,7596,19129.254
Parcelly (United Kingdom),2024-08-30,7777,22448.393
Parcelly (United Kingdom),2024-08-31,1434,2468.272
Parcelly (United Kingdom),2024-09-01,2908,9606.584
Parcelly (United Kingdom),2024-09-02,10384,28107.143
Parcelly (United Kingdom),2024-09-03,10088,27270.142
Parcelly (United Kingdom),2024-09-04,9364,22903.017
Parcelly (United Kingdom),2024-09-05,8382,20455.533
Parcelly (United Kingdom),2024-09-06,8165,20487.342
Parcelly (United Kingdom),2024-09-07,1421,2612.098
Parcelly (United Kingdom),2024-09-08,3537,9704.622
Parcelly (United Kingdom),2024-09-09,11748,28302.07
Parcelly (United Kingdom),2024-09-10,9969,25796.836
Parcelly (United Kingdom),2024-09-11,9747,22205.353
Parcelly (United Kingdom),2024-09-12,8177,23135.501
Parcelly (United Kingdom),2024-09-13,8227,21774.52
Parcelly (United Kingdom),2024-09-14,1280,2124.341
Parcelly (United Kingdom),2024-09-15,2761,8317.35
Parcelly (United Kingdom),2024-09-16,11714,31126.311
Parcelly (United Kingdom),2024-09-17,10823,31402.411
Parcelly (United Kingdom),2024-09-18,8945,24061.729
Parcelly (United Kingdom),2024-09-19,7776,22263.26
Parcelly (United Kingdom),2024-09-20,6876,19862.423
Parcelly (United Kingdom),2024-09-21,1096,1754.402
Parcelly (United Kingdom),2024-09-22,2985,8845.29
Parcelly (United Kingdom),2024-09-23,9972,27202.211
Parcelly (United Kingdom),2024-09-24,9741,25983.768
Parcelly (United Kingdom),2024-09-25,8699,22564.8
Parcelly (United Kingdom),2024-09-26,9013,24210.262
Parcelly (United Kingdom),2024-09-27,8061,22184.932
Parcelly (United Kingdom),2024-09-28,1340,2226.258
Parcelly (United Kingdom),2024-09-29,2461,6432.716
Parcelly (United Kingdom),2024-09-30,10729,26825.038
Parcelly (United Kingdom),2024-10-01,9834,24296.791
Parcelly (United Kingdom),2024-10-02,9483,23374.48
Parcelly (United Kingdom),2024-10-03,9502,26600.373
Parcelly (United Kingdom),2024-10-04,8867,22108.769
Parcelly (United Kingdom),2024-10-05,1717,2385.024
Parcelly (United Kingdom),2024-10-06,2615,7599.309
Parcelly (United Kingdom),2024-10-07,12774,36301.542
Parcelly (United Kingdom),2024-10-08,10433,25256.411
Parcelly (United Kingdom),2024-10-09,9744,25205.429
Parcelly (United Kingdom),2024-10-10,9790,27810.892
Parcelly (United Kingdom),2024-10-11,7854,21845.11
Parcelly (United Kingdom),2024-10-12,1387,2461.053
Parcelly (United Kingdom),2024-10-13,2765,7326.234
Parcelly (United Kingdom),2024-10-14,11709,29908.614
Parcelly (United Kingdom),2024-10-15,10544,27689.79
Parcelly (United Kingdom),2024-10-16,9315,25146.397
Parcelly (United Kingdom),2024-10-17,7519,20471.318
Parcelly (United Kingdom),2024-10-18,7573,21305.647
Parcelly (United Kingdom),2024-10-19,1402,2047.146
Parcelly (United Kingdom),2024-10-20,2599,7370.098
Parcelly (United Kingdom),2024-10-21,12302,31850.894
Parcelly (United Kingdom),2024-10-22,9619,24730.594
Parcelly (United Kingdom),2024-10-23,8751,21873.443
Parcelly (United Kingdom),2024-10-24,7782,19432.875
Parcelly (United Kingdom),2024-10-25,7401,21221.404
Parcelly (United Kingdom),2024-10-26,1210,2010.347
Parcelly (United Kingdom),2024-10-27,2092,6994.799
Parcelly (United Kingdom),2024-10-28,12167,31069.843
Parcelly (United Kingdom),2024-10-29,9537,25956.806
Parcelly (United Kingdom),2024-10-30,8644,21716.539
Parcelly (United Kingdom),2024-10-31,8273,23478.846
Parcelly (United Kingdom),2024-11-01,7705,21105.955
Parcelly (United Kingdom),2024-11-02,1505,2806.579
Parcelly (United Kingdom),2024-11-03,2726,7000.707
Parcelly (United Kingdom),2024-11-04,13206,33864.524
Parcelly (United Kingdom),2024-11-05,10948,27743.099
Parcelly (United Kingdom),2024-11-06,9479,22044.585
Parcelly (United Kingdom),2024-11-07,8301,22640.642
Parcelly (United Kingdom),2024-11-08,8470,22620.275
Parcelly (United Kingdom),2024-11-09,2458,4284.534
Parcelly (United Kingdom),2024-11-10,3058,6768.659
Parcelly (United Kingdom),2024-11-11,13850,34360.72
Parcelly (United Kingdom),2024-11-12,10965,28388.154
Parcelly (United Kingdom),2024-11-13,9799,23907.371
Parcelly (United Kingdom),2024-11-14,8654,21989.837
Parcelly (United Kingdom),2024-11-15,8522,21596.688
Parcelly (United Kingdom),2024-11-16,1809,3168.15
Parcelly (United Kingdom),2024-11-17,3419,5581.292
Parcelly (United Kingdom),2024-11-18,13715,32530.745
Parcelly (United Kingdom),2024-11-19,11474,30462.328
Parcelly (United Kingdom),2024-11-20,10427,24941.13
Parcelly (United Kingdom),2024-11-21,9682,22402.36
Parcelly (United Kingdom),2024-11-22,10113,24173.837
Parcelly (United Kingdom),2024-11-23,3487,6122.112
Parcelly (United Kingdom),2024-11-24,4917,11016.722
Parcelly (United Kingdom),2024-11-25,16865,39651.295
Parcelly (United Kingdom),2024-11-26,13426,31263.953
Parcelly (United Kingdom),2024-11-27,12863,31351.649
Parcelly (United Kingdom),2024-11-28,12086,28537.857
Parcelly (United Kingdom),2024-11-29,15770,37598.299
Parcelly (United Kingdom),2024-11-30,5916,10686.599
Parcelly (United Kingdom),2024-12-01,7224,14945.319
Parcelly (United Kingdom),2024-12-02,18216,41641.535
Parcelly (United Kingdom),2024-12-03,15896,40589.767
Parcelly (United Kingdom),2024-12-04,13664,32989.431
Parcelly (United Kingdom),2024-12-05,13218,33126.656
Parcelly (United Kingdom),2024-12-06,13610,34705.48
Parcelly (United Kingdom),2024-12-07,3401,5251.786
Parcelly (United Kingdom),2024-12-08,5177,12642.62
Parcelly (United Kingdom),2024-12-09,15889,36442.509
Parcelly (United Kingdom),2024-12-10,13006,34052.283
Parcelly (United Kingdom),2024-12-11,13544,33247.157
Parcelly (United Kingdom),2024-12-12,13344,31500.763
Parcelly (United Kingdom),2024-12-13,12711,29784.101
Parcelly (United Kingdom),2024-12-14,2641,4507.572
Parcelly (United Kingdom),2024-12-15,5012,13709.755
Parcelly (United Kingdom),2024-12-16,17645,42434.776
Parcelly (United Kingdom),2024-12-17,13799,37429.106999999996
Parcelly (United Kingdom),2024-12-18,12883,31007.691
Parcelly (United Kingdom),2024-12-19,10021,25168.717
Parcelly (United Kingdom),2024-12-20,8404,20355.657
Parcelly (United Kingdom),2024-12-21,1445,1890.827
Parcelly (United Kingdom),2024-12-22,2604,5816.611
Parcelly (United Kingdom),2024-12-23,9642,22942.811
Parcelly (United Kingdom),2024-12-24,5745,14638.121
Parcelly (United Kingdom),2024-12-25,661,417.844
Parcelly (United Kingdom),2024-12-26,1623,2361.705
Parcelly (United Kingdom),2024-12-27,9311,23185.537
Parcelly (United Kingdom),2024-12-28,2021,3412.639
Parcelly (United Kingdom),2024-12-29,3021,8118.268
Parcelly (United Kingdom),2024-12-30,11022,27127.113
Parcelly (United Kingdom),2024-12-31,7204,17522.164
Parcelly (United Kingdom),2025-01-01,484,146.098
Parcelly (United Kingdom),2025-01-02,9359,23261.392
Parcelly (United Kingdom),2025-01-03,8902,20798.482
Parcelly (United Kingdom),2025-01-04,2057,4417.222
Parcelly (United Kingdom),2025-01-05,2797,5386.488
Parcelly (United Kingdom),2025-01-06,11612,28506.769
Parcelly (United Kingdom),2025-01-07,10356,26439.587
Parcelly (United Kingdom),2025-01-08,8734,23822.298
Parcelly (United Kingdom),2025-01-09,8199,22662.865
Parcelly (United Kingdom),2025-01-10,8178,20227.202
Parcelly (United Kingdom),2025-01-11,2378,2415.326
Parcelly (United Kingdom),2025-01-12,2840,6663.751
Parcelly (United Kingdom),2025-01-13,11882,28211.546
Parcelly (United Kingdom),2025-01-14,9360,22761.419
Parcelly (United Kingdom),2025-01-15,8011,20100.926
Parcelly (United Kingdom),2025-01-16,7474,17953.041
Parcelly (United Kingdom),2025-01-17,7579,19935.834
Parcelly (United Kingdom),2025-01-18,1614,2140.19
Parcelly (United Kingdom),2025-01-19,2890,6984.792
Parcelly (United Kingdom),2025-01-20,11494,26365.235
Parcelly (United Kingdom),2025-01-21,9346,22615.453
Parcelly (United Kingdom),2025-01-22,8117,19869.025
Parcelly (United Kingdom),2025-01-23,6772,16686.366
Parcelly (United Kingdom),2025-01-24,6882,18668.457
Parcelly (United Kingdom),2025-01-25,1658,3897.066
Parcelly (United Kingdom),2025-01-26,2940,5494.765
Parcelly (United Kingdom),2025-01-27,10829,26852.87
Parcelly (United Kingdom),2025-01-28,9029,25354.827
Parcelly (United Kingdom),2025-01-29,7976,19334.456
Parcelly (United Kingdom),2025-01-30,7367,16506.375
Parcelly (United Kingdom),2025-01-31,8065,22374.494
Parcelly (United Kingdom),2025-02-01,1708,2610.654
Parcelly (United Kingdom),2025-02-02,2640,4057.467
Parcelly (United Kingdom),2025-02-03,11597,29840.884000000002
Parcelly (United Kingdom),2025-02-04,8803,21507.174
Parcelly (United Kingdom),2025-02-05,7745,19886.696
Parcelly (United Kingdom),2025-02-06,6946,17207.702
Parcelly (United Kingdom),2025-02-07,7684,18966.808
Parcelly (United Kingdom),2025-02-08,1559,2815.306
Parcelly (United Kingdom),2025-02-09,2647,6726.247
Parcelly (United Kingdom),2025-02-10,11333,26774.166
Parcelly (United Kingdom),2025-02-11,9689,25348.619
Parcelly (United Kingdom),2025-02-12,7551,18925.433
Parcelly (United Kingdom),2025-02-13,7448,17988.97
Parcelly (United Kingdom),2025-02-14,6885,18309.353
Parcelly (United Kingdom),2025-02-15,1412,2204.233
Parcelly (United Kingdom),2025-02-16,2733,6805.281
Parcelly (United Kingdom),2025-02-17,11228,30308.294
Parcelly (United Kingdom),2025-02-18,9055,23366.806
Parcelly (United Kingdom),2025-02-19,7340,19453.243
Parcelly (United Kingdom),2025-02-20,6923,17250.371
Parcelly (United Kingdom),2025-02-21,6516,21190.698
Parcelly (United Kingdom),2025-02-22,1340,2832.131
Parcelly (United Kingdom),2025-02-23,2707,7702.206
Parcelly (United Kingdom),2025-02-24,9965,25614.976
Parcelly (United Kingdom),2025-02-25,7907,22747.295000000002
Parcelly (United Kingdom),2025-02-26,8301,22282.545
Parcelly (United Kingdom),2025-02-27,7424,17678.953
Parcelly (United Kingdom),2025-02-28,7497,19924.671
Parcelly (United Kingdom),2025-03-01,1402,3074.345
Parcelly (United Kingdom),2025-03-02,2702,5750.183
Parcelly (United Kingdom),2025-03-03,12248,31098.319
Parcelly (United Kingdom),2025-03-04,9687,27731.253
Parcelly (United Kingdom),2025-03-05,8862,22807.202
Parcelly (United Kingdom),2025-03-06,8139,19932.16
Parcelly (United Kingdom),2025-03-07,7646,22041.472
Parcelly (United Kingdom),2025-03-08,1140,1877.975
Parcelly (United Kingdom),2025-03-09,2840,10804.392
Parcelly (United Kingdom),2025-03-10,12475,32888.548
Parcelly (United Kingdom),2025-03-11,9620,28969.974
Parcelly (United Kingdom),2025-03-12,8819,25072.14
Parcelly (United Kingdom),2025-03-13,7720,21468.293
Parcelly (United Kingdom),2025-03-14,7700,21069.869
Parcelly (United Kingdom),2025-03-15,1242,1900.11
Parcelly (United Kingdom),2025-03-16,2898,10632.978000000001
Parcelly (United Kingdom),2025-03-17,12584,31671.818
Parcelly (United Kingdom),2025-03-18,9311,27197.81
Parcelly (United Kingdom),2025-03-19,8713,26531.907
Parcelly (United Kingdom),2025-03-20,7823,23758.687
Parcelly (United Kingdom),2025-03-21,7333,21649.032
Parcelly (United Kingdom),2025-03-22,1142,3134.617
Parcelly (United Kingdom),2025-03-23,3744,9872.4
Parcelly (United Kingdom),2025-03-24,11070,29930.783
Parcelly (United Kingdom),2025-03-25,9702,30986.995
Parcelly (United Kingdom),2025-03-26,8040,21600.426
Parcelly (United Kingdom),2025-03-27,7581,19319.281
Parcelly (United Kingdom),2025-03-28,7638,21980.081
Parcelly (United Kingdom),2025-03-29,1315,2262.859
Parcelly (United Kingdom),2025-03-30,3158,8061.157
Parcelly (United Kingdom),2025-03-31,11639,28924.188
Parcelly (United Kingdom),2025-04-01,9700,26217.941
Parcelly (United Kingdom),2025-04-02,8681,23273.322
Parcelly (United Kingdom),2025-04-03,7799,21368.278
Parcelly (United Kingdom),2025-04-04,7670,21151.815
Parcelly (United Kingdom),2025-04-05,1344,2676.885
Parcelly (United Kingdom),2025-04-06,3025,8487.322
Parcelly (United Kingdom),2025-04-07,11555,27431.599
Parcelly (United Kingdom),2025-04-08,9671,24939.681
Parcelly (United Kingdom),2025-04-09,8113,22326.472
Parcelly (United Kingdom),2025-04-10,7485,18855.279
Parcelly (United Kingdom),2025-04-11,7340,22154.811
Parcelly (United Kingdom),2025-04-12,1202,3274.013
Parcelly (United Kingdom),2025-04-13,2978,10754.505
Parcelly (United Kingdom),2025-04-14,11938,29399.293
Parcelly (United Kingdom),2025-04-15,1087,4187.189
